x,y,u,v,p
0,0,0,0,-0.0200039
0.01,0,0,0,-0.0200039
0.02,0,0,0,-0.0200136
0.03,0,0,0,-0.0200602
0.04,0,0,0,-0.0201366
0.05,0,0,0,-0.0202381
0.06,0,0,0,-0.0203593
0.07,0,0,0,-0.0204949
0.08,0,0,0,-0.02064
0.09,0,0,0,-0.0207903
0.1,0,0,0,-0.0209421
0.11,0,0,0,-0.0210924
0.12,0,0,0,-0.0212384
0.13,0,0,0,-0.021378
0.14,0,0,0,-0.0215093
0.15,0,0,0,-0.0216309
0.16,0,0,0,-0.0217416
0.17,0,0,0,-0.0218404
0.18,0,0,0,-0.0219265
0.19,0,0,0,-0.0219993
0.2,0,0,0,-0.0220583
0.21,0,0,0,-0.0221032
0.22,0,0,0,-0.0221336
0.23,0,0,0,-0.0221493
0.24,0,0,0,-0.0221502
0.25,0,0,0,-0.0221362
0.26,0,0,0,-0.0221071
0.27,0,0,0,-0.022063
0.28,0,0,0,-0.0220036
0.29,0,0,0,-0.0219291
0.3,0,0,0,-0.0218395
0.31,0,0,0,-0.0217346
0.32,0,0,0,-0.0216147
0.33,0,0,0,-0.0214797
0.34,0,0,0,-0.0213298
0.35,0,0,0,-0.021165
0.36,0,0,0,-0.0209856
0.37,0,0,0,-0.0207916
0.38,0,0,0,-0.0205835
0.39,0,0,0,-0.0203614
0.4,0,0,0,-0.0201258
0.41,0,0,0,-0.0198771
0.42,0,0,0,-0.0196158
0.43,0,0,0,-0.0193424
0.44,0,0,0,-0.0190577
0.45,0,0,0,-0.0187624
0.46,0,0,0,-0.0184573
0.47,0,0,0,-0.0181434
0.48,0,0,0,-0.0178216
0.49,0,0,0,-0.017493
0.5,0,0,0,-0.017159
0.51,0,0,0,-0.0168206
0.52,0,0,0,-0.0164794
0.53,0,0,0,-0.0161367
0.54,0,0,0,-0.0157941
0.55,0,0,0,-0.015453
0.56,0,0,0,-0.0151152
0.57,0,0,0,-0.0147822
0.58,0,0,0,-0.0144558
0.59,0,0,0,-0.0141377
0.6,0,0,0,-0.0138296
0.61,0,0,0,-0.0135331
0.62,0,0,0,-0.01325
0.63,0,0,0,-0.0129818
0.64,0,0,0,-0.0127301
0.65,0,0,0,-0.0124963
0.66,0,0,0,-0.0122818
0.67,0,0,0,-0.0120879
0.68,0,0,0,-0.0119157
0.69,0,0,0,-0.0117661
0.7,0,0,0,-0.01164
0.71,0,0,0,-0.0115379
0.72,0,0,0,-0.0114604
0.73,0,0,0,-0.0114076
0.74,0,0,0,-0.0113795
0.75,0,0,0,-0.011376
0.76,0,0,0,-0.0113966
0.77,0,0,0,-0.0114408
0.78,0,0,0,-0.0115075
0.79,0,0,0,-0.0115958
0.8,0,0,0,-0.0117042
0.81,0,0,0,-0.0118313
0.82,0,0,0,-0.0119751
0.83,0,0,0,-0.0121338
0.84,0,0,0,-0.0123051
0.85,0,0,0,-0.0124866
0.86,0,0,0,-0.0126757
0.87,0,0,0,-0.0128694
0.88,0,0,0,-0.0130649
0.89,0,0,0,-0.0132589
0.9,0,0,0,-0.013448
0.91,0,0,0,-0.0136287
0.92,0,0,0,-0.0137971
0.93,0,0,0,-0.0139495
0.94,0,0,0,-0.014082
0.95,0,0,0,-0.0141907
0.96,0,0,0,-0.0142722
0.97,0,0,0,-0.0143244
0.98,0,0,0,-0.0143466
0.99,0,0,0,-0.0143358
1,0,0,0,-0.0143358
0,0.01,0,0,-0.0200039
0.01,0.01,1.52994e-05,-1.52713e-05,-0.0200039
0.02,0.01,3.61184e-05,-2.01023e-05,-0.0200136
0.03,0.01,5.6879e-05,-1.63404e-05,-0.0200602
0.04,0.01,6.76236e-05,-6.93197e-06,-0.0201366
0.05,0.01,6.35996e-05,5.81339e-06,-0.0202381
0.06,0.01,4.2089e-05,2.02746e-05,-0.0203593
0.07,0.01,1.78239e-06,3.538e-05,-0.0204949
0.08,0.01,-5.76361e-05,5.04405e-05,-0.02064
0.09,0.01,-0.000135837,6.50201e-05,-0.0207903
0.1,0.01,-0.000232072,7.88494e-05,-0.0209421
0.11,0.01,-0.000345327,9.17682e-05,-0.0210924
0.12,0.01,-0.000474428,0.000103689,-0.0212384
0.13,0.01,-0.000618115,0.000114575,-0.021378
0.14,0.01,-0.00077509,0.000124419,-0.0215093
0.15,0.01,-0.000944056,0.000133238,-0.0216309
0.16,0.01,-0.00112374,0.000141063,-0.0217416
0.17,0.01,-0.0013129,0.000147933,-0.0218404
0.18,0.01,-0.00151035,0.000153893,-0.0219265
0.19,0.01,-0.00171495,0.00015899,-0.0219993
0.2,0.01,-0.00192562,0.000163268,-0.0220583
0.21,0.01,-0.00214133,0.000166773,-0.0221032
0.22,0.01,-0.00236112,0.000169547,-0.0221336
0.23,0.01,-0.00258404,0.000171625,-0.0221493
0.24,0.01,-0.00280923,0.000173043,-0.0221502
0.25,0.01,-0.00303582,0.000173829,-0.0221362
0.26,0.01,-0.00326302,0.000174008,-0.0221071
0.27,0.01,-0.00349004,0.000173599,-0.022063
0.28,0.01,-0.00371612,0.000172619,-0.0220036
0.29,0.01,-0.00394051,0.000171078,-0.0219291
0.3,0.01,-0.00416248,0.000168985,-0.0218395
0.31,0.01,-0.00438131,0.000166345,-0.0217346
0.32,0.01,-0.00459629,0.000163159,-0.0216147
0.33,0.01,-0.00480669,0.000159427,-0.0214797
0.34,0.01,-0.00501181,0.000155147,-0.0213298
0.35,0.01,-0.00521091,0.000150316,-0.021165
0.36,0.01,-0.00540328,0.000144931,-0.0209856
0.37,0.01,-0.00558819,0.000138988,-0.0207916
0.38,0.01,-0.00576491,0.000132484,-0.0205835
0.39,0.01,-0.00593271,0.000125419,-0.0203614
0.4,0.01,-0.00609087,0.000117791,-0.0201258
0.41,0.01,-0.00623865,0.000109606,-0.0198771
0.42,0.01,-0.00637533,0.000100867,-0.0196158
0.43,0.01,-0.00650022,9.15848e-05,-0.0193424
0.44,0.01,-0.00661261,8.17718e-05,-0.0190577
0.45,0.01,-0.00671183,7.14454e-05,-0.0187624
0.46,0.01,-0.00679724,6.06276e-05,-0.0184573
0.47,0.01,-0.00686822,4.93451e-05,-0.0181434
0.48,0.01,-0.0069242,3.763e-05,-0.0178216
0.49,0.01,-0.00696466,2.55195e-05,-0.017493
0.5,0.01,-0.00698911,1.30565e-05,-0.017159
0.51,0.01,-0.00699714,2.8912e-07,-0.0168206
0.52,0.01,-0.0069884,-1.27287e-05,-0.0164794
0.53,0.01,-0.00696261,-2.5938e-05,-0.0161367
0.54,0.01,-0.00691958,-3.92745e-05,-0.0157941
0.55,0.01,-0.00685919,-5.2669e-05,-0.015453
0.56,0.01,-0.00678144,-6.60477e-05,-0.0151152
0.57,0.01,-0.00668639,-7.9333e-05,-0.0147822
0.58,0.01,-0.00657423,-9.24435e-05,-0.0144558
0.59,0.01,-0.00644525,-0.000105295,-0.0141377
0.6,0.01,-0.00629985,-0.000117801,-0.0138296
0.61,0.01,-0.00613854,-0.000129873,-0.0135331
0.62,0.01,-0.00596194,-0.000141422,-0.01325
0.63,0.01,-0.00577079,-0.00015236,-0.0129818
0.64,0.01,-0.00556595,-0.000162599,-0.0127301
0.65,0.01,-0.00534836,-0.000172054,-0.0124963
0.66,0.01,-0.0051191,-0.000180642,-0.0122818
0.67,0.01,-0.00487935,-0.000188284,-0.0120879
0.68,0.01,-0.00463036,-0.000194907,-0.0119157
0.69,0.01,-0.00437351,-0.000200443,-0.0117661
0.7,0.01,-0.00411022,-0.000204831,-0.01164
0.71,0.01,-0.00384202,-0.000208017,-0.0115379
0.72,0.01,-0.00357048,-0.000209958,-0.0114604
0.73,0.01,-0.00329723,-0.000210616,-0.0114076
0.74,0.01,-0.00302393,-0.000209966,-0.0113795
0.75,0.01,-0.00275228,-0.000207992,-0.011376
0.76,0.01,-0.00248398,-0.00020469,-0.0113966
0.77,0.01,-0.00222074,-0.000200066,-0.0114408
0.78,0.01,-0.00196424,-0.000194138,-0.0115075
0.79,0.01,-0.00171613,-0.000186934,-0.0115958
0.8,0.01,-0.00147804,-0.000178496,-0.0117042
0.81,0.01,-0.0012515,-0.000168876,-0.0118313
0.82,0.01,-0.00103799,-0.00015814,-0.0119751
0.83,0.01,-0.000838891,-0.000146364,-0.0121338
0.84,0.01,-0.00065547,-0.000133639,-0.0123051
0.85,0.01,-0.000488873,-0.000120067,-0.0124866
0.86,0.01,-0.000340098,-0.000105767,-0.0126757
0.87,0.01,-0.00020998,-9.08754e-05,-0.0128694
0.88,0.01,-9.9162e-05,-7.55473e-05,-0.0130649
0.89,0.01,-8.07024e-06,-5.99655e-05,-0.0132589
0.9,0.01,6.31261e-05,-4.43468e-05,-0.013448
0.91,0.01,0.000114561,-2.89549e-05,-0.0136287
0.92,0.01,0.00014674,-1.41198e-05,-0.0137971
0.93,0.01,0.000160622,-2.65686e-07,-0.0139495
0.94,0.01,0.000157753,1.20471e-05,-0.014082
0.95,0.01,0.000140429,2.20656e-05,-0.0141907
0.96,0.01,0.000111962,2.87775e-05,-0.0142722
0.97,0.01,7.68667e-05,3.08832e-05,-0.0143244
0.98,0.01,4.11413e-05,2.68967e-05,-0.0143466
0.99,0.01,1.56523e-05,1.56595e-05,-0.0143358
1,0.01,0,0,-0.0143358
0,0.02,0,0,-0.0199942
0.01,0.02,2.02224e-05,-3.61238e-05,-0.0199942
0.02,0.02,4.41374e-05,-4.39575e-05,-0.0200039
0.03,0.02,6.22672e-05,-3.1426e-05,-0.0200464
0.04,0.02,6.10841e-05,-5.47606e-06,-0.0201132
0.05,0.02,3.33618e-05,2.86198e-05,-0.0202007
0.06,0.02,-2.54144e-05,6.70871e-05,-0.0203049
0.07,0.02,-0.000117657,0.000107341,-0.0204218
0.08,0.02,-0.00024419,0.000147645,-0.0205474
0.09,0.02,-0.00040472,0.000186851,-0.0206782
0.1,0.02,-0.00059817,0.000224216,-0.020811
0.11,0.02,-0.000822938,0.000259276,-0.0209429
0.12,0.02,-0.00107707,0.000291759,-0.0210717
0.13,0.02,-0.00135841,0.000321529,-0.0211953
0.14,0.02,-0.00166468,0.000348541,-0.021312
0.15,0.02,-0.00199357,0.000372812,-0.0214203
0.16,0.02,-0.00234275,0.000394405,-0.021519
0.17,0.02,-0.00270998,0.000413409,-0.0216072
0.18,0.02,-0.00309302,0.00042993,-0.021684
0.19,0.02,-0.00348977,0.000444081,-0.0217488
0.2,0.02,-0.00389818,0.000455978,-0.021801
0.21,0.02,-0.00431629,0.000465733,-0.0218403
0.22,0.02,-0.00474223,0.000473453,-0.0218663
0.23,0.02,-0.00517422,0.000479237,-0.0218788
0.24,0.02,-0.00561054,0.00048317,-0.0218775
0.25,0.02,-0.00604955,0.000485331,-0.0218622
0.26,0.02,-0.00648966,0.000485784,-0.0218329
0.27,0.02,-0.00692934,0.000484582,-0.0217895
0.28,0.02,-0.00736708,0.000481769,-0.0217318
0.29,0.02,-0.00780144,0.000477377,-0.0216599
0.3,0.02,-0.00823095,0.000471427,-0.0215738
0.31,0.02,-0.00865422,0.000463934,-0.0214734
0.32,0.02,-0.00906982,0.000454906,-0.0213588
0.33,0.02,-0.00947635,0.000444342,-0.02123
0.34,0.02,-0.00987241,0.000432241,-0.0210871
0.35,0.02,-0.0102566,0.000418597,-0.0209303
0.36,0.02,-0.0106275,0.000403402,-0.0207597
0.37,0.02,-0.0109837,0.000386652,-0.0205756
0.38,0.02,-0.0113238,0.000368341,-0.020378
0.39,0.02,-0.0116465,0.000348469,-0.0201674
0.4,0.02,-0.0119502,0.00032704,-0.0199442
0.41,0.02,-0.0122336,0.000304067,-0.0197087
0.42,0.02,-0.0124954,0.000279568,-0.0194614
0.43,0.02,-0.0127342,0.000253572,-0.0192029
0.44,0.02,-0.0129487,0.000226119,-0.0189338
0.45,0.02,-0.0131376,0.000197258,-0.0186548
0.46,0.02,-0.0132998,0.000167055,-0.0183668
0.47,0.02,-0.013434,0.000135584,-0.0180706
0.48,0.02,-0.0135392,0.000102938,-0.0177672
0.49,0.02,-0.0136145,6.92207e-05,-0.0174576
0.5,0.02,-0.0136589,3.4553e-05,-0.0171429
0.51,0.02,-0.0136718,-9.307e-07,-0.0168243
0.52,0.02,-0.0136524,-3.70808e-05,-0.0165032
0.53,0.02,-0.0136004,-7.37334e-05,-0.0161809
0.54,0.02,-0.0135152,-0.000110711,-0.0158587
0.55,0.02,-0.0133969,-0.000147822,-0.0155381
0.56,0.02,-0.0132454,-0.000184865,-0.0152207
0.57,0.02,-0.0130609,-0.000221625,-0.0149079
0.58,0.02,-0.0128437,-0.000257879,-0.0146015
0.59,0.02,-0.0125945,-0.000293396,-0.0143028
0.6,0.02,-0.012314,-0.00032794,-0.0140136
0.61,0.02,-0.0120032,-0.00036127,-0.0137353
0.62,0.02,-0.0116634,-0.000393144,-0.0134695
0.63,0.02,-0.011296,-0.000423319,-0.0132177
0.64,0.02,-0.0109025,-0.000451558,-0.0129814
0.65,0.02,-0.0104849,-0.000477627,-0.0127617
0.66,0.02,-0.0100451,-0.000501303,-0.0125601
0.67,0.02,-0.00958546,-0.000522372,-0.0123776
0.68,0.02,-0.00910826,-0.000540633,-0.0122153
0.69,0.02,-0.00861612,-0.000555905,-0.012074
0.7,0.02,-0.00811176,-0.00056802,-0.0119544
0.71,0.02,-0.00759804,-0.000576835,-0.0118572
0.72,0.02,-0.00707791,-0.00058223,-0.0117825
0.73,0.02,-0.00655445,-0.000584107,-0.0117308
0.74,0.02,-0.00603078,-0.000582399,-0.0117019
0.75,0.02,-0.00551008,-0.000577063,-0.0116956
0.76,0.02,-0.00499555,-0.000568088,-0.0117115
0.77,0.02,-0.00449039,-0.000555494,-0.0117489
0.78,0.02,-0.00399776,-0.000539331,-0.0118071
0.79,0.02,-0.00352075,-0.000519682,-0.011885
0.8,0.02,-0.00306237,-0.000496661,-0.0119812
0.81,0.02,-0.00262551,-0.000470417,-0.0120944
0.82,0.02,-0.00221291,-0.00044113,-0.0122228
0.83,0.02,-0.00182713,-0.000409018,-0.0123645
0.84,0.02,-0.00147052,-0.000374331,-0.0125176
0.85,0.02,-0.00114518,-0.000337361,-0.0126796
0.86,0.02,-0.000852931,-0.000298439,-0.0128483
0.87,0.02,-0.000595265,-0.000257948,-0.013021
0.88,0.02,-0.000373307,-0.000216326,-0.0131949
0.89,0.02,-0.000187758,-0.000174082,-0.0133672
0.9,0.02,-3.88224e-05,-0.000131817,-0.0135347
0.91,0.02,7.38713e-05,-9.02557e-05,-0.0136945
0.92,0.02,0.000151382,-5.0284e-05,-0.0138432
0.93,0.02,0.000195595,-1.30155e-05,-0.0139776
0.94,0.02,0.000209396,2.01262e-05,-0.0140945
0.95,0.02,0.000196893,4.72982e-05,-0.014191
0.96,0.02,0.000163717,6.61166e-05,-0.0142643
0.97,0.02,0.000117178,7.36021e-05,-0.0143129
0.98,0.02,6.63507e-05,6.63267e-05,-0.014336
0.99,0.02,2.68863e-05,4.11178e-05,-0.014325
1,0.02,0,0,-0.014325
0,0.03,0,0,-0.0199474
0.01,0.03,1.65786e-05,-5.70468e-05,-0.0199474
0.02,0.03,3.18296e-05,-6.21599e-05,-0.0199616
0.03,0.03,3.23491e-05,-3.19648e-05,-0.0200043
0.04,0.03,3.96057e-06,2.20321e-05,-0.0200682
0.05,0.03,-6.16912e-05,9.09987e-05,-0.0201502
0.06,0.03,-0.000170018,0.00016839,-0.0202468
0.07,0.03,-0.000324046,0.000249527,-0.0203544
0.08,0.03,-0.000524932,0.00033112,-0.0204697
0.09,0.03,-0.00077244,0.000410891,-0.0205896
0.1,0.03,-0.00106531,0.000487302,-0.0207114
0.11,0.03,-0.00140155,0.000559343,-0.0208325
0.12,0.03,-0.00177867,0.000626385,-0.0209508
0.13,0.03,-0.00219384,0.000688075,-0.0210645
0.14,0.03,-0.00264404,0.000744254,-0.0211718
0.15,0.03,-0.00312614,0.000794902,-0.0212715
0.16,0.03,-0.003637,0.000840095,-0.0213623
0.17,0.03,-0.00417348,0.000879973,-0.0214434
0.18,0.03,-0.00473251,0.000914719,-0.021514
0.19,0.03,-0.00531112,0.000944537,-0.0215734
0.2,0.03,-0.0059064,0.000969641,-0.021621
0.21,0.03,-0.00651558,0.000990243,-0.0216565
0.22,0.03,-0.00713597,0.00100655,-0.0216795
0.23,0.03,-0.00776501,0.00101874,-0.0216897
0.24,0.03,-0.0084002,0.001027,-0.0216868
0.25,0.03,-0.00903916,0.00103148,-0.0216708
0.26,0.03,-0.00967957,0.0010323,-0.0216415
0.27,0.03,-0.0103192,0.00102958,-0.0215987
0.28,0.03,-0.0109558,0.0010234,-0.0215424
0.29,0.03,-0.0115872,0.00101382,-0.0214725
0.3,0.03,-0.0122114,0.0010009,-0.0213891
0.31,0.03,-0.0128263,0.000984675,-0.021292
0.32,0.03,-0.0134297,0.000965154,-0.0211814
0.33,0.03,-0.0140197,0.000942349,-0.0210573
0.34,0.03,-0.0145941,0.000916259,-0.0209197
0.35,0.03,-0.0151509,0.000886878,-0.0207688
0.36,0.03,-0.0156881,0.0008542,-0.0206047
0.37,0.03,-0.0162036,0.00081822,-0.0204277
0.38,0.03,-0.0166954,0.000778935,-0.0202379
0.39,0.03,-0.0171614,0.000736354,-0.0200356
0.4,0.03,-0.0175997,0.000690495,-0.0198213
0.41,0.03,-0.0180083,0.00064139,-0.0195952
0.42,0.03,-0.0183851,0.000589087,-0.019358
0.43,0.03,-0.0187284,0.000533656,-0.01911
0.44,0.03,-0.0190362,0.000475185,-0.018852
0.45,0.03,-0.0193067,0.000413791,-0.0185845
0.46,0.03,-0.0195382,0.000349612,-0.0183085
0.47,0.03,-0.0197292,0.000282816,-0.0180246
0.48,0.03,-0.0198782,0.000213599,-0.0177339
0.49,0.03,-0.0199837,0.000142189,-0.0174374
0.5,0.03,-0.0200446,6.8839e-05,-0.017136
0.51,0.03,-0.0200599,-6.16298e-06,-0.016831
0.52,0.03,-0.0200287,-8.25011e-05,-0.0165235
0.53,0.03,-0.0199503,-0.00015983,-0.016215
0.54,0.03,-0.0198244,-0.000237777,-0.0159066
0.55,0.03,-0.0196507,-0.000315941,-0.0155998
0.56,0.03,-0.0194293,-0.000393899,-0.015296
0.57,0.03,-0.0191606,-0.000471206,-0.0149968
0.58,0.03,-0.018845,-0.000547397,-0.0147035
0.59,0.03,-0.0184835,-0.000621991,-0.0144177
0.6,0.03,-0.0180772,-0.000694499,-0.0141409
0.61,0.03,-0.0176277,-0.000764422,-0.0138747
0.62,0.03,-0.0171365,-0.000831258,-0.0136203
0.63,0.03,-0.0166059,-0.000894509,-0.0133793
0.64,0.03,-0.0160381,-0.000953682,-0.0131529
0.65,0.03,-0.0154358,-0.0010083,-0.0129425
0.66,0.03,-0.0148018,-0.0010579,-0.0127493
0.67,0.03,-0.0141393,-0.00110204,-0.0125742
0.68,0.03,-0.0134519,-0.00114031,-0.0124184
0.69,0.03,-0.012743,-0.00117234,-0.0122824
0.7,0.03,-0.0120166,-0.00119778,-0.0121672
0.71,0.03,-0.0112767,-0.00121635,-0.0120731
0.72,0.03,-0.0105275,-0.00122779,-0.0120005
0.73,0.03,-0.00977341,-0.00123191,-0.0119495
0.74,0.03,-0.00901875,-0.00122858,-0.0119202
0.75,0.03,-0.00826803,-0.0012177,-0.0119123
0.76,0.03,-0.00752579,-0.00119926,-0.0119253
0.77,0.03,-0.00679652,-0.00117331,-0.0119587
0.78,0.03,-0.00608466,-0.00113996,-0.0120117
0.79,0.03,-0.00539459,-0.00109937,-0.0120832
0.8,0.03,-0.00473053,-0.0010518,-0.0121719
0.81,0.03,-0.00409654,-0.00099757,-0.0122766
0.82,0.03,-0.00349646,-0.000937053,-0.0123955
0.83,0.03,-0.00293386,-0.000870715,-0.0125269
0.84,0.03,-0.00241203,-0.000799091,-0.0126688
0.85,0.03,-0.00193387,-0.000722802,-0.0128191
0.86,0.03,-0.00150189,-0.000642556,-0.0129755
0.87,0.03,-0.00111813,-0.000559166,-0.0131355
0.88,0.03,-0.000784096,-0.000473563,-0.0132966
0.89,0.03,-0.000500693,-0.000386826,-0.0134562
0.9,0.03,-0.000268123,-0.000300213,-0.0136113
0.91,0.03,-8.57891e-05,-0.000215218,-0.0137592
0.92,0.03,4.78357e-05,-0.00013364,-0.0138969
0.93,0.03,0.000135364,-5.7675e-05,-0.0140216
0.94,0.03,0.00018068,9.95876e-06,-0.0141304
0.95,0.03,0.000189146,6.58781e-05,-0.0142207
0.96,0.03,0.000167893,0.000105892,-0.01429
0.97,0.03,0.000125922,0.000124931,-0.0143367
0.98,0.03,7.414e-05,0.000117215,-0.0143596
0.99,0.03,3.10569e-05,7.68577e-05,-0.014347
1,0.03,0,0,-0.014347
0,0.04,0,0,-0.0198705
0.01,0.04,7.2066e-06,-6.80525e-05,-0.0198705
0.02,0.04,5.8453e-06,-6.10618e-05,-0.0198947
0.03,0.04,-2.19869e-05,-3.55472e-06,-0.0199409
0.04,0.04,-8.8858e-05,8.85119e-05,-0.0200053
0.05,0.04,-0.000203328,0.000202795,-0.020085
0.06,0.04,-0.000371002,0.00032994,-0.020177
0.07,0.04,-0.000595044,0.000463065,-0.0202783
0.08,0.04,-0.000876686,0.000597164,-0.020386
0.09,0.04,-0.00121565,0.00072866,-0.0204976
0.1,0.04,-0.00161049,0.000855051,-0.0206106
0.11,0.04,-0.00205893,0.000974633,-0.0207228
0.12,0.04,-0.00255805,0.0010863,-0.0208322
0.13,0.04,-0.0031045,0.00118938,-0.0209373
0.14,0.04,-0.00369468,0.00128354,-0.0210364
0.15,0.04,-0.00432482,0.00136865,-0.0211285
0.16,0.04,-0.00499108,0.00144479,-0.0212123
0.17,0.04,-0.0056896,0.00151212,-0.0212871
0.18,0.04,-0.00641658,0.00157089,-0.021352
0.19,0.04,-0.0071683,0.0016214,-0.0214064
0.2,0.04,-0.00794114,0.00166397,-0.0214498
0.21,0.04,-0.00873156,0.00169891,-0.0214818
0.22,0.04,-0.00953616,0.00172655,-0.021502
0.23,0.04,-0.0103516,0.00174717,-0.0215101
0.24,0.04,-0.0111748,0.00176106,-0.021506
0.25,0.04,-0.0120026,0.00176845,-0.0214893
0.26,0.04,-0.0128321,0.00176956,-0.02146
0.27,0.04,-0.0136602,0.00176455,-0.021418
0.28,0.04,-0.0144841,0.00175357,-0.0213631
0.29,0.04,-0.0153011,0.00173673,-0.0212954
0.3,0.04,-0.0161084,0.00171412,-0.0212147
0.31,0.04,-0.0169032,0.00168579,-0.021121
0.32,0.04,-0.0176829,0.00165179,-0.0210144
0.33,0.04,-0.0184448,0.00161213,-0.020895
0.34,0.04,-0.0191862,0.00156681,-0.0207627
0.35,0.04,-0.0199045,0.00151585,-0.0206176
0.36,0.04,-0.020597,0.00145923,-0.02046
0.37,0.04,-0.0212611,0.00139696,-0.02029
0.38,0.04,-0.0218941,0.00132906,-0.0201078
0.39,0.04,-0.0224934,0.00125554,-0.0199137
0.4,0.04,-0.0230566,0.00117645,-0.019708
0.41,0.04,-0.023581,0.00109185,-0.0194912
0.42,0.04,-0.0240641,0.00100185,-0.0192636
0.43,0.04,-0.0245036,0.000906574,-0.0190258
0.44,0.04,-0.024897,0.00080618,-0.0187784
0.45,0.04,-0.0252422,0.000700877,-0.018522
0.46,0.04,-0.0255369,0.000590913,-0.0182573
0.47,0.04,-0.0257792,0.000476581,-0.0179852
0.48,0.04,-0.0259672,0.000358223,-0.0177065
0.49,0.04,-0.0260993,0.000236228,-0.0174222
0.5,0.04,-0.026174,0.000111038,-0.0171333
0.51,0.04,-0.02619,-1.68583e-05,-0.0168409
0.52,0.04,-0.0261462,-0.000146922,-0.0165462
0.53,0.04,-0.026042,-0.000278567,-0.0162504
0.54,0.04,-0.0258768,-0.00041116,-0.0159548
0.55,0.04,-0.0256504,-0.000544026,-0.0156607
0.56,0.04,-0.025363,-0.00067645,-0.0153695
0.57,0.04,-0.025015,-0.000807683,-0.0150826
0.58,0.04,-0.0246072,-0.000936943,-0.0148014
0.59,0.04,-0.0241408,-0.00106343,-0.0145274
0.6,0.04,-0.0236173,-0.00118631,-0.0142619
0.61,0.04,-0.0230386,-0.00130477,-0.0140065
0.62,0.04,-0.0224069,-0.00141795,-0.0137624
0.63,0.04,-0.0217249,-0.00152503,-0.0135311
0.64,0.04,-0.0209955,-0.0016252,-0.0133138
0.65,0.04,-0.0202221,-0.00171764,-0.0131117
0.66,0.04,-0.0194083,-0.00180159,-0.012926
0.67,0.04,-0.0185583,-0.00187633,-0.0127576
0.68,0.04,-0.0176763,-0.00194117,-0.0126075
0.69,0.04,-0.016767,-0.00199548,-0.0124765
0.7,0.04,-0.0158352,-0.00203871,-0.0123651
0.71,0.04,-0.014886,-0.00207037,-0.0122739
0.72,0.04,-0.0139247,-0.00209006,-0.0122031
0.73,0.04,-0.0129567,-0.00209744,-0.012153
0.74,0.04,-0.0119877,-0.00209229,-0.0121234
0.75,0.04,-0.0110233,-0.00207449,-0.0121142
0.76,0.04,-0.0100692,-0.00204401,-0.0121248
0.77,0.04,-0.00913089,-0.00200093,-0.0121549
0.78,0.04,-0.00821412,-0.00194544,-0.0122034
0.79,0.04,-0.00732432,-0.00187784,-0.0122694
0.8,0.04,-0.00646678,-0.00179856,-0.0123519
0.81,0.04,-0.00564659,-0.00170813,-0.0124493
0.82,0.04,-0.00486855,-0.00160722,-0.0125602
0.83,0.04,-0.00413713,-0.00149661,-0.0126828
0.84,0.04,-0.0034564,-0.00137721,-0.0128153
0.85,0.04,-0.00282998,-0.0012501,-0.0129557
0.86,0.04,-0.00226098,-0.00111647,-0.0131018
0.87,0.04,-0.00175189,-0.000977714,-0.0132514
0.88,0.04,-0.00130456,-0.000835409,-0.013402
0.89,0.04,-0.000920062,-0.000691372,-0.0135511
0.9,0.04,-0.000598614,-0.000547706,-0.0136962
0.91,0.04,-0.000339461,-0.000406873,-0.0138348
0.92,0.04,-0.000140742,-0.000271782,-0.013964
0.93,0.04,6.63668e-07,-0.000145912,-0.0140814
0.94,0.04,8.93046e-05,-3.34571e-05,-0.0141845
0.95,0.04,0.000131347,6.05101e-05,-0.0142707
0.96,0.04,0.000134821,0.000129873,-0.0143379
0.97,0.04,0.000109726,0.000167352,-0.0143843
0.98,0.04,6.80693e-05,0.000164579,-0.0144084
0.99,0.04,2.94739e-05,0.00011237,-0.0143985
1,0.04,0,0,-0.0143985
0,0.05,0,0,-0.0197676
0.01,0.05,-5.71147e-06,-6.4191e-05,-0.0197676
0.02,0.05,-2.88794e-05,-3.30217e-05,-0.0198066
0.03,0.05,-9.25787e-05,6.27945e-05,-0.0198593
0.04,0.05,-0.00020613,0.000203376,-0.019927
0.05,0.05,-0.000377612,0.000373157,-0.0200074
0.06,0.05,-0.000612264,0.000560124,-0.0200976
0.07,0.05,-0.000912978,0.000755235,-0.0201953
0.08,0.05,-0.00128079,0.00095175,-0.020298
0.09,0.05,-0.00171521,0.00114473,-0.0204036
0.1,0.05,-0.00221457,0.00133061,-0.0205098
0.11,0.05,-0.00277628,0.00150692,-0.020615
0.12,0.05,-0.00339705,0.00167198,-0.0207172
0.13,0.05,-0.00407311,0.00182474,-0.0208151
0.14,0.05,-0.00480037,0.0019646,-0.0209074
0.15,0.05,-0.00557452,0.00209131,-0.0209929
0.16,0.05,-0.00639113,0.00220488,-0.0210706
0.17,0.05,-0.00724576,0.00230549,-0.0211398
0.18,0.05,-0.00813398,0.00239344,-0.0211997
0.19,0.05,-0.00905142,0.0024691,-0.0212497
0.2,0.05,-0.0099938,0.0025329,-0.0212893
0.21,0.05,-0.0109569,0.00258527,-0.0213182
0.22,0.05,-0.0119368,0.00262664,-0.0213359
0.23,0.05,-0.0129294,0.00265743,-0.0213423
0.24,0.05,-0.013931,0.002678,-0.021337
0.25,0.05,-0.0149378,0.0026887,-0.02132
0.26,0.05,-0.0159461,0.00268984,-0.0212909
0.27,0.05,-0.0169525,0.00268165,-0.0212498
0.28,0.05,-0.0179535,0.00266434,-0.0211965
0.29,0.05,-0.0189457,0.0026381,-0.0211309
0.3,0.05,-0.0199256,0.00260302,-0.021053
0.31,0.05,-0.0208901,0.00255922,-0.0209628
0.32,0.05,-0.0218357,0.00250675,-0.0208602
0.33,0.05,-0.0227593,0.00244565,-0.0207453
0.34,0.05,-0.0236575,0.00237594,-0.0206182
0.35,0.05,-0.0245273,0.00229764,-0.020479
0.36,0.05,-0.0253653,0.00221076,-0.0203277
0.37,0.05,-0.0261684,0.00211531,-0.0201645
0.38,0.05,-0.0269334,0.00201133,-0.0199897
0.39,0.05,-0.0276572,0.00189888,-0.0198035
0.4,0.05,-0.0283366,0.00177804,-0.0196062
0.41,0.05,-0.0289687,0.00164892,-0.0193982
0.42,0.05,-0.0295505,0.00151169,-0.0191799
0.43,0.05,-0.0300791,0.00136655,-0.0189518
0.44,0.05,-0.0305516,0.00121378,-0.0187144
0.45,0.05,-0.0309655,0.00105369,-0.0184684
0.46,0.05,-0.0313182,0.000886671,-0.0182144
0.47,0.05,-0.0316074,0.000713181,-0.0179533
0.48,0.05,-0.0318308,0.000533741,-0.0176858
0.49,0.05,-0.0319866,0.00034895,-0.0174129
0.5,0.05,-0.0320729,0.000159476,-0.0171355
0.51,0.05,-0.0320885,-3.39397e-05,-0.0168548
0.52,0.05,-0.032032,-0.000230482,-0.0165718
0.53,0.05,-0.0319027,-0.000429268,-0.0162876
0.54,0.05,-0.0317,-0.000629348,-0.0160036
0.55,0.05,-0.0314237,-0.000829709,-0.015721
0.56,0.05,-0.0310741,-0.00102928,-0.0154411
0.57,0.05,-0.0306518,-0.00122695,-0.0151653
0.58,0.05,-0.0301577,-0.00142155,-0.014895
0.59,0.05,-0.0295933,-0.00161188,-0.0146314
0.6,0.05,-0.0289605,-0.00179672,-0.014376
0.61,0.05,-0.0282614,-0.00197484,-0.0141302
0.62,0.05,-0.0274989,-0.00214499,-0.0138953
0.63,0.05,-0.026676,-0.00230594,-0.0136725
0.64,0.05,-0.0257964,-0.00245648,-0.0134632
0.65,0.05,-0.0248641,-0.00259542,-0.0132684
0.66,0.05,-0.0238834,-0.00272163,-0.0130893
0.67,0.05,-0.0228591,-0.00283404,-0.0129268
0.68,0.05,-0.0217964,-0.00293164,-0.0127818
0.69,0.05,-0.0207008,-0.00301351,-0.012655
0.7,0.05,-0.019578,-0.00307881,-0.0125471
0.71,0.05,-0.018434,-0.00312685,-0.0124584
0.72,0.05,-0.0172752,-0.00315702,-0.0123893
0.73,0.05,-0.0161079,-0.00316884,-0.01234
0.74,0.05,-0.0149388,-0.00316199,-0.0123103
0.75,0.05,-0.0137745,-0.00313629,-0.0123
0.76,0.05,-0.0126218,-0.0030917,-0.0123088
0.77,0.05,-0.0114872,-0.00302835,-0.012336
0.78,0.05,-0.0103775,-0.00294653,-0.0123809
0.79,0.05,-0.00929906,-0.00284672,-0.0124426
0.8,0.05,-0.0082581,-0.00272954,-0.0125198
0.81,0.05,-0.00726065,-0.00259581,-0.0126113
0.82,0.05,-0.00631234,-0.00244652,-0.0127156
0.83,0.05,-0.00541845,-0.00228287,-0.0128311
0.84,0.05,-0.00458375,-0.00210625,-0.012956
0.85,0.05,-0.0038125,-0.00191823,-0.0130884
0.86,0.05,-0.00310831,-0.00172066,-0.0132262
0.87,0.05,-0.00247413,-0.00151559,-0.0133674
0.88,0.05,-0.0019121,-0.0013054,-0.0135097
0.89,0.05,-0.00142348,-0.00109278,-0.0136508
0.9,0.05,-0.00100855,-0.00088082,-0.0137884
0.91,0.05,-0.000666493,-0.000673094,-0.0139199
0.92,0.05,-0.000395255,-0.000473764,-0.0140431
0.93,0.05,-0.000191422,-0.000287717,-0.0141557
0.94,0.05,-5.00601e-05,-0.00012072,-0.0142552
0.95,0.05,3.54402e-05,2.03889e-05,-0.0143395
0.96,0.05,7.35774e-05,0.000127522,-0.0144065
0.97,0.05,7.48508e-05,0.000191144,-0.0144545
0.98,0.05,5.18324e-05,0.000200218,-0.0144819
0.99,0.05,2.37311e-05,0.000142161,-0.0144788
1,0.05,0,0,-0.0144788
0,0.06,0,0,-0.0196438
0.01,0.06,-2.06782e-05,-4.23863e-05,-0.0196438
0.02,0.06,-6.88928e-05,2.71643e-05,-0.0197011
0.03,0.06,-0.000173516,0.0001735,-0.0197626
0.04,0.06,-0.000339529,0.000373539,-0.0198363
0.05,0.06,-0.000574021,0.000608934,-0.0199198
0.06,0.06,-0.00088143,0.000865292,-0.0200108
0.07,0.06,-0.00126402,0.00113157,-0.0201074
0.08,0.06,-0.00172238,0.00139937,-0.0202074
0.09,0.06,-0.00225566,0.00166241,-0.0203092
0.1,0.06,-0.00286181,0.00191607,-0.0204108
0.11,0.06,-0.00353792,0.00215705,-0.0205107
0.12,0.06,-0.00428033,0.00238306,-0.0206074
0.13,0.06,-0.00508488,0.00259263,-0.0206997
0.14,0.06,-0.00594703,0.00278485,-0.0207863
0.15,0.06,-0.006862,0.00295932,-0.0208664
0.16,0.06,-0.0078249,0.00311593,-0.020939
0.17,0.06,-0.00883073,0.00325485,-0.0210034
0.18,0.06,-0.00987454,0.00337643,-0.021059
0.19,0.06,-0.0109514,0.00348109,-0.0211053
0.2,0.06,-0.0120564,0.00356936,-0.0211417
0.21,0.06,-0.0131849,0.00364178,-0.0211679
0.22,0.06,-0.0143322,0.00369889,-0.0211836
0.23,0.06,-0.0154938,0.00374123,-0.0211885
0.24,0.06,-0.0166653,0.00376927,-0.0211824
0.25,0.06,-0.0178423,0.00378345,-0.0211652
0.26,0.06,-0.0190207,0.00378418,-0.0211365
0.27,0.06,-0.0201963,0.00377179,-0.0210964
0.28,0.06,-0.0213651,0.00374655,-0.0210447
0.29,0.06,-0.0225231,0.00370868,-0.0209814
0.3,0.06,-0.0236664,0.00365837,-0.0209063
0.31,0.06,-0.0247912,0.00359573,-0.0208195
0.32,0.06,-0.0258935,0.00352087,-0.020721
0.33,0.06,-0.0269696,0.00343384,-0.0206107
0.34,0.06,-0.0280157,0.0033347,-0.0204887
0.35,0.06,-0.0290281,0.00322348,-0.020355
0.36,0.06,-0.030003,0.00310021,-0.0202099
0.37,0.06,-0.0309367,0.00296494,-0.0200534
0.38,0.06,-0.0318256,0.00281773,-0.0198857
0.39,0.06,-0.032666,0.00265868,-0.019707
0.4,0.06,-0.0334543,0.00248792,-0.0195177
0.41,0.06,-0.0341872,0.00230566,-0.019318
0.42,0.06,-0.034861,0.00211212,-0.0191085
0.43,0.06,-0.0354727,0.00190763,-0.0188894
0.44,0.06,-0.0360189,0.00169257,-0.0186614
0.45,0.06,-0.0364966,0.00146742,-0.0184251
0.46,0.06,-0.036903,0.00123272,-0.018181
0.47,0.06,-0.0372354,0.000989134,-0.01793
0.48,0.06,-0.0374914,0.0007374,-0.0176728
0.49,0.06,-0.0376687,0.000478361,-0.0174102
0.5,0.06,-0.0377655,0.000212957,-0.0171434
0.51,0.06,-0.0377801,-5.77715e-05,-0.0168731
0.52,0.06,-0.0377112,-0.000332688,-0.0166006
0.53,0.06,-0.037558,-0.000610562,-0.0163269
0.54,0.06,-0.0373199,-0.000890074,-0.0160533
0.55,0.06,-0.0369967,-0.00116982,-0.0157809
0.56,0.06,-0.0365888,-0.00144832,-0.015511
0.57,0.06,-0.0360968,-0.00172403,-0.0152449
0.58,0.06,-0.035522,-0.00199534,-0.014984
0.59,0.06,-0.0348661,-0.0022606,-0.0147296
0.6,0.06,-0.0341311,-0.00251813,-0.014483
0.61,0.06,-0.0333198,-0.00276624,-0.0142455
0.62,0.06,-0.0324353,-0.0030032,-0.0140184
0.63,0.06,-0.0314812,-0.00322734,-0.013803
0.64,0.06,-0.0304616,-0.00343699,-0.0136005
0.65,0.06,-0.0293811,-0.00363053,-0.013412
0.66,0.06,-0.0282447,-0.0038064,-0.0132385
0.67,0.06,-0.0270579,-0.00396313,-0.0130809
0.68,0.06,-0.0258266,-0.00409935,-0.0129403
0.69,0.06,-0.024557,-0.0042138,-0.0128171
0.7,0.06,-0.0232556,-0.00430535,-0.0127121
0.71,0.06,-0.0219294,-0.00437301,-0.0126256
0.72,0.06,-0.0205855,-0.00441599,-0.012558
0.73,0.06,-0.0192312,-0.00443363,-0.0125094
0.74,0.06,-0.017874,-0.0044255,-0.0124797
0.75,0.06,-0.0165215,-0.00439134,-0.0124687
0.76,0.06,-0.0151814,-0.00433112,-0.0124761
0.77,0.06,-0.0138612,-0.00424503,-0.0125011
0.78,0.06,-0.0125684,-0.00413348,-0.0125432
0.79,0.06,-0.0113103,-0.00399711,-0.0126014
0.8,0.06,-0.0100941,-0.00383683,-0.0126745
0.81,0.06,-0.00892654,-0.00365376,-0.0127614
0.82,0.06,-0.00781406,-0.00344929,-0.0128606
0.83,0.06,-0.00676263,-0.00322508,-0.0129706
0.84,0.06,-0.00577767,-0.00298306,-0.0130896
0.85,0.06,-0.00486402,-0.00272544,-0.0132159
0.86,0.06,-0.00402579,-0.00245475,-0.0133476
0.87,0.06,-0.00326632,-0.00217385,-0.0134826
0.88,0.06,-0.00258808,-0.001886,-0.0136188
0.89,0.06,-0.00199254,-0.00159487,-0.0137541
0.9,0.06,-0.00148011,-0.00130465,-0.0138864
0.91,0.06,-0.00105001,-0.00102014,-0.0140133
0.92,0.06,-0.00070014,-0.000746831,-0.0141329
0.93,0.06,-0.000426975,-0.000491093,-0.0142428
0.94,0.06,-0.000225436,-0.000260316,-0.014341
0.95,0.06,-8.87498e-05,-6.31166e-05,-0.0144255
0.96,0.06,-8.28407e-06,9.04546e-05,-0.0144944
0.97,0.06,2.65805e-05,0.000188644,-0.014546
0.98,0.06,2.85366e-05,0.00021784,-0.0145788
0.99,0.06,1.51828e-05,0.000162314,-0.014586
1,0.06,0,0,-0.014586
0,0.07,0,0,-0.0195042
0.01,0.07,-3.67295e-05,-8.26771e-07,-0.0195042
0.02,0.07,-0.000111891,0.000122847,-0.019582
0.03,0.07,-0.000260675,0.000332922,-0.0196544
0.04,0.07,-0.000483061,0.000603873,-0.019736
0.05,0.07,-0.000784793,0.000915084,-0.0198248
0.06,0.07,-0.00116917,0.00125013,-0.0199186
0.07,0.07,-0.00163756,0.00159621,-0.0200161
0.08,0.07,-0.00218986,0.0019434,-0.0201154
0.09,0.07,-0.00282467,0.00228418,-0.0202151
0.1,0.07,-0.0035395,0.00261291,-0.0203138
0.11,0.07,-0.00433101,0.00292547,-0.02041
0.12,0.07,-0.00519514,0.00321897,-0.0205027
0.13,0.07,-0.00612733,0.00349147,-0.0205906
0.14,0.07,-0.00712264,0.00374176,-0.0206729
0.15,0.07,-0.00817587,0.00396922,-0.0207486
0.16,0.07,-0.00928167,0.00417365,-0.020817
0.17,0.07,-0.0104346,0.00435518,-0.0208775
0.18,0.07,-0.0116292,0.00451414,-0.0209295
0.19,0.07,-0.0128601,0.00465104,-0.0209726
0.2,0.07,-0.0141218,0.00476649,-0.0210063
0.21,0.07,-0.0154093,0.00486112,-0.0210303
0.22,0.07,-0.0167172,0.00493558,-0.0210444
0.23,0.07,-0.0180405,0.00499051,-0.0210482
0.24,0.07,-0.0193744,0.00502651,-0.0210416
0.25,0.07,-0.0207139,0.00504413,-0.0210243
0.26,0.07,-0.0220543,0.00504385,-0.0209963
0.27,0.07,-0.0233911,0.00502609,-0.0209574
0.28,0.07,-0.0247195,0.00499121,-0.0209075
0.29,0.07,-0.0260351,0.00493947,-0.0208465
0.3,0.07,-0.0273335,0.00487113,-0.0207744
0.31,0.07,-0.0286103,0.00478634,-0.020691
0.32,0.07,-0.0298612,0.00468524,-0.0205964
0.33,0.07,-0.0310817,0.00456793,-0.0204907
0.34,0.07,-0.0322677,0.00443447,-0.0203737
0.35,0.07,-0.0334149,0.00428494,-0.0202456
0.36,0.07,-0.0345191,0.00411939,-0.0201064
0.37,0.07,-0.0355761,0.00393792,-0.0199563
0.38,0.07,-0.0365818,0.00374063,-0.0197954
0.39,0.07,-0.037532,0.00352768,-0.019624
0.4,0.07,-0.038423,0.00329927,-0.0194423
0.41,0.07,-0.0392506,0.00305568,-0.0192506
0.42,0.07,-0.040011,0.00279725,-0.0190493
0.43,0.07,-0.0407007,0.00252443,-0.0188388
0.44,0.07,-0.0413161,0.00223775,-0.0186196
0.45,0.07,-0.0418537,0.00193786,-0.0183923
0.46,0.07,-0.0423105,0.0016255,-0.0181574
0.47,0.07,-0.0426834,0.00130157,-0.0179157
0.48,0.07,-0.0429698,0.000967042,-0.0176679
0.49,0.07,-0.0431673,0.000623054,-0.0174149
0.5,0.07,-0.0432738,0.000270853,-0.0171575
0.51,0.07,-0.0432875,-8.8181e-05,-0.0168968
0.52,0.07,-0.043207,-0.000452546,-0.0166337
0.53,0.07,-0.0430315,-0.00082062,-0.0163694
0.54,0.07,-0.0427602,-0.00119067,-0.0161049
0.55,0.07,-0.0423932,-0.00156084,-0.0158415
0.56,0.07,-0.0419308,-0.0019292,-0.0155805
0.57,0.07,-0.0413739,-0.00229371,-0.0153229
0.58,0.07,-0.0407238,-0.0026523,-0.0150703
0.59,0.07,-0.0399824,-0.00300278,-0.0148237
0.6,0.07,-0.0391522,-0.00334298,-0.0145847
0.61,0.07,-0.0382361,-0.00367068,-0.0143543
0.62,0.07,-0.0372376,-0.00398364,-0.0141339
0.63,0.07,-0.0361609,-0.00427967,-0.0139248
0.64,0.07,-0.0350105,-0.00455661,-0.013728
0.65,0.07,-0.0337914,-0.00481234,-0.0135447
0.66,0.07,-0.0325093,-0.00504485,-0.0133759
0.67,0.07,-0.0311702,-0.00525222,-0.0132225
0.68,0.07,-0.0297808,-0.00543268,-0.0130854
0.69,0.07,-0.0283478,-0.00558457,-0.0129653
0.7,0.07,-0.0268786,-0.00570645,-0.0128627
0.71,0.07,-0.0253809,-0.00579703,-0.0127781
0.72,0.07,-0.0238625,-0.00585528,-0.0127117
0.73,0.07,-0.0223316,-0.00588035,-0.0126638
0.74,0.07,-0.0207964,-0.00587168,-0.0126341
0.75,0.07,-0.0192655,-0.00582895,-0.0126226
0.76,0.07,-0.0177472,-0.00575212,-0.0126289
0.77,0.07,-0.01625,-0.00564144,-0.0126523
0.78,0.07,-0.0147821,-0.00549746,-0.0126922
0.79,0.07,-0.0133518,-0.00532104,-0.0127478
0.8,0.07,-0.0119668,-0.00511335,-0.0128178
0.81,0.07,-0.0106348,-0.00487589,-0.0129012
0.82,0.07,-0.00936282,-0.00461048,-0.0129966
0.83,0.07,-0.00815754,-0.0043193,-0.0131025
0.84,0.07,-0.00702499,-0.00400489,-0.0132172
0.85,0.07,-0.00597055,-0.00367015,-0.0133391
0.86,0.07,-0.0049988,-0.00331838,-0.0134664
0.87,0.07,-0.00411351,-0.00295333,-0.013597
0.88,0.07,-0.00331747,-0.0025792,-0.0137292
0.89,0.07,-0.00261243,-0.00220076,-0.0138608
0.9,0.07,-0.001999,-0.00182336,-0.0139898
0.91,0.07,-0.00147651,-0.00145307,-0.0141143
0.92,0.07,-0.00104297,-0.0010968,-0.0142322
0.93,0.07,-0.000694907,-0.000762414,-0.0143415
0.94,0.07,-0.00042729,-0.000458939,-0.0144404
0.95,0.07,-0.000233411,-0.000196746,-0.0145271
0.96,0.07,-0.000104769,1.2207e-05,-0.0145997
0.97,0.07,-3.09316e-05,0.000154065,-0.0146567
0.98,0.07,5.63312e-07,0.000212858,-0.0146967
0.99,0.07,4.84546e-06,0.000170143,-0.0147171
1,0.07,0,0,-0.0147171
0,0.08,0,0,-0.0193534
0.01,0.08,-5.32622e-05,6.14264e-05,-0.0193534
0.02,0.08,-0.000156363,0.000255997,-0.0194533
0.03,0.08,-0.000351212,0.000543829,-0.0195379
0.04,0.08,-0.000632445,0.000897645,-0.019629
0.05,0.08,-0.00100423,0.00129508,-0.0197247
0.06,0.08,-0.00146848,0.00171805,-0.0198231
0.07,0.08,-0.00202544,0.00215226,-0.019923
0.08,0.08,-0.00267414,0.00258649,-0.0200233
0.09,0.08,-0.00341247,0.00301206,-0.0201226
0.1,0.08,-0.00423739,0.00342242,-0.0202198
0.11,0.08,-0.00514503,0.0038127,-0.0203139
0.12,0.08,-0.0061309,0.0041794,-0.0204037
0.13,0.08,-0.00719002,0.00452014,-0.0204885
0.14,0.08,-0.00831704,0.00483341,-0.0205674
0.15,0.08,-0.00950634,0.00511835,-0.0206397
0.16,0.08,-0.0107522,0.00537466,-0.0207048
0.17,0.08,-0.0120487,0.00560239,-0.0207622
0.18,0.08,-0.0133899,0.00580191,-0.0208113
0.19,0.08,-0.0147702,0.00597374,-0.0208518
0.2,0.08,-0.0161835,0.00611857,-0.0208834
0.21,0.08,-0.0176243,0.00623713,-0.0209057
0.22,0.08,-0.0190868,0.00633017,-0.0209185
0.23,0.08,-0.0205656,0.00639844,-0.0209216
0.24,0.08,-0.0220552,0.00644264,-0.0209147
0.25,0.08,-0.0235504,0.00646341,-0.0208978
0.26,0.08,-0.0250459,0.00646134,-0.0208706
0.27,0.08,-0.0265365,0.00643694,-0.0208331
0.28,0.08,-0.0280173,0.00639062,-0.0207851
0.29,0.08,-0.0294832,0.00632274,-0.0207266
0.3,0.08,-0.0309294,0.00623357,-0.0206574
0.31,0.08,-0.0323509,0.00612336,-0.0205776
0.32,0.08,-0.033743,0.00599225,-0.020487
0.33,0.08,-0.0351008,0.00584039,-0.0203857
0.34,0.08,-0.0364197,0.0056679,-0.0202737
0.35,0.08,-0.0376949,0.00547486,-0.020151
0.36,0.08,-0.0389217,0.00526139,-0.0200177
0.37,0.08,-0.0400956,0.00502761,-0.0198738
0.38,0.08,-0.0412121,0.0047737,-0.0197196
0.39,0.08,-0.0422665,0.00449988,-0.0195551
0.4,0.08,-0.0432545,0.00420644,-0.0193807
0.41,0.08,-0.0441719,0.00389376,-0.0191966
0.42,0.08,-0.0450145,0.00356231,-0.0190031
0.43,0.08,-0.0457781,0.00321267,-0.0188006
0.44,0.08,-0.046459,0.00284556,-0.0185897
0.45,0.08,-0.0470534,0.00246181,-0.0183707
0.46,0.08,-0.047558,0.00206241,-0.0181444
0.47,0.08,-0.0479695,0.00164848,-0.0179112
0.48,0.08,-0.048285,0.00122131,-0.0176721
0.49,0.08,-0.0485019,0.00078233,-0.0174277
0.5,0.08,-0.0486181,0.000333148,-0.0171789
0.51,0.08,-0.0486315,-0.000124487,-0.0169267
0.52,0.08,-0.0485407,-0.000588667,-0.0166721
0.53,0.08,-0.0483448,-0.00105734,-0.016416
0.54,0.08,-0.048043,-0.0015283,-0.0161597
0.55,0.08,-0.0476355,-0.00199923,-0.0159042
0.56,0.08,-0.0471225,-0.00246768,-0.0156507
0.57,0.08,-0.0465052,-0.00293109,-0.0154006
0.58,0.08,-0.045785,-0.00338684,-0.015155
0.59,0.08,-0.0449639,-0.0038322,-0.0149152
0.6,0.08,-0.0440448,-0.00426444,-0.0146825
0.61,0.08,-0.0430309,-0.00468075,-0.0144581
0.62,0.08,-0.0419259,-0.00507837,-0.0142433
0.63,0.08,-0.0407344,-0.00545453,-0.0140393
0.64,0.08,-0.0394613,-0.00580651,-0.0138473
0.65,0.08,-0.0381122,-0.00613169,-0.0136682
0.66,0.08,-0.0366932,-0.00642754,-0.0135032
0.67,0.08,-0.035211,-0.00669165,-0.0133532
0.68,0.08,-0.0336725,-0.00692181,-0.013219
0.69,0.08,-0.0320854,-0.00711596,-0.0131013
0.7,0.08,-0.0304577,-0.00727227,-0.0130006
0.71,0.08,-0.0287975,-0.00738916,-0.0129174
0.72,0.08,-0.0271136,-0.00746531,-0.0128521
0.73,0.08,-0.0254148,-0.00749968,-0.0128046
0.74,0.08,-0.0237101,-0.00749157,-0.012775
0.75,0.08,-0.0220087,-0.00744057,-0.0127631
0.76,0.08,-0.0203198,-0.00734665,-0.0127686
0.77,0.08,-0.0186526,-0.00721013,-0.0127909
0.78,0.08,-0.0170161,-0.0070317,-0.0128293
0.79,0.08,-0.0154192,-0.00681244,-0.0128829
0.8,0.08,-0.0138705,-0.00655383,-0.0129508
0.81,0.08,-0.0123783,-0.00625776,-0.0130317
0.82,0.08,-0.0109503,-0.00592654,-0.0131244
0.83,0.08,-0.00959378,-0.00556291,-0.0132275
0.84,0.08,-0.0083154,-0.00517006,-0.0133394
0.85,0.08,-0.00712104,-0.00475164,-0.0134584
0.86,0.08,-0.0060158,-0.00431179,-0.0135828
0.87,0.08,-0.00500385,-0.00385519,-0.0137109
0.88,0.08,-0.00408835,-0.00338708,-0.0138407
0.89,0.08,-0.0032714,-0.00291334,-0.0139704
0.9,0.08,-0.00255385,-0.00244057,-0.0140981
0.91,0.08,-0.00193529,-0.00197616,-0.014222
0.92,0.08,-0.00141393,-0.00152843,-0.0143401
0.93,0.08,-0.000986488,-0.00110676,-0.0144507
0.94,0.08,-0.000648153,-0.000721804,-0.0145521
0.95,0.08,-0.000392464,-0.000385631,-0.0146426
0.96,0.08,-0.000211268,-0.000112011,-0.0147206
0.97,0.08,-9.45556e-05,8.32634e-05,-0.0147847
0.98,0.08,-3.03582e-05,0.000182141,-0.0148333
0.99,0.08,-6.56745e-06,0.000163951,-0.014869
1,0.08,0,0,-0.014869
0,0.09,0,0,-0.0191957
0.01,0.09,-6.99037e-05,0.00014476,-0.0191957
0.02,0.09,-0.00020133,0.000427632,-0.0193185
0.03,0.09,-0.000443191,0.000807815,-0.0194163
0.04,0.09,-0.000784654,0.00125687,-0.019518
0.05,0.09,-0.00122817,0.00175117,-0.019622
0.06,0.09,-0.00177413,0.00227133,-0.0197262
0.07,0.09,-0.00242146,0.00280186,-0.0198301
0.08,0.09,-0.00316818,0.00333044,-0.0199326
0.09,0.09,-0.00401137,0.00384744,-0.0200329
0.1,0.09,-0.00494727,0.00434547,-0.0201299
0.11,0.09,-0.00597145,0.00481899,-0.020223
0.12,0.09,-0.00707892,0.00526398,-0.0203112
0.13,0.09,-0.00826423,0.00567762,-0.0203939
0.14,0.09,-0.00952161,0.0060581,-0.0204705
0.15,0.09,-0.0108451,0.00640437,-0.0205403
0.16,0.09,-0.0122284,0.00671599,-0.0206029
0.17,0.09,-0.0136654,0.00699296,-0.0206578
0.18,0.09,-0.0151497,0.00723564,-0.0207048
0.19,0.09,-0.0166752,0.00744461,-0.0207433
0.2,0.09,-0.0182356,0.00762059,-0.0207733
0.21,0.09,-0.0198247,0.00776441,-0.0207943
0.22,0.09,-0.0214366,0.00787691,-0.0208063
0.23,0.09,-0.0230652,0.00795894,-0.020809
0.24,0.09,-0.0247048,0.00801132,-0.0208022
0.25,0.09,-0.0263495,0.00803477,-0.0207858
0.26,0.09,-0.0279938,0.00802998,-0.0207598
0.27,0.09,-0.029632,0.00799753,-0.0207238
0.28,0.09,-0.0312587,0.00793792,-0.0206779
0.29,0.09,-0.0328684,0.00785157,-0.020622
0.3,0.09,-0.0344559,0.00773882,-0.0205559
0.31,0.09,-0.0360157,0.00759995,-0.0204797
0.32,0.09,-0.0375426,0.00743516,-0.0203932
0.33,0.09,-0.0390315,0.00724463,-0.0202964
0.34,0.09,-0.0404771,0.00702853,-0.0201893
0.35,0.09,-0.0418744,0.00678699,-0.0200719
0.36,0.09,-0.0432182,0.00652017,-0.0199443
0.37,0.09,-0.0445036,0.00622826,-0.0198065
0.38,0.09,-0.0457256,0.0059115,-0.0196587
0.39,0.09,-0.0468793,0.00557018,-0.0195009
0.4,0.09,-0.04796,0.00520472,-0.0193334
0.41,0.09,-0.0489631,0.00481559,-0.0191565
0.42,0.09,-0.049884,0.00440341,-0.0189705
0.43,0.09,-0.0507183,0.00396894,-0.0187756
0.44,0.09,-0.051462,0.00351308,-0.0185723
0.45,0.09,-0.052111,0.00303688,-0.0183612
0.46,0.09,-0.0526616,0.00254159,-0.0181427
0.47,0.09,-0.0531105,0.0020286,-0.0179174
0.48,0.09,-0.0534545,0.00149951,-0.0176861
0.49,0.09,-0.0536908,0.000956118,-0.0174496
0.5,0.09,-0.0538171,0.000400387,-0.0172086
0.51,0.09,-0.0538313,-0.000165518,-0.016964
0.52,0.09,-0.0537319,-0.000739249,-0.0167168
0.53,0.09,-0.0535179,-0.00131828,-0.016468
0.54,0.09,-0.0531886,-0.00189992,-0.0162187
0.55,0.09,-0.0527439,-0.00248132,-0.01597
0.56,0.09,-0.0521845,-0.00305948,-0.0157231
0.57,0.09,-0.0515113,-0.0036313,-0.0154792
0.58,0.09,-0.050726,-0.00419354,-0.0152395
0.59,0.09,-0.049831,-0.00474292,-0.0150054
0.6,0.09,-0.048829,-0.00527607,-0.0147779
0.61,0.09,-0.0477236,-0.0057896,-0.0145584
0.62,0.09,-0.046519,-0.00628012,-0.0143481
0.63,0.09,-0.0452198,-0.00674428,-0.0141482
0.64,0.09,-0.0438315,-0.00717878,-0.0139599
0.65,0.09,-0.0423601,-0.00758041,-0.0137842
0.66,0.09,-0.040812,-0.0079461,-0.0136222
0.67,0.09,-0.0391945,-0.00827294,-0.0134747
0.68,0.09,-0.037515,-0.00855822,-0.0133427
0.69,0.09,-0.0357818,-0.00879943,-0.0132267
0.7,0.09,-0.0340033,-0.00899437,-0.0131274
0.71,0.09,-0.0321885,-0.0091411,-0.0130453
0.72,0.09,-0.0303465,-0.00923802,-0.0129806
0.73,0.09,-0.0284871,-0.00928387,-0.0129335
0.74,0.09,-0.0266197,-0.00927777,-0.0129039
0.75,0.09,-0.0247544,-0.00921925,-0.0128917
0.76,0.09,-0.0229009,-0.00910825,-0.0128966
0.77,0.09,-0.0210692,-0.00894517,-0.0129181
0.78,0.09,-0.0192691,-0.00873086,-0.0129554
0.79,0.09,-0.01751,-0.00846662,-0.0130078
0.8,0.09,-0.0158014,-0.00815428,-0.0130742
0.81,0.09,-0.014152,-0.00779612,-0.0131536
0.82,0.09,-0.0125704,-0.00739498,-0.0132447
0.83,0.09,-0.0110643,-0.00695419,-0.0133461
0.84,0.09,-0.00964106,-0.00647763,-0.0134564
0.85,0.09,-0.00830705,-0.00596975,-0.0135739
0.86,0.09,-0.00706785,-0.00543558,-0.013697
0.87,0.09,-0.00592813,-0.00488077,-0.0138239
0.88,0.09,-0.00489145,-0.00431165,-0.0139531
0.89,0.09,-0.00396029,-0.00373526,-0.0140825
0.9,0.09,-0.00313585,-0.00315946,-0.0142106
0.91,0.09,-0.00241805,-0.00259299,-0.0143356
0.92,0.09,-0.00180542,-0.00204559,-0.0144556
0.93,0.09,-0.00129499,-0.00152818,-0.0145692
0.94,0.09,-0.000882305,-0.00105295,-0.0146746
0.95,0.09,-0.0005613,-0.000633632,-0.0147705
0.96,0.09,-0.000324336,-0.000285684,-0.0148554
0.97,0.09,-0.000162007,-2.66519e-05,-0.0149278
0.98,0.09,-6.30102e-05,0.000123628,-0.0149865
0.99,0.09,-1.85703e-05,0.000142712,-0.0150387
1,0.09,0,0,-0.0150387
0,0.1,0,0,-0.019035
0.01,0.1,-8.64261e-05,0.000249205,-0.019035
0.02,0.1,-0.000246162,0.000638107,-0.0191811
0.03,0.1,-0.000535303,0.00112561,-0.0192927
0.04,0.1,-0.000937565,0.00168261,-0.0194059
0.05,0.1,-0.00145363,0.00228461,-0.0195189
0.06,0.1,-0.00208224,0.00291132,-0.0196301
0.07,0.1,-0.00282092,0.00354631,-0.019739
0.08,0.1,-0.00366656,0.00417639,-0.0198449
0.09,0.1,-0.00461529,0.00479115,-0.0199473
0.1,0.1,-0.00566258,0.00538251,-0.0200453
0.11,0.1,-0.00680336,0.00594436,-0.0201384
0.12,0.1,-0.00803205,0.00647219,-0.020226
0.13,0.1,-0.00934272,0.00696285,-0.0203076
0.14,0.1,-0.0107292,0.00741425,-0.0203826
0.15,0.1,-0.0121849,0.00782514,-0.0204508
0.16,0.1,-0.0137035,0.00819499,-0.0205117
0.17,0.1,-0.0152782,0.00852374,-0.0205649
0.18,0.1,-0.0169024,0.00881174,-0.0206102
0.19,0.1,-0.0185695,0.00905959,-0.0206474
0.2,0.1,-0.0202728,0.00926809,-0.0206763
0.21,0.1,-0.022006,0.00943814,-0.0206965
0.22,0.1,-0.0237625,0.00957068,-0.0207081
0.23,0.1,-0.025536,0.00966665,-0.0207108
0.24,0.1,-0.0273203,0.00972695,-0.0207044
0.25,0.1,-0.0291092,0.00975243,-0.020689
0.26,0.1,-0.0308968,0.00974385,-0.0206642
0.27,0.1,-0.0326769,0.00970186,-0.0206301
0.28,0.1,-0.0344438,0.00962705,-0.0205865
0.29,0.1,-0.0361916,0.00951991,-0.0205333
0.3,0.1,-0.0379146,0.00938082,-0.0204705
0.31,0.1,-0.0396071,0.00921011,-0.0203979
0.32,0.1,-0.0412633,0.00900806,-0.0203155
0.33,0.1,-0.0428777,0.00877488,-0.0202232
0.34,0.1,-0.0444448,0.00851078,-0.020121
0.35,0.1,-0.0459591,0.00821595,-0.0200089
0.36,0.1,-0.047415,0.0078906,-0.0198869
0.37,0.1,-0.0488072,0.007535,-0.019755
0.38,0.1,-0.0501305,0.00714945,-0.0196134
0.39,0.1,-0.0513795,0.00673436,-0.0194621
0.4,0.1,-0.0525493,0.00629024,-0.0193013
0.41,0.1,-0.0536348,0.0058177,-0.0191313
0.42,0.1,-0.0546312,0.00531753,-0.0189522
0.43,0.1,-0.0555338,0.00479067,-0.0187645
0.44,0.1,-0.0563382,0.00423821,-0.0185684
0.45,0.1,-0.0570403,0.00366147,-0.0183645
0.46,0.1,-0.057636,0.00306194,-0.0181532
0.47,0.1,-0.0581217,0.00244135,-0.0179352
0.48,0.1,-0.0584942,0.00180163,-0.0177111
0.49,0.1,-0.0587505,0.00114494,-0.0174816
0.5,0.1,-0.058888,0.000473648,-0.0172475
0.51,0.1,-0.0589046,-0.000209635,-0.0170096
0.52,0.1,-0.0587987,-0.000902093,-0.016769
0.53,0.1,-0.0585692,-0.0016007,-0.0165265
0.54,0.1,-0.0582155,-0.00230224,-0.0162833
0.55,0.1,-0.0577374,-0.00300329,-0.0160404
0.56,0.1,-0.0571356,-0.00370029,-0.015799
0.57,0.1,-0.0564112,-0.00438953,-0.0155603
0.58,0.1,-0.0555659,-0.00506716,-0.0153255
0.59,0.1,-0.0546022,-0.00572925,-0.0150958
0.6,0.1,-0.0535232,-0.0063718,-0.0148725
0.61,0.1,-0.0523324,-0.00699079,-0.0146569
0.62,0.1,-0.0510344,-0.00758217,-0.01445
0.63,0.1,-0.0496342,-0.00814196,-0.0142533
0.64,0.1,-0.0481375,-0.00866624,-0.0140677
0.65,0.1,-0.0465506,-0.00915118,-0.0138944
0.66,0.1,-0.0448805,-0.00959315,-0.0137345
0.67,0.1,-0.0431346,-0.00998866,-0.0135887
0.68,0.1,-0.0413211,-0.0103345,-0.0134581
0.69,0.1,-0.0394486,-0.0106277,-0.0133433
0.7,0.1,-0.0375261,-0.0108656,-0.0132448
0.71,0.1,-0.0355631,-0.0110459,-0.0131633
0.72,0.1,-0.0335694,-0.0111667,-0.0130989
0.73,0.1,-0.0315552,-0.0112265,-0.0130519
0.74,0.1,-0.0295308,-0.0112243,-0.0130222
0.75,0.1,-0.0275067,-0.0111594,-0.0130098
0.76,0.1,-0.0254934,-0.0110318,-0.0130143
0.77,0.1,-0.0235015,-0.010842,-0.0130351
0.78,0.1,-0.0215414,-0.0105909,-0.0130718
0.79,0.1,-0.0196234,-0.0102801,-0.0131234
0.8,0.1,-0.0177574,-0.00991186,-0.0131891
0.81,0.1,-0.0159529,-0.00948877,-0.0132677
0.82,0.1,-0.0142191,-0.00901424,-0.0133581
0.83,0.1,-0.0125643,-0.00849223,-0.0134589
0.84,0.1,-0.0109964,-0.00792734,-0.0135686
0.85,0.1,-0.00952238,-0.00732485,-0.0136858
0.86,0.1,-0.00814836,-0.00669071,-0.0138089
0.87,0.1,-0.00687948,-0.00603159,-0.0139362
0.88,0.1,-0.00571979,-0.00535492,-0.0140661
0.89,0.1,-0.0046722,-0.00466894,-0.0141968
0.9,0.1,-0.00373834,-0.0039828,-0.0143268
0.91,0.1,-0.00291854,-0.00330659,-0.0144543
0.92,0.1,-0.00221172,-0.00265148,-0.0145778
0.93,0.1,-0.00161538,-0.00202987,-0.0146958
0.94,0.1,-0.00112549,-0.00145548,-0.0148067
0.95,0.1,-0.000736523,-0.000943608,-0.0149093
0.96,0.1,-0.000441478,-0.000511283,-0.0150024
0.97,0.1,-0.00023167,-0.000177615,-0.0150844
0.98,0.1,-9.65592e-05,3.60448e-05,-0.0151539
0.99,0.1,-3.08414e-05,0.000105868,-0.0152238
1,0.1,0,0,-0.0152238
0,0.11,0,0,-0.0188745
0.01,0.11,-0.000102691,0.000374571,-0.0188745
0.02,0.11,-0.000290457,0.000887324,-0.019044
0.03,0.11,-0.000626671,0.00149733,-0.0191699
0.04,0.11,-0.0010897,0.00217519,-0.0192951
0.05,0.11,-0.00167844,0.00289591,-0.019418
0.06,0.11,-0.00238995,0.00363861,-0.0195368
0.07,0.11,-0.00322028,0.00438619,-0.0196516
0.08,0.11,-0.0041651,0.00512481,-0.0197619
0.09,0.11,-0.00521951,0.00584347,-0.0198672
0.1,0.11,-0.00637814,0.00653355,-0.0199671
0.11,0.11,-0.00763518,0.00718846,-0.0200612
0.12,0.11,-0.00898445,0.00780335,-0.020149
0.13,0.11,-0.0104195,0.00837473,-0.0202303
0.14,0.11,-0.0119336,0.00890031,-0.0203047
0.15,0.11,-0.0135199,0.0093787,-0.0203719
0.16,0.11,-0.0151715,0.00980925,-0.0204318
0.17,0.11,-0.0168814,0.0101919,-0.0204839
0.18,0.11,-0.0186425,0.0105269,-0.0205283
0.19,0.11,-0.0204479,0.0108151,-0.0205647
0.2,0.11,-0.0222906,0.0110571,-0.0205929
0.21,0.11,-0.0241638,0.011254,-0.0206129
0.22,0.11,-0.0260607,0.0114069,-0.0206245
0.23,0.11,-0.0279747,0.0115168,-0.0206275
0.24,0.11,-0.0298991,0.0115846,-0.020622
0.25,0.11,-0.0318275,0.0116113,-0.0206077
0.26,0.11,-0.0337534,0.0115977,-0.0205846
0.27,0.11,-0.0356705,0.0115446,-0.0205525
0.28,0.11,-0.0375725,0.0114527,-0.0205114
0.29,0.11,-0.0394534,0.0113224,-0.0204612
0.3,0.11,-0.0413069,0.0111542,-0.0204017
0.31,0.11,-0.043127,0.0109486,-0.0203328
0.32,0.11,-0.0449077,0.0107058,-0.0202546
0.33,0.11,-0.046643,0.0104262,-0.0201668
0.34,0.11,-0.048327,0.0101099,-0.0200695
0.35,0.11,-0.0499539,0.00975715,-0.0199627
0.36,0.11,-0.0515179,0.00936835,-0.0198462
0.37,0.11,-0.0530131,0.00894377,-0.0197201
0.38,0.11,-0.0544341,0.00848382,-0.0195845
0.39,0.11,-0.0557753,0.007989,-0.0194395
0.4,0.11,-0.0570312,0.00745995,-0.0192851
0.41,0.11,-0.0581966,0.00689744,-0.0191216
0.42,0.11,-0.0592664,0.00630242,-0.0189492
0.43,0.11,-0.0602356,0.00567602,-0.0187682
0.44,0.11,-0.0610996,0.00501958,-0.0185789
0.45,0.11,-0.0618539,0.00433466,-0.0183817
0.46,0.11,-0.0624943,0.00362306,-0.0181772
0.47,0.11,-0.0630171,0.00288682,-0.0179657
0.48,0.11,-0.0634187,0.00212825,-0.0177481
0.49,0.11,-0.063696,0.00134988,-0.0175249
0.5,0.11,-0.0638463,0.000554525,-0.0172969
0.51,0.11,-0.0638674,-0.000254743,-0.017065
0.52,0.11,-0.0637576,-0.00107461,-0.01683
0.53,0.11,-0.0635157,-0.00190153,-0.016593
0.54,0.11,-0.0631409,-0.00273171,-0.0163549
0.55,0.11,-0.0626334,-0.00356116,-0.0161168
0.56,0.11,-0.0619935,-0.0043857,-0.0158799
0.57,0.11,-0.0612225,-0.00520098,-0.0156454
0.58,0.11,-0.0603222,-0.00600251,-0.0154144
0.59,0.11,-0.0592951,-0.0067857,-0.0151882
0.6,0.11,-0.0581445,-0.00754586,-0.014968
0.61,0.11,-0.0568743,-0.0082783,-0.0147551
0.62,0.11,-0.0554889,-0.0089783,-0.0145507
0.63,0.11,-0.0539938,-0.00964119,-0.0143561
0.64,0.11,-0.0523949,-0.0102624,-0.0141723
0.65,0.11,-0.0506987,-0.0108375,-0.0140005
0.66,0.11,-0.0489127,-0.0113621,-0.0138417
0.67,0.11,-0.0470447,-0.0118323,-0.0136969
0.68,0.11,-0.0451033,-0.0122442,-0.013567
0.69,0.11,-0.0430974,-0.0125945,-0.0134526
0.7,0.11,-0.0410366,-0.0128799,-0.0133544
0.71,0.11,-0.0389308,-0.0130978,-0.013273
0.72,0.11,-0.0367906,-0.0132459,-0.0132085
0.73,0.11,-0.0346264,-0.0133225,-0.0131613
0.74,0.11,-0.0324494,-0.0133263,-0.0131314
0.75,0.11,-0.0302705,-0.0132567,-0.0131186
0.76,0.11,-0.028101,-0.0131134,-0.0131227
0.77,0.11,-0.025952,-0.0128971,-0.0131432
0.78,0.11,-0.0238347,-0.0126089,-0.0131795
0.79,0.11,-0.0217598,-0.0122507,-0.0132308
0.8,0.11,-0.019738,-0.0118248,-0.0132963
0.81,0.11,-0.0177795,-0.0113345,-0.0133748
0.82,0.11,-0.015894,-0.0107836,-0.0134652
0.83,0.11,-0.0140906,-0.0101769,-0.0135662
0.84,0.11,-0.0123777,-0.00951954,-0.0136765
0.85,0.11,-0.0107628,-0.00881778,-0.0137945
0.86,0.11,-0.00925272,-0.00807848,-0.0139187
0.87,0.11,-0.00785304,-0.00730934,-0.0140476
0.88,0.11,-0.00656839,-0.00651893,-0.0141795
0.89,0.11,-0.00540215,-0.00571672,-0.0143129
0.9,0.11,-0.00435648,-0.00491312,-0.0144461
0.91,0.11,-0.00343218,-0.0041196,-0.0145776
0.92,0.11,-0.00262868,-0.00334875,-0.0147059
0.93,0.11,-0.00194399,-0.0026144,-0.0148296
0.94,0.11,-0.00137465,-0.00193179,-0.0149473
0.95,0.11,-0.000915726,-0.00131766,-0.0150578
0.96,0.11,-0.000560955,-0.000790515,-0.01516
0.97,0.11,-0.000302444,-0.000370862,-0.0152525
0.98,0.11,-0.000130456,-8.13308e-05,-0.0153338
0.99,0.11,-4.31757e-05,5.31716e-05,-0.0154219
1,0.11,0,0,-0.0154219
0,0.12,0,0,-0.0187175
0.01,0.12,-0.000118617,0.000520521,-0.0187175
0.02,0.12,-0.000333961,0.00117488,-0.0189101
0.03,0.12,-0.000716711,0.00192261,-0.0190504
0.04,0.12,-0.00124002,0.00273437,-0.019188
0.05,0.12,-0.00190105,0.00358495,-0.0193213
0.06,0.12,-0.00269516,0.00445315,-0.0194484
0.07,0.12,-0.00361687,0.00532146,-0.0195698
0.08,0.12,-0.00466057,0.00617562,-0.0196851
0.09,0.12,-0.00582031,0.00700419,-0.0197942
0.1,0.12,-0.00708979,0.00779819,-0.0198967
0.11,0.12,-0.00846242,0.00855068,-0.0199925
0.12,0.12,-0.00993137,0.00925651,-0.0200814
0.13,0.12,-0.0114896,0.00991201,-0.0201631
0.14,0.12,-0.0131299,0.0105147,-0.0202375
0.15,0.12,-0.014845,0.0110631,-0.0203045
0.16,0.12,-0.0166275,0.0115565,-0.0203639
0.17,0.12,-0.0184701,0.0119947,-0.0204157
0.18,0.12,-0.0203654,0.0123782,-0.0204596
0.19,0.12,-0.022306,0.0127077,-0.0204957
0.2,0.12,-0.0242848,0.012984,-0.0205239
0.21,0.12,-0.0262945,0.0132083,-0.020544
0.22,0.12,-0.028328,0.0133816,-0.020556
0.23,0.12,-0.0303784,0.013505,-0.0205598
0.24,0.12,-0.0324388,0.0135797,-0.0205554
0.25,0.12,-0.0345023,0.0136067,-0.0205426
0.26,0.12,-0.0365622,0.0135869,-0.0205214
0.27,0.12,-0.0386118,0.0135211,-0.0204917
0.28,0.12,-0.0406446,0.01341,-0.0204533
0.29,0.12,-0.0426541,0.0132543,-0.0204062
0.3,0.12,-0.0446337,0.0130545,-0.0203502
0.31,0.12,-0.0465772,0.0128109,-0.0202852
0.32,0.12,-0.0484782,0.0125241,-0.0202112
0.33,0.12,-0.0503303,0.0121942,-0.0201281
0.34,0.12,-0.0521274,0.0118217,-0.0200357
0.35,0.12,-0.0538633,0.0114068,-0.019934
0.36,0.12,-0.0555318,0.0109498,-0.019823
0.37,0.12,-0.057127,0.0104513,-0.0197027
0.38,0.12,-0.0586429,0.0099116,-0.019573
0.39,0.12,-0.0600736,0.00933144,-0.019434
0.4,0.12,-0.0614135,0.00871156,-0.0192858
0.41,0.12,-0.0626571,0.00805289,-0.0191286
0.42,0.12,-0.0637989,0.00735655,-0.0189625
0.43,0.12,-0.0648337,0.0066239,-0.0187879
0.44,0.12,-0.0657567,0.00585652,-0.0186049
0.45,0.12,-0.0665631,0.00505624,-0.0184139
0.46,0.12,-0.0672487,0.00422518,-0.0182155
0.47,0.12,-0.0678092,0.00336571,-0.0180101
0.48,0.12,-0.0682411,0.00248051,-0.0177983
0.49,0.12,-0.0685411,0.00157256,-0.0175808
0.5,0.12,-0.0687063,0.000645098,-0.0173582
0.51,0.12,-0.0687345,-0.000298312,-0.0171314
0.52,0.12,-0.0686237,-0.00125384,-0.0169013
0.53,0.12,-0.0683726,-0.00221737,-0.0166688
0.54,0.12,-0.0679807,-0.00318455,-0.0164349
0.55,0.12,-0.0674476,-0.00415076,-0.0162007
0.56,0.12,-0.0667741,-0.00511119,-0.0159674
0.57,0.12,-0.0659612,-0.00606082,-0.015736
0.58,0.12,-0.065011,-0.00699449,-0.0155078
0.59,0.12,-0.0639258,-0.0079069,-0.0152841
0.6,0.12,-0.0627091,-0.00879267,-0.015066
0.61,0.12,-0.0613649,-0.00964639,-0.0148549
0.62,0.12,-0.0598978,-0.0104626,-0.0146519
0.63,0.12,-0.0583135,-0.011236,-0.0144584
0.64,0.12,-0.0566181,-0.0119613,-0.0142754
0.65,0.12,-0.0548185,-0.0126333,-0.0141042
0.66,0.12,-0.0529223,-0.0132471,-0.0139457
0.67,0.12,-0.0509377,-0.0137981,-0.013801
0.68,0.12,-0.0488736,-0.0142819,-0.013671
0.69,0.12,-0.0467394,-0.0146944,-0.0135564
0.7,0.12,-0.0445451,-0.0150321,-0.0134578
0.71,0.12,-0.0423012,-0.0152919,-0.0133759
0.72,0.12,-0.0400186,-0.0154711,-0.013311
0.73,0.12,-0.0377084,-0.0155677,-0.0132632
0.74,0.12,-0.0353822,-0.0155802,-0.0132328
0.75,0.12,-0.0330516,-0.0155078,-0.0132195
0.76,0.12,-0.0307284,-0.0153503,-0.0132232
0.77,0.12,-0.0284245,-0.0151083,-0.0132434
0.78,0.12,-0.0261515,-0.0147831,-0.0132795
0.79,0.12,-0.023921,-0.0143768,-0.0133309
0.8,0.12,-0.0217442,-0.0138921,-0.0133965
0.81,0.12,-0.0196319,-0.0133328,-0.0134755
0.82,0.12,-0.0175946,-0.0127032,-0.0135666
0.83,0.12,-0.0156419,-0.0120086,-0.0136687
0.84,0.12,-0.013783,-0.0112551,-0.0137803
0.85,0.12,-0.0120259,-0.0104498,-0.0139
0.86,0.12,-0.0103781,-0.0096005,-0.0140264
0.87,0.12,-0.00884567,-0.00871592,-0.014158
0.88,0.12,-0.00743392,-0.00780581,-0.0142931
0.89,0.12,-0.00614679,-0.00688085,-0.0144303
0.9,0.12,-0.00498698,-0.00595277,-0.014568
0.91,0.12,-0.00395587,-0.00503437,-0.0147047
0.92,0.12,-0.00305346,-0.00413966,-0.014839
0.93,0.12,-0.00227835,-0.0032839,-0.0149696
0.94,0.12,-0.0016277,-0.00248373,-0.0150952
0.95,0.12,-0.00109729,-0.00175733,-0.0152146
0.96,0.12,-0.00068162,-0.00112454,-0.015327
0.97,0.12,-0.000373621,-0.000607142,-0.0154307
0.98,0.12,-0.000164361,-0.000228849,-0.0155244
0.99,0.12,-5.54506e-05,-1.54253e-05,-0.015631
1,0.12,0,0,-0.015631
0,0.13,0,0,-0.0185666
0.01,0.13,-0.000134157,0.000686631,-0.0185666
0.02,0.13,-0.000376515,0.00150015,-0.0187822
0.03,0.13,-0.000805034,0.00240081,-0.0189369
0.04,0.13,-0.00138783,0.00335952,-0.019087
0.05,0.13,-0.00212036,0.00435115,-0.0192309
0.06,0.13,-0.00299632,0.0053544,-0.0193668
0.07,0.13,-0.00400867,0.0063516,-0.0194953
0.08,0.13,-0.00515053,0.00732825,-0.0196162
0.09,0.13,-0.0064148,0.00827268,-0.0197296
0.1,0.13,-0.00779425,0.00917566,-0.0198354
0.11,0.13,-0.00928146,0.0100301,-0.0199336
0.12,0.13,-0.0108689,0.0108305,-0.0200241
0.13,0.13,-0.0125489,0.0115733,-0.0201069
0.14,0.13,-0.0143138,0.0122557,-0.020182
0.15,0.13,-0.0161558,0.0128763,-0.0202494
0.16,0.13,-0.0180672,0.0134344,-0.020309
0.17,0.13,-0.0200401,0.0139297,-0.0203609
0.18,0.13,-0.0220669,0.0143628,-0.0204049
0.19,0.13,-0.0241399,0.0147345,-0.0204412
0.2,0.13,-0.0262517,0.0150456,-0.0204698
0.21,0.13,-0.0283946,0.0152973,-0.0204905
0.22,0.13,-0.0305613,0.0154909,-0.0205033
0.23,0.13,-0.0327445,0.0156275,-0.0205083
0.24,0.13,-0.034937,0.0157084,-0.0205054
0.25,0.13,-0.0371318,0.0157346,-0.0204945
0.26,0.13,-0.0393217,0.0157072,-0.0204755
0.27,0.13,-0.0414999,0.015627,-0.0204483
0.28,0.13,-0.0436595,0.0154949,-0.0204129
0.29,0.13,-0.0457937,0.0153115,-0.0203691
0.3,0.13,-0.0478957,0.0150774,-0.0203168
0.31,0.13,-0.0499588,0.0147931,-0.0202559
0.32,0.13,-0.0519764,0.0144589,-0.0201862
0.33,0.13,-0.053942,0.0140754,-0.0201078
0.34,0.13,-0.0558489,0.0136428,-0.0200203
0.35,0.13,-0.0576907,0.0131616,-0.0199239
0.36,0.13,-0.0594611,0.0126321,-0.0198183
0.37,0.13,-0.0611537,0.0120548,-0.0197036
0.38,0.13,-0.0627623,0.0114305,-0.0195797
0.39,0.13,-0.0642809,0.0107597,-0.0194466
0.4,0.13,-0.0657033,0.0100434,-0.0193044
0.41,0.13,-0.0670239,0.00928278,-0.0191533
0.42,0.13,-0.0682369,0.00847907,-0.0189932
0.43,0.13,-0.069337,0.00763386,-0.0188245
0.44,0.13,-0.0703191,0.006749,-0.0186475
0.45,0.13,-0.0711781,0.00582661,-0.0184623
0.46,0.13,-0.0719096,0.00486912,-0.0182696
0.47,0.13,-0.0725092,0.00387927,-0.0180696
0.48,0.13,-0.0729732,0.00286014,-0.0178631
0.49,0.13,-0.073298,0.00181511,-0.0176505
0.5,0.13,-0.0734808,0.000747913,-0.0174327
0.51,0.13,-0.0735189,-0.000337389,-0.0172103
0.52,0.13,-0.0734105,-0.00143643,-0.0169842
0.53,0.13,-0.073154,-0.00254452,-0.0167555
0.54,0.13,-0.0727489,-0.0036567,-0.016525
0.55,0.13,-0.0721948,-0.00476771,-0.0162937
0.56,0.13,-0.0714922,-0.00587209,-0.016063
0.57,0.13,-0.0706423,-0.00696413,-0.0158338
0.58,0.13,-0.0696471,-0.00803795,-0.0156075
0.59,0.13,-0.0685091,-0.00908755,-0.0153852
0.6,0.13,-0.0672316,-0.0101068,-0.0151682
0.61,0.13,-0.0658188,-0.0110895,-0.0149579
0.62,0.13,-0.0642756,-0.0120296,-0.0147553
0.63,0.13,-0.0626076,-0.0129209,-0.0145619
0.64,0.13,-0.0608211,-0.0137574,-0.0143788
0.65,0.13,-0.0589233,-0.0145333,-0.0142072
0.66,0.13,-0.056922,-0.015243,-0.0140482
0.67,0.13,-0.0548257,-0.015881,-0.0139027
0.68,0.13,-0.0526437,-0.0164425,-0.0137718
0.69,0.13,-0.0503857,-0.0169229,-0.0136562
0.7,0.13,-0.0480621,-0.0173181,-0.0135566
0.71,0.13,-0.0456839,-0.0176243,-0.0134736
0.72,0.13,-0.0432623,-0.0178388,-0.0134077
0.73,0.13,-0.040809,-0.0179589,-0.013359
0.74,0.13,-0.0383362,-0.0179831,-0.0133277
0.75,0.13,-0.0358561,-0.0179104,-0.0133137
0.76,0.13,-0.033381,-0.0177405,-0.0133169
0.77,0.13,-0.0309234,-0.0174741,-0.0133368
0.78,0.13,-0.0284955,-0.0171125,-0.0133728
0.79,0.13,-0.0261097,-0.016658,-0.0134244
0.8,0.13,-0.0237778,-0.0161138,-0.0134906
0.81,0.13,-0.0215114,-0.015484,-0.0135704
0.82,0.13,-0.0193214,-0.0147736,-0.0136628
0.83,0.13,-0.0172182,-0.0139885,-0.0137666
0.84,0.13,-0.0152117,-0.0131356,-0.0138803
0.85,0.13,-0.0133106,-0.0122227,-0.0140026
0.86,0.13,-0.011523,-0.0112587,-0.0141321
0.87,0.13,-0.00985568,-0.0102535,-0.0142673
0.88,0.13,-0.00831453,-0.0092178,-0.0144067
0.89,0.13,-0.00690415,-0.00816365,-0.0145488
0.9,0.13,-0.00562787,-0.00710403,-0.0146921
0.91,0.13,-0.0044877,-0.00605311,-0.0148351
0.92,0.13,-0.0034843,-0.00502626,-0.0149766
0.93,0.13,-0.0026169,-0.00404015,-0.0151151
0.94,0.13,-0.00188339,-0.00311282,-0.0152496
0.95,0.13,-0.00128025,-0.00226378,-0.0153788
0.96,0.13,-0.000802791,-0.00151417,-0.0155021
0.97,0.13,-0.000444795,-0.000886886,-0.0156177
0.98,0.13,-0.000198087,-0.00040663,-0.0157242
0.99,0.13,-6.76022e-05,-9.98566e-05,-0.0158496
1,0.13,0,0,-0.0158496
0,0.14,0,0,-0.0184245
0.01,0.14,-0.000149283,0.000872423,-0.0184245
0.02,0.14,-0.000418023,0.00186238,-0.0186625
0.03,0.14,-0.000891386,0.00293102,-0.0188316
0.04,0.14,-0.00153263,0.00404969,-0.0189943
0.05,0.14,-0.00233559,0.00519355,-0.0191491
0.06,0.14,-0.00329229,0.00634142,-0.019294
0.07,0.14,-0.00439419,0.00747567,-0.0194298
0.08,0.14,-0.00563307,0.00858175,-0.0195568
0.09,0.14,-0.00700072,0.00964791,-0.019675
0.1,0.14,-0.00848891,0.0106648,-0.0197846
0.11,0.14,-0.0100894,0.0116253,-0.0198857
0.12,0.14,-0.0117939,0.012524,-0.0199785
0.13,0.14,-0.0135941,0.0133569,-0.0200629
0.14,0.14,-0.0154818,0.0141216,-0.0201392
0.15,0.14,-0.0174488,0.0148164,-0.0202075
0.16,0.14,-0.0194867,0.0154407,-0.0202679
0.17,0.14,-0.0215877,0.0159944,-0.0203203
0.18,0.14,-0.0237434,0.0164781,-0.0203651
0.19,0.14,-0.0259461,0.0168924,-0.0204021
0.2,0.14,-0.0281879,0.0172386,-0.0204314
0.21,0.14,-0.0304609,0.0175179,-0.0204532
0.22,0.14,-0.0327575,0.0177315,-0.0204673
0.23,0.14,-0.0350702,0.0178808,-0.0204738
0.24,0.14,-0.0373915,0.017967,-0.0204728
0.25,0.14,-0.0397141,0.0179914,-0.020464
0.26,0.14,-0.0420306,0.017955,-0.0204475
0.27,0.14,-0.0443339,0.0178588,-0.0204232
0.28,0.14,-0.0466167,0.0177037,-0.020391
0.29,0.14,-0.0488722,0.0174904,-0.0203507
0.3,0.14,-0.0510931,0.0172196,-0.0203023
0.31,0.14,-0.0532727,0.0168917,-0.0202456
0.32,0.14,-0.0554039,0.0165072,-0.0201805
0.33,0.14,-0.0574799,0.0160667,-0.0201068
0.34,0.14,-0.059494,0.0155705,-0.0200244
0.35,0.14,-0.0614394,0.015019,-0.0199332
0.36,0.14,-0.0633095,0.0144128,-0.0198331
0.37,0.14,-0.0650976,0.0137525,-0.0197239
0.38,0.14,-0.0667974,0.0130387,-0.0196057
0.39,0.14,-0.0684024,0.0122724,-0.0194784
0.4,0.14,-0.0699064,0.0114546,-0.0193421
0.41,0.14,-0.0713035,0.0105865,-0.0191967
0.42,0.14,-0.0725876,0.00966974,-0.0190424
0.43,0.14,-0.0737533,0.00870607,-0.0188794
0.44,0.14,-0.074795,0.00769761,-0.0187079
0.45,0.14,-0.0757077,0.00664676,-0.0185282
0.46,0.14,-0.0764866,0.0055563,-0.0183407
0.47,0.14,-0.0771272,0.00442933,-0.0181457
0.48,0.14,-0.0776255,0.00326933,-0.0179438
0.49,0.14,-0.0779778,0.00208014,-0.0177357
0.5,0.14,-0.0781811,0.000865966,-0.0175219
0.51,0.14,-0.0782326,-0.000368615,-0.0173032
0.52,0.14,-0.0781302,-0.00161868,-0.0170805
0.53,0.14,-0.0778725,-0.00287895,-0.0168546
0.54,0.14,-0.0774584,-0.00414383,-0.0166266
0.55,0.14,-0.0768878,-0.00540744,-0.0163976
0.56,0.14,-0.076161,-0.0066636,-0.0161685
0.57,0.14,-0.0752792,-0.0079059,-0.0159406
0.58,0.14,-0.0742442,-0.00912775,-0.0157152
0.59,0.14,-0.0730585,-0.0103224,-0.0154934
0.6,0.14,-0.0717256,-0.0114829,-0.0152765
0.61,0.14,-0.0702497,-0.0126024,-0.0150659
0.62,0.14,-0.0686356,-0.0136739,-0.0148628
0.63,0.14,-0.0668891,-0.0146906,-0.0146686
0.64,0.14,-0.0650166,-0.0156456,-0.0144844
0.65,0.14,-0.0630256,-0.0165324,-0.0143114
0.66,0.14,-0.060924,-0.0173447,-0.0141508
0.67,0.14,-0.0587206,-0.0180764,-0.0140037
0.68,0.14,-0.0564249,-0.0187219,-0.0138711
0.69,0.14,-0.054047,-0.019276,-0.0137537
0.7,0.14,-0.0515976,-0.019734,-0.0136524
0.71,0.14,-0.0490882,-0.0200918,-0.0135677
0.72,0.14,-0.0465304,-0.020346,-0.0135001
0.73,0.14,-0.0439365,-0.0204937,-0.01345
0.74,0.14,-0.041319,-0.0205332,-0.0134174
0.75,0.14,-0.0386907,-0.020463,-0.0134024
0.76,0.14,-0.0360647,-0.020283,-0.0134049
0.77,0.14,-0.0334539,-0.0199938,-0.0134243
0.78,0.14,-0.0308713,-0.0195968,-0.0134604
0.79,0.14,-0.0283299,-0.0190945,-0.0135122
0.8,0.14,-0.0258421,-0.0184905,-0.0135792
0.81,0.14,-0.0234203,-0.0177893,-0.0136603
0.82,0.14,-0.0210761,-0.0169963,-0.0137544
0.83,0.14,-0.0188207,-0.0161182,-0.0138603
0.84,0.14,-0.0166646,-0.0151627,-0.0139768
0.85,0.14,-0.0146172,-0.0141385,-0.0141024
0.86,0.14,-0.0126874,-0.0130554,-0.0142359
0.87,0.14,-0.0108827,-0.0119244,-0.0143756
0.88,0.14,-0.00920957,-0.0107573,-0.0145202
0.89,0.14,-0.00767342,-0.00956751,-0.0146681
0.9,0.14,-0.00627825,-0.00836921,-0.0148179
0.91,0.14,-0.00502677,-0.00717794,-0.0149683
0.92,0.14,-0.00392033,-0.00601045,-0.0151178
0.93,0.14,-0.00295889,-0.00488479,-0.0152653
0.94,0.14,-0.00214106,-0.00382036,-0.0154095
0.95,0.14,-0.0014641,-0.00283797,-0.0155493
0.96,0.14,-0.000924144,-0.00195997,-0.0156843
0.97,0.14,-0.000515784,-0.00121035,-0.0158124
0.98,0.14,-0.000231561,-0.000614668,-0.015932
0.99,0.14,-7.96092e-05,-0.000200001,-0.0160763
1,0.14,0,0,-0.0160763
0,0.15,0,0,-0.0182934
0.01,0.15,-0.000163981,0.00107739,-0.0182934
0.02,0.15,-0.000458426,0.00226074,-0.0185534
0.03,0.15,-0.000975599,0.00351218,-0.0187367
0.04,0.15,-0.00167409,0.00480371,-0.018912
0.05,0.15,-0.00254616,0.00611093,-0.0190776
0.06,0.15,-0.00358223,0.00741296,-0.0192317
0.07,0.15,-0.00477226,0.00869238,-0.0193752
0.08,0.15,-0.00610673,0.00993479,-0.0195085
0.09,0.15,-0.00757628,0.0111285,-0.0196319
0.1,0.15,-0.00917167,0.0122643,-0.0197457
0.11,0.15,-0.0108838,0.013335,-0.0198502
0.12,0.15,-0.0127036,0.0143353,-0.0199456
0.13,0.15,-0.0146222,0.0152612,-0.0200322
0.14,0.15,-0.0166308,0.0161104,-0.0201102
0.15,0.15,-0.0187206,0.0168813,-0.0201799
0.16,0.15,-0.020883,0.0175733,-0.0202415
0.17,0.15,-0.0231096,0.0181864,-0.0202951
0.18,0.15,-0.0253918,0.0187213,-0.0203409
0.19,0.15,-0.0277215,0.0191789,-0.020379
0.2,0.15,-0.0300904,0.0195603,-0.0204097
0.21,0.15,-0.0324906,0.019867,-0.0204329
0.22,0.15,-0.0349142,0.0201002,-0.0204487
0.23,0.15,-0.0373533,0.0202615,-0.0204572
0.24,0.15,-0.0398002,0.0203523,-0.0204583
0.25,0.15,-0.0422474,0.0203737,-0.020452
0.26,0.15,-0.0446872,0.020327,-0.0204384
0.27,0.15,-0.0471124,0.0202132,-0.0204172
0.28,0.15,-0.0495154,0.0200332,-0.0203885
0.29,0.15,-0.0518891,0.0197879,-0.020352
0.3,0.15,-0.0542261,0.0194779,-0.0203077
0.31,0.15,-0.0565193,0.0191038,-0.0202554
0.32,0.15,-0.0587615,0.0186662,-0.0201949
0.33,0.15,-0.0609456,0.0181655,-0.0201261
0.34,0.15,-0.0630647,0.0176023,-0.0200489
0.35,0.15,-0.0651117,0.016977,-0.019963
0.36,0.15,-0.0670797,0.0162903,-0.0198683
0.37,0.15,-0.068962,0.0155427,-0.0197647
0.38,0.15,-0.0707519,0.0147352,-0.0196522
0.39,0.15,-0.0724426,0.0138688,-0.0195306
0.4,0.15,-0.0740279,0.0129445,-0.0193999
0.41,0.15,-0.0755015,0.011964,-0.0192602
0.42,0.15,-0.0768571,0.0109289,-0.0191115
0.43,0.15,-0.0780891,0.00984125,-0.0189539
0.44,0.15,-0.0791916,0.00870344,-0.0187876
0.45,0.15,-0.0801596,0.0075182,-0.018613
0.46,0.15,-0.0809878,0.00628861,-0.0184302
0.47,0.15,-0.0816717,0.00501818,-0.0182397
0.48,0.15,-0.0822071,0.00371078,-0.018042
0.49,0.15,-0.08259,0.00237071,-0.0178377
0.5,0.15,-0.0828172,0.00100267,-0.0176274
0.51,0.15,-0.0828859,-0.000388234,-0.0174117
0.52,0.15,-0.0827937,-0.00179652,-0.0171917
0.53,0.15,-0.082539,-0.0032163,-0.016968
0.54,0.15,-0.0821207,-0.00464135,-0.0167417
0.55,0.15,-0.0815385,-0.0060651,-0.0165139
0.56,0.15,-0.0807925,-0.00748069,-0.0162857
0.57,0.15,-0.0798839,-0.00888098,-0.0160582
0.58,0.15,-0.0788144,-0.0102586,-0.0158327
0.59,0.15,-0.0775865,-0.011606,-0.0156105
0.6,0.15,-0.0762036,-0.0129156,-0.0153927
0.61,0.15,-0.0746698,-0.0141796,-0.0151809
0.62,0.15,-0.07299,-0.0153902,-0.0149763
0.63,0.15,-0.0711702,-0.0165399,-0.0147801
0.64,0.15,-0.0692168,-0.0176209,-0.0145938
0.65,0.15,-0.0671373,-0.018626,-0.0144186
0.66,0.15,-0.0649398,-0.019548,-0.0142555
0.67,0.15,-0.0626335,-0.0203801,-0.0141059
0.68,0.15,-0.0602279,-0.0211162,-0.0139706
0.69,0.15,-0.0577336,-0.0217501,-0.0138506
0.7,0.15,-0.0551616,-0.0222768,-0.0137467
0.71,0.15,-0.0525236,-0.0226916,-0.0136596
0.72,0.15,-0.0498319,-0.0229905,-0.0135898
0.73,0.15,-0.047099,-0.0231704,-0.0135376
0.74,0.15,-0.0443381,-0.0232289,-0.0135033
0.75,0.15,-0.0415625,-0.0231647,-0.0134869
0.76,0.15,-0.0387859,-0.0229774,-0.0134883
0.77,0.15,-0.0360218,-0.0226674,-0.0135071
0.78,0.15,-0.033284,-0.0222365,-0.013543
0.79,0.15,-0.0305859,-0.0216872,-0.0135953
0.8,0.15,-0.0279409,-0.0210234,-0.0136631
0.81,0.15,-0.025362,-0.02025,-0.0137456
0.82,0.15,-0.0228616,-0.0193732,-0.0138417
0.83,0.15,-0.0204517,-0.0184,-0.0139503
0.84,0.15,-0.0181434,-0.0173391,-0.01407
0.85,0.15,-0.0159471,-0.0161999,-0.0141996
0.86,0.15,-0.0138722,-0.0149933,-0.0143377
0.87,0.15,-0.0119273,-0.0137313,-0.0144827
0.88,0.15,-0.0101194,-0.012427,-0.0146332
0.89,0.15,-0.00845478,-0.011095,-0.0147879
0.9,0.15,-0.00693815,-0.00975068,-0.0149452
0.91,0.15,-0.00557299,-0.00841102,-0.0151037
0.92,0.15,-0.00436142,-0.00709413,-0.0152622
0.93,0.15,-0.00330417,-0.0058194,-0.0154195
0.94,0.15,-0.0024006,-0.00460758,-0.0155742
0.95,0.15,-0.00164877,-0.00348076,-0.0157255
0.96,0.15,-0.00104564,-0.00246246,-0.0158726
0.97,0.15,-0.000586581,-0.00157771,-0.0160136
0.98,0.15,-0.000264793,-0.000852919,-0.0161467
0.99,0.15,-9.1481e-05,-0.000315725,-0.0163102
1,0.15,0,0,-0.0163102
0,0.16,0,0,-0.0181755
0.01,0.16,-0.000178246,0.00130099,-0.0181755
0.02,0.16,-0.000497688,0.00269429,-0.018457
0.03,0.16,-0.00105756,0.00414313,-0.0186542
0.04,0.16,-0.00181196,0.00562024,-0.018842
0.05,0.16,-0.00275165,0.00710182,-0.0190184
0.06,0.16,-0.0038655,0.00856748,-0.0191817
0.07,0.16,-0.005142,0.0100002,-0.0193331
0.08,0.16,-0.00657034,0.0113858,-0.019473
0.09,0.16,-0.00814003,0.0127129,-0.0196019
0.1,0.16,-0.00984082,0.0139724,-0.0197202
0.11,0.16,-0.0116627,0.0151573,-0.0198284
0.12,0.16,-0.0135959,0.0162624,-0.0199268
0.13,0.16,-0.0156309,0.0172841,-0.0200159
0.14,0.16,-0.0177583,0.01822,-0.0200961
0.15,0.16,-0.0199687,0.0190686,-0.0201676
0.16,0.16,-0.0222532,0.0198297,-0.0202308
0.17,0.16,-0.0246029,0.0205032,-0.020286
0.18,0.16,-0.0270091,0.02109,-0.0203333
0.19,0.16,-0.0294631,0.0215911,-0.0203731
0.2,0.16,-0.0319565,0.0220078,-0.0204054
0.21,0.16,-0.0344811,0.0223417,-0.0204305
0.22,0.16,-0.0370287,0.0225941,-0.0204484
0.23,0.16,-0.0395913,0.0227668,-0.0204592
0.24,0.16,-0.0421609,0.0228611,-0.0204629
0.25,0.16,-0.0447297,0.0228784,-0.0204595
0.26,0.16,-0.04729,0.02282,-0.020449
0.27,0.16,-0.0498342,0.022687,-0.0204313
0.28,0.16,-0.0523546,0.0224804,-0.0204063
0.29,0.16,-0.0548438,0.0222011,-0.0203739
0.3,0.16,-0.0572943,0.0218498,-0.020334
0.31,0.16,-0.0596987,0.0214271,-0.0202862
0.32,0.16,-0.0620497,0.0209336,-0.0202306
0.33,0.16,-0.0643399,0.0203699,-0.0201669
0.34,0.16,-0.0665622,0.0197365,-0.0200948
0.35,0.16,-0.0687093,0.0190341,-0.0200143
0.36,0.16,-0.0707741,0.0182632,-0.0199252
0.37,0.16,-0.0727497,0.0174246,-0.0198272
0.38,0.16,-0.074629,0.0165194,-0.0197203
0.39,0.16,-0.0764053,0.0155485,-0.0196043
0.4,0.16,-0.078072,0.0145134,-0.0194792
0.41,0.16,-0.0796225,0.0134157,-0.019345
0.42,0.16,-0.0810505,0.0122573,-0.0192017
0.43,0.16,-0.08235,0.0110406,-0.0190493
0.44,0.16,-0.0835151,0.00976812,-0.018888
0.45,0.16,-0.0845402,0.00844292,-0.0187181
0.46,0.16,-0.0854203,0.00706846,-0.0185397
0.47,0.16,-0.0861503,0.00564859,-0.0183533
0.48,0.16,-0.0867258,0.00418763,-0.0181594
0.49,0.16,-0.0871429,0.00269032,-0.0179583
0.5,0.16,-0.087398,0.00116186,-0.0177509
0.51,0.16,-0.0874879,-0.000392114,-0.0175377
0.52,0.16,-0.0874104,-0.00196553,-0.0173196
0.53,0.16,-0.0871635,-0.0035519,-0.0170974
0.54,0.16,-0.0867459,-0.00514436,-0.0168721
0.55,0.16,-0.0861572,-0.00673564,-0.0166448
0.56,0.16,-0.0853973,-0.00831816,-0.0164165
0.57,0.16,-0.0844673,-0.00988405,-0.0161885
0.58,0.16,-0.0833688,-0.0114252,-0.0159621
0.59,0.16,-0.0821041,-0.0129332,-0.0157384
0.6,0.16,-0.0806766,-0.0143996,-0.0155189
0.61,0.16,-0.0790903,-0.0158159,-0.0153048
0.62,0.16,-0.0773502,-0.0171735,-0.0150976
0.63,0.16,-0.0754621,-0.0184638,-0.0148986
0.64,0.16,-0.0734326,-0.0196785,-0.0147092
0.65,0.16,-0.0712692,-0.0208094,-0.0145306
0.66,0.16,-0.0689803,-0.0218485,-0.0143641
0.67,0.16,-0.0665749,-0.0227883,-0.0142109
0.68,0.16,-0.0640632,-0.0236218,-0.014072
0.69,0.16,-0.0614556,-0.0243423,-0.0139485
0.7,0.16,-0.0587637,-0.024944,-0.0138412
0.71,0.16,-0.0559994,-0.0254216,-0.0137509
0.72,0.16,-0.0531755,-0.0257706,-0.0136781
0.73,0.16,-0.050305,-0.0259875,-0.0136232
0.74,0.16,-0.0474015,-0.0260696,-0.0135866
0.75,0.16,-0.0444789,-0.0260152,-0.0135683
0.76,0.16,-0.0415515,-0.0258238,-0.0135683
0.77,0.16,-0.0386335,-0.0254957,-0.0135862
0.78,0.16,-0.0357392,-0.0250327,-0.0136217
0.79,0.16,-0.032883,-0.0244376,-0.0136742
0.8,0.16,-0.0300789,-0.0237144,-0.013743
0.81,0.16,-0.0273407,-0.0228686,-0.013827
0.82,0.16,-0.0246815,-0.0219066,-0.0139254
0.83,0.16,-0.0221142,-0.0208365,-0.0140369
0.84,0.16,-0.0196508,-0.0196673,-0.0141604
0.85,0.16,-0.0173025,-0.0184097,-0.0142944
0.86,0.16,-0.0150795,-0.0170753,-0.0144376
0.87,0.16,-0.012991,-0.0156772,-0.0145886
0.88,0.16,-0.0110453,-0.0142298,-0.0147458
0.89,0.16,-0.00924921,-0.0127488,-0.014908
0.9,0.16,-0.00760834,-0.011251,-0.0150735
0.91,0.16,-0.00612698,-0.00975466,-0.0152411
0.92,0.16,-0.00480805,-0.00827927,-0.0154094
0.93,0.16,-0.0036531,-0.0068456,-0.0155771
0.94,0.16,-0.0026623,-0.00547572,-0.0157432
0.95,0.16,-0.00183448,-0.00419301,-0.0159064
0.96,0.16,-0.00116744,-0.00302214,-0.0160664
0.97,0.16,-0.000657308,-0.00198918,-0.0162208
0.98,0.16,-0.000297857,-0.00112136,-0.0163677
0.99,0.16,-0.000103249,-0.000446923,-0.0165503
1,0.16,0,0,-0.0165503
0,0.17,0,0,-0.0180729
0.01,0.17,-0.000192074,0.0015427,-0.0180729
0.02,0.17,-0.000535787,0.00316209,-0.0183753
0.03,0.17,-0.0011372,0.0048226,-0.0185861
0.04,0.17,-0.00194608,0.0064978,-0.0187861
0.05,0.17,-0.00295175,0.00816461,-0.0189733
0.06,0.17,-0.00414161,0.00980327,-0.0191459
0.07,0.17,-0.00550272,0.0113972,-0.0193051
0.08,0.17,-0.007023,0.0129328,-0.0194517
0.09,0.17,-0.00869082,0.014399,-0.0195863
0.1,0.17,-0.010495,0.015787,-0.0197093
0.11,0.17,-0.0124245,0.0170901,-0.0198215
0.12,0.17,-0.014469,0.0183035,-0.0199234
0.13,0.17,-0.0166181,0.0194235,-0.0200154
0.14,0.17,-0.0188619,0.0204482,-0.020098
0.15,0.17,-0.0211907,0.0213762,-0.0201718
0.16,0.17,-0.0235948,0.0222075,-0.020237
0.17,0.17,-0.0260652,0.0229423,-0.0202942
0.18,0.17,-0.0285927,0.0235815,-0.0203435
0.19,0.17,-0.0311684,0.0241263,-0.0203852
0.2,0.17,-0.0337836,0.0245784,-0.0204197
0.21,0.17,-0.0364299,0.0249392,-0.020447
0.22,0.17,-0.0390987,0.0252104,-0.0204673
0.23,0.17,-0.041782,0.0253937,-0.0204808
0.24,0.17,-0.0444714,0.0254907,-0.0204875
0.25,0.17,-0.0471592,0.0255028,-0.0204873
0.26,0.17,-0.0498372,0.0254315,-0.0204803
0.27,0.17,-0.0524978,0.0252778,-0.0204664
0.28,0.17,-0.0551331,0.0250429,-0.0204455
0.29,0.17,-0.0577354,0.0247276,-0.0204174
0.3,0.17,-0.0602972,0.0243328,-0.0203821
0.31,0.17,-0.0628107,0.0238592,-0.0203392
0.32,0.17,-0.0652686,0.0233074,-0.0202886
0.33,0.17,-0.0676633,0.022678,-0.0202301
0.34,0.17,-0.0699873,0.0219717,-0.0201634
0.35,0.17,-0.0722334,0.021189,-0.0200884
0.36,0.17,-0.0743942,0.0203307,-0.0200049
0.37,0.17,-0.0764625,0.0193976,-0.0199126
0.38,0.17,-0.0784312,0.0183909,-0.0198113
0.39,0.17,-0.0802932,0.0173118,-0.019701
0.4,0.17,-0.0820418,0.0161617,-0.0195814
0.41,0.17,-0.0836702,0.0149425,-0.0194526
0.42,0.17,-0.0851718,0.0136564,-0.0193145
0.43,0.17,-0.0865405,0.0123058,-0.0191671
0.44,0.17,-0.0877702,0.0108937,-0.0190106
0.45,0.17,-0.088855,0.00942338,-0.0188451
0.46,0.17,-0.0897897,0.00789866,-0.0186708
0.47,0.17,-0.090569,0.00632376,-0.0184882
0.48,0.17,-0.0911884,0.00470342,-0.0182975
0.49,0.17,-0.0916435,0.00304284,-0.0180993
0.5,0.17,-0.0919306,0.00134773,-0.0178942
0.51,0.17,-0.0920464,-0.000375758,-0.0176829
0.52,0.17,-0.0919884,-0.00212096,-0.0174661
0.53,0.17,-0.0917542,-0.00388078,-0.0172447
0.54,0.17,-0.0913426,-0.00564767,-0.0170197
0.55,0.17,-0.0907528,-0.00741369,-0.016792
0.56,0.17,-0.0899846,-0.00917054,-0.016563
0.57,0.17,-0.0890388,-0.0109096,-0.0163336
0.58,0.17,-0.0879169,-0.0126218,-0.0161053
0.59,0.17,-0.0866211,-0.0142982,-0.0158793
0.6,0.17,-0.0851546,-0.0159294,-0.0156569
0.61,0.17,-0.0835213,-0.017506,-0.0154396
0.62,0.17,-0.0817262,-0.0190185,-0.0152289
0.63,0.17,-0.0797749,-0.0204575,-0.015026
0.64,0.17,-0.0776742,-0.0218138,-0.0148324
0.65,0.17,-0.0754315,-0.0230783,-0.0146494
0.66,0.17,-0.0730553,-0.0242422,-0.0144784
0.67,0.17,-0.0705548,-0.0252973,-0.0143207
0.68,0.17,-0.0679402,-0.0262355,-0.0141773
0.69,0.17,-0.0652224,-0.0270496,-0.0140493
0.7,0.17,-0.0624131,-0.027733,-0.0139377
0.71,0.17,-0.0595245,-0.0282798,-0.0138432
0.72,0.17,-0.0565699,-0.028685,-0.0137666
0.73,0.17,-0.0535627,-0.0289444,-0.0137083
0.74,0.17,-0.050517,-0.029055,-0.0136687
0.75,0.17,-0.0474474,-0.0290147,-0.0136479
0.76,0.17,-0.0443685,-0.0288229,-0.0136459
0.77,0.17,-0.0412955,-0.0284797,-0.0136626
0.78,0.17,-0.0382433,-0.0279869,-0.0136974
0.79,0.17,-0.035227,-0.0273475,-0.01375
0.8,0.17,-0.0322614,-0.0265658,-0.0138195
0.81,0.17,-0.0293611,-0.0256474,-0.0139051
0.82,0.17,-0.0265402,-0.0245996,-0.0140058
0.83,0.17,-0.0238123,-0.0234307,-0.0141206
0.84,0.17,-0.0211903,-0.0221509,-0.014248
0.85,0.17,-0.0186864,-0.0207713,-0.0143869
0.86,0.17,-0.0163116,-0.0193047,-0.0145358
0.87,0.17,-0.0140762,-0.0177654,-0.0146933
0.88,0.17,-0.0119892,-0.0161689,-0.0148579
0.89,0.17,-0.0100584,-0.0145319,-0.0150281
0.9,0.17,-0.00829021,-0.0128729,-0.0152026
0.91,0.17,-0.00668988,-0.0112113,-0.01538
0.92,0.17,-0.00526117,-0.009568,-0.0155588
0.93,0.17,-0.00400646,-0.00796515,-0.0157377
0.94,0.17,-0.00292675,-0.00642616,-0.0159157
0.95,0.17,-0.0020217,-0.00497569,-0.0160917
0.96,0.17,-0.00128989,-0.00363962,-0.0162649
0.97,0.17,-0.000728187,-0.00244503,-0.0164332
0.98,0.17,-0.000330872,-0.00142004,-0.0165942
0.99,0.17,-0.000114962,-0.000593532,-0.0167961
1,0.17,0,0,-0.0167961
0,0.18,0,0,-0.0179874
0.01,0.18,-0.000205463,0.00180195,-0.0179874
0.02,0.18,-0.000572709,0.00366316,-0.0183101
0.03,0.18,-0.00121445,0.00554927,-0.0185342
0.04,0.18,-0.0020763,0.0074348,-0.0187462
0.05,0.18,-0.00314623,0.00929752,-0.0189441
0.06,0.18,-0.00441018,0.0111184,-0.0191258
0.07,0.18,-0.00585385,0.0128815,-0.0192929
0.08,0.18,-0.00746393,0.0145739,-0.0194463
0.09,0.18,-0.00922768,0.0161848,-0.0195866
0.1,0.18,-0.0111329,0.0177061,-0.0197146
0.11,0.18,-0.0131678,0.0191313,-0.019831
0.12,0.18,-0.0153212,0.020456,-0.0199365
0.13,0.18,-0.017582,0.0216771,-0.0200317
0.14,0.18,-0.0199398,0.0227925,-0.0201172
0.15,0.18,-0.0223843,0.0238016,-0.0201935
0.16,0.18,-0.0249057,0.0247042,-0.0202612
0.17,0.18,-0.0274941,0.025501,-0.0203207
0.18,0.18,-0.0301402,0.0261932,-0.0203723
0.19,0.18,-0.032835,0.026782,-0.0204164
0.2,0.18,-0.0355693,0.0272693,-0.0204534
0.21,0.18,-0.0383345,0.0276567,-0.0204834
0.22,0.18,-0.0411219,0.0279462,-0.0205066
0.23,0.18,-0.0439231,0.0281395,-0.0205231
0.24,0.18,-0.0467298,0.0282383,-0.0205331
0.25,0.18,-0.0495338,0.0282442,-0.0205365
0.26,0.18,-0.0523271,0.0281587,-0.0205334
0.27,0.18,-0.0551016,0.0279829,-0.0205236
0.28,0.18,-0.0578494,0.0277181,-0.0205071
0.29,0.18,-0.0605627,0.0273652,-0.0204836
0.3,0.18,-0.0632337,0.0269251,-0.0204531
0.31,0.18,-0.0658546,0.0263985,-0.0204153
0.32,0.18,-0.0684178,0.0257861,-0.02037
0.33,0.18,-0.0709156,0.0250886,-0.0203169
0.34,0.18,-0.0733404,0.0243067,-0.0202559
0.35,0.18,-0.0756846,0.0234409,-0.0201866
0.36,0.18,-0.0779409,0.0224923,-0.0201087
0.37,0.18,-0.0801017,0.0214616,-0.0200221
0.38,0.18,-0.0821599,0.0203501,-0.0199266
0.39,0.18,-0.0841082,0.0191591,-0.0198219
0.4,0.18,-0.0859396,0.0178903,-0.0197079
0.41,0.18,-0.0876471,0.0165458,-0.0195844
0.42,0.18,-0.0892241,0.0151277,-0.0194514
0.43,0.18,-0.0906641,0.0136389,-0.0193089
0.44,0.18,-0.0919607,0.0120826,-0.019157
0.45,0.18,-0.0931081,0.0104624,-0.0189957
0.46,0.18,-0.0941006,0.00878243,-0.0188253
0.47,0.18,-0.0949328,0.00704727,-0.018646
0.48,0.18,-0.0955999,0.00526209,-0.0184582
0.49,0.18,-0.0960973,0.00343255,-0.0182625
0.5,0.18,-0.096421,0.00156484,-0.0180592
0.51,0.18,-0.0965676,-0.000334326,-0.0178492
0.52,0.18,-0.0965341,-0.00225772,-0.0176332
0.53,0.18,-0.0963182,-0.00419761,-0.0174119
0.54,0.18,-0.0959181,-0.0061458,-0.0171865
0.55,0.18,-0.0953329,-0.00809366,-0.0169578
0.56,0.18,-0.0945622,-0.0100321,-0.0167271
0.57,0.18,-0.0936065,-0.0119518,-0.0164956
0.58,0.18,-0.092467,-0.0138429,-0.0162645
0.59,0.18,-0.091146,-0.0156955,-0.0160352
0.6,0.18,-0.0896462,-0.0174994,-0.0158091
0.61,0.18,-0.0879716,-0.0192443,-0.0155876
0.62,0.18,-0.0861269,-0.0209199,-0.0153722
0.63,0.18,-0.0841177,-0.0225158,-0.0151643
0.64,0.18,-0.0819507,-0.0240219,-0.0149655
0.65,0.18,-0.0796333,-0.0254283,-0.0147771
0.66,0.18,-0.077174,-0.0267252,-0.0146006
0.67,0.18,-0.0745823,-0.0279034,-0.0144372
0.68,0.18,-0.0718682,-0.0289542,-0.0142881
0.69,0.18,-0.069043,-0.0298695,-0.0141547
0.7,0.18,-0.0661185,-0.0306419,-0.0140377
0.71,0.18,-0.0631076,-0.0312648,-0.0139382
0.72,0.18,-0.0600235,-0.0317325,-0.0138569
0.73,0.18,-0.0568803,-0.0320404,-0.0137943
0.74,0.18,-0.0536926,-0.0321849,-0.013751
0.75,0.18,-0.0504755,-0.0321637,-0.013727
0.76,0.18,-0.0472443,-0.0319756,-0.0137225
0.77,0.18,-0.0440148,-0.0316209,-0.0137372
0.78,0.18,-0.0408028,-0.0311012,-0.013771
0.79,0.18,-0.0376239,-0.0304195,-0.0138233
0.8,0.18,-0.0344941,-0.0295803,-0.0138934
0.81,0.18,-0.0314286,-0.0285898,-0.0139805
0.82,0.18,-0.0284425,-0.0274554,-0.0140836
0.83,0.18,-0.0255503,-0.0261863,-0.0142016
0.84,0.18,-0.022766,-0.0247933,-0.0143333
0.85,0.18,-0.0201025,-0.0232884,-0.0144773
0.86,0.18,-0.0175721,-0.0216854,-0.0146323
0.87,0.18,-0.0151858,-0.0199996,-0.0147967
0.88,0.18,-0.0129537,-0.0182477,-0.0149692
0.89,0.18,-0.0108845,-0.0164478,-0.0151482
0.9,0.18,-0.00898568,-0.0146195,-0.0153323
0.91,0.18,-0.00726332,-0.0127837,-0.0155201
0.92,0.18,-0.00572211,-0.0109627,-0.01571
0.93,0.18,-0.00436533,-0.00918002,-0.0159009
0.94,0.18,-0.00319483,-0.00746045,-0.0160915
0.95,0.18,-0.00221108,-0.00582996,-0.0162807
0.96,0.18,-0.00141346,-0.00431564,-0.0164678
0.97,0.18,-0.000799514,-0.00294568,-0.0166503
0.98,0.18,-0.000363993,-0.00174912,-0.0168258
0.99,0.18,-0.00012668,-0.000755557,-0.0170471
1,0.18,0,0,-0.0170471
0,0.19,0,0,-0.0179209
0.01,0.19,-0.000218412,0.0020782,-0.0179209
0.02,0.19,-0.000608441,0.00419647,-0.0182633
0.03,0.19,-0.00128927,0.00632175,-0.0185003
0.04,0.19,-0.00220252,0.00842959,-0.018724
0.05,0.19,-0.00333487,0.0104987,-0.0189323
0.06,0.19,-0.00467088,0.0125108,-0.019123
0.07,0.19,-0.00619492,0.014451,-0.019298
0.08,0.19,-0.00789249,0.0163066,-0.0194582
0.09,0.19,-0.00974978,0.0180679,-0.0196043
0.1,0.19,-0.0117536,0.0197271,-0.0197374
0.11,0.19,-0.0138914,0.0212784,-0.0198582
0.12,0.19,-0.0161511,0.0227177,-0.0199676
0.13,0.19,-0.018521,0.0240422,-0.0200662
0.14,0.19,-0.0209902,0.0252505,-0.0201548
0.15,0.19,-0.0235479,0.0263421,-0.020234
0.16,0.19,-0.0261836,0.0273172,-0.0203045
0.17,0.19,-0.0288874,0.0281769,-0.0203666
0.18,0.19,-0.0316495,0.0289224,-0.0204209
0.19,0.19,-0.0344605,0.0295554,-0.0204678
0.2,0.19,-0.0373112,0.0300779,-0.0205076
0.21,0.19,-0.0401926,0.0304917,-0.0205407
0.22,0.19,-0.0430958,0.030799,-0.0205671
0.23,0.19,-0.0460124,0.0310016,-0.0205871
0.24,0.19,-0.0489337,0.0311014,-0.0206008
0.25,0.19,-0.0518515,0.0311001,-0.0206082
0.26,0.19,-0.0547576,0.0309992,-0.0206092
0.27,0.19,-0.0576437,0.0308001,-0.0206039
0.28,0.19,-0.0605019,0.030504,-0.0205921
0.29,0.19,-0.0633242,0.0301119,-0.0205736
0.3,0.19,-0.0661026,0.0296247,-0.0205482
0.31,0.19,-0.0688293,0.0290433,-0.0205158
0.32,0.19,-0.0714964,0.0283684,-0.020476
0.33,0.19,-0.0740962,0.0276006,-0.0204287
0.34,0.19,-0.0766208,0.0267407,-0.0203734
0.35,0.19,-0.0790627,0.0257895,-0.0203099
0.36,0.19,-0.0814142,0.0247478,-0.020238
0.37,0.19,-0.0836678,0.0236167,-0.0201573
0.38,0.19,-0.0858159,0.0223974,-0.0200676
0.39,0.19,-0.0878513,0.0210914,-0.0199686
0.4,0.19,-0.0897667,0.0197006,-0.0198601
0.41,0.19,-0.091555,0.0182271,-0.019742
0.42,0.19,-0.0932093,0.0166734,-0.0196141
0.43,0.19,-0.0947229,0.0150424,-0.0194764
0.44,0.19,-0.0960893,0.0133378,-0.0193289
0.45,0.19,-0.0973024,0.0115632,-0.0191716
0.46,0.19,-0.0983562,0.00972335,-0.0190048
0.47,0.19,-0.0992452,0.00782306,-0.0188286
0.48,0.19,-0.0999643,0.00586791,-0.0186435
0.49,0.19,-0.100509,0.00386403,-0.0184498
0.5,0.19,-0.100874,0.00181809,-0.018248
0.51,0.19,-0.101056,-0.00026265,-0.0180388
0.52,0.19,-0.101053,-0.00237039,-0.017823
0.53,0.19,-0.100861,-0.0044968,-0.0176013
0.54,0.19,-0.100478,-0.00663299,-0.0173747
0.55,0.19,-0.0999035,-0.00876964,-0.0171444
0.56,0.19,-0.0991363,-0.0108969,-0.0169113
0.57,0.19,-0.0981769,-0.0130047,-0.0166767
0.58,0.19,-0.0970261,-0.0150823,-0.016442
0.59,0.19,-0.0956859,-0.017119,-0.0162085
0.6,0.19,-0.0941589,-0.0191038,-0.0159776
0.61,0.19,-0.0924488,-0.0210253,-0.0157509
0.62,0.19,-0.0905601,-0.0228723,-0.0155298
0.63,0.19,-0.0884984,-0.0246337,-0.015316
0.64,0.19,-0.0862701,-0.0262982,-0.0151108
0.65,0.19,-0.0838828,-0.0278549,-0.0149158
0.66,0.19,-0.0813448,-0.0292933,-0.0147326
0.67,0.19,-0.0786655,-0.0306031,-0.0145624
0.68,0.19,-0.0758554,-0.0317748,-0.0144066
0.69,0.19,-0.0729256,-0.0327993,-0.0142665
0.7,0.19,-0.0698884,-0.0336685,-0.0141432
0.71,0.19,-0.0667567,-0.0343749,-0.0140376
0.72,0.19,-0.0635443,-0.0349123,-0.0139506
0.73,0.19,-0.0602657,-0.0352752,-0.0138828
0.74,0.19,-0.056936,-0.0354598,-0.0138347
0.75,0.19,-0.0535708,-0.035463,-0.0138068
0.76,0.19,-0.0501861,-0.0352835,-0.013799
0.77,0.19,-0.0467985,-0.0349213,-0.0138113
0.78,0.19,-0.0434243,-0.0343778,-0.0138435
0.79,0.19,-0.0400803,-0.0336562,-0.013895
0.8,0.19,-0.036783,-0.0327612,-0.0139654
0.81,0.19,-0.0335488,-0.031699,-0.0140538
0.82,0.19,-0.0303937,-0.0304778,-0.0141591
0.83,0.19,-0.0273333,-0.0291072,-0.0142804
0.84,0.19,-0.0243823,-0.0275987,-0.0144164
0.85,0.19,-0.021555,-0.0259652,-0.0145658
0.86,0.19,-0.0188646,-0.0242214,-0.0147271
0.87,0.19,-0.0163231,-0.0223838,-0.014899
0.88,0.19,-0.0139418,-0.0204702,-0.0150798
0.89,0.19,-0.0117302,-0.0185,-0.0152681
0.9,0.19,-0.00969704,-0.0164941,-0.0154624
0.91,0.19,-0.00784926,-0.0144749,-0.0156611
0.92,0.19,-0.00619254,-0.012466,-0.0158629
0.93,0.19,-0.00473107,-0.0104924,-0.0160663
0.94,0.19,-0.0034676,-0.00858038,-0.0162701
0.95,0.19,-0.00240342,-0.00675717,-0.016473
0.96,0.19,-0.0015387,-0.00505117,-0.0166745
0.97,0.19,-0.000871643,-0.00349172,-0.0168718
0.98,0.19,-0.0003974,-0.00210889,-0.017062
0.99,0.19,-0.000138472,-0.000933085,-0.0173032
1,0.19,0,0,-0.0173032
0,0.2,0,0,-0.017875
0.01,0.2,-0.000230919,0.00237088,-0.017875
0.02,0.2,-0.000642969,0.004761,-0.0182364
0.03,0.2,-0.00136161,0.00713863,-0.018486
0.04,0.2,-0.00232464,0.00948041,-0.0187212
0.05,0.2,-0.0035175,0.0117661,-0.0189396
0.06,0.2,-0.00492343,0.0139784,-0.0191392
0.07,0.2,-0.00652551,0.0161031,-0.0193219
0.08,0.2,-0.00830812,0.0181287,-0.0194888
0.09,0.2,-0.0102564,0.0200459,-0.0196409
0.1,0.2,-0.0123562,0.0218477,-0.0197791
0.11,0.2,-0.0145941,0.0235288,-0.0199045
0.12,0.2,-0.0169574,0.0250857,-0.0200178
0.13,0.2,-0.0194337,0.0265162,-0.0201201
0.14,0.2,-0.0220115,0.0278193,-0.0202121
0.15,0.2,-0.0246794,0.0289949,-0.0202945
0.16,0.2,-0.0274268,0.0300437,-0.0203679
0.17,0.2,-0.0302431,0.030967,-0.0204331
0.18,0.2,-0.0331184,0.0317663,-0.0204904
0.19,0.2,-0.0360429,0.0324437,-0.0205405
0.2,0.2,-0.0390071,0.0330013,-0.0205835
0.21,0.2,-0.0420019,0.0334414,-0.02062
0.22,0.2,-0.0450183,0.033766,-0.02065
0.23,0.2,-0.0480476,0.0339774,-0.0206739
0.24,0.2,-0.051081,0.0340775,-0.0206916
0.25,0.2,-0.0541101,0.0340681,-0.0207033
0.26,0.2,-0.0571266,0.0339509,-0.0207089
0.27,0.2,-0.0601222,0.0337273,-0.0207084
0.28,0.2,-0.0630887,0.0333986,-0.0207017
0.29,0.2,-0.0660181,0.0329659,-0.0206885
0.3,0.2,-0.0689023,0.0324302,-0.0206686
0.31,0.2,-0.0717333,0.0317923,-0.0206419
0.32,0.2,-0.0745031,0.031053,-0.0206079
0.33,0.2,-0.0772039,0.0302131,-0.0205665
0.34,0.2,-0.0798278,0.0292732,-0.0205173
0.35,0.2,-0.0823671,0.0282343,-0.0204599
0.36,0.2,-0.0848138,0.0270973,-0.0203941
0.37,0.2,-0.0871604,0.0258633,-0.0203194
0.38,0.2,-0.0893992,0.0245336,-0.0202357
0.39,0.2,-0.0915227,0.0231099,-0.0201425
0.4,0.2,-0.0935235,0.021594,-0.0200396
0.41,0.2,-0.0953944,0.0199884,-0.0199269
0.42,0.2,-0.0971283,0.0182956,-0.0198041
0.43,0.2,-0.0987182,0.016519,-0.0196712
0.44,0.2,-0.100157,0.0146622,-0.0195281
0.45,0.2,-0.10144,0.0127293,-0.0193747
0.46,0.2,-0.102559,0.0107253,-0.0192114
0.47,0.2,-0.103509,0.00865534,-0.0190381
0.48,0.2,-0.104284,0.00652546,-0.0188553
0.49,0.2,-0.10488,0.00434219,-0.0186633
0.5,0.2,-0.105292,0.00211269,-0.0184626
0.51,0.2,-0.105516,-0.000155259,-0.0182538
0.52,0.2,-0.105549,-0.00245329,-0.0180377
0.53,0.2,-0.105386,-0.00477243,-0.017815
0.54,0.2,-0.105027,-0.00710316,-0.0175867
0.55,0.2,-0.104469,-0.00943544,-0.0173539
0.56,0.2,-0.103712,-0.0117587,-0.0171177
0.57,0.2,-0.102755,-0.014062,-0.0168793
0.58,0.2,-0.1016,-0.0163339,-0.0166401
0.59,0.2,-0.100246,-0.0185627,-0.0164015
0.6,0.2,-0.0986985,-0.0207365,-0.0161649
0.61,0.2,-0.096959,-0.0228431,-0.015932
0.62,0.2,-0.0950322,-0.0248703,-0.0157042
0.63,0.2,-0.0929236,-0.0268058,-0.0154831
0.64,0.2,-0.0906394,-0.0286375,-0.0152705
0.65,0.2,-0.0881869,-0.0303536,-0.0150678
0.66,0.2,-0.0855747,-0.0319424,-0.0148766
0.67,0.2,-0.082812,-0.0333928,-0.0146985
0.68,0.2,-0.0799092,-0.0346941,-0.0145348
0.69,0.2,-0.0768779,-0.0358365,-0.0143869
0.7,0.2,-0.0737302,-0.0368108,-0.0142559
0.71,0.2,-0.0704796,-0.0376088,-0.0141431
0.72,0.2,-0.0671401,-0.0382235,-0.0140493
0.73,0.2,-0.0637266,-0.0386487,-0.0139752
0.74,0.2,-0.0602547,-0.0388799,-0.0139215
0.75,0.2,-0.0567407,-0.0389136,-0.0138886
0.76,0.2,-0.0532012,-0.038748,-0.0138767
0.77,0.2,-0.0496535,-0.0383828,-0.0138859
0.78,0.2,-0.0461147,-0.0378194,-0.0139158
0.79,0.2,-0.0426026,-0.0370608,-0.0139661
0.8,0.2,-0.0391345,-0.0361118,-0.0140363
0.81,0.2,-0.0357278,-0.034979,-0.0141255
0.82,0.2,-0.0323996,-0.0336709,-0.0142329
0.83,0.2,-0.0291665,-0.0321977,-0.0143574
0.84,0.2,-0.0260444,-0.0305715,-0.0144977
0.85,0.2,-0.0230485,-0.0288061,-0.0146526
0.86,0.2,-0.0201933,-0.0269173,-0.0148205
0.87,0.2,-0.017492,-0.0249224,-0.015
0.88,0.2,-0.0149568,-0.0228406,-0.0151896
0.89,0.2,-0.0125986,-0.0206925,-0.0153876
0.9,0.2,-0.0104269,-0.0185005,-0.0155926
0.91,0.2,-0.00844996,-0.0162882,-0.0158029
0.92,0.2,-0.00667434,-0.0140809,-0.016017
0.93,0.2,-0.00510524,-0.0119049,-0.0162336
0.94,0.2,-0.00374629,-0.00978806,-0.0164511
0.95,0.2,-0.00259965,-0.00775898,-0.0166684
0.96,0.2,-0.00166626,-0.0058474,-0.0168848
0.97,0.2,-0.000944969,-0.00408395,-0.0170972
0.98,0.2,-0.000431292,-0.00249979,-0.0173026
0.99,0.2,-0.000150413,-0.00112629,-0.017564
1,0.2,0,0,-0.017564
0,0.21,0,0,-0.0178514
0.01,0.21,-0.00024298,0.00267943,-0.0178514
0.02,0.21,-0.000676279,0.00535568,-0.0182312
0.03,0.21,-0.00143143,0.00799844,-0.018493
0.04,0.21,-0.00244257,0.0105855,-0.0187392
0.05,0.21,-0.00369395,0.0130977,-0.0189675
0.06,0.21,-0.00516755,0.0155188,-0.0191757
0.07,0.21,-0.00684525,0.0178356,-0.0193661
0.08,0.21,-0.00871029,0.0200375,-0.0195397
0.09,0.21,-0.0107468,0.022116,-0.0196976
0.1,0.21,-0.0129398,0.0240649,-0.019841
0.11,0.21,-0.015275,0.0258796,-0.019971
0.12,0.21,-0.0177389,0.0275573,-0.0200886
0.13,0.21,-0.0203187,0.0290963,-0.0201947
0.14,0.21,-0.0230021,0.0304962,-0.0202902
0.15,0.21,-0.0257774,0.0317573,-0.020376
0.16,0.21,-0.0286334,0.0328809,-0.0204528
0.17,0.21,-0.0315593,0.0338685,-0.0205213
0.18,0.21,-0.0345448,0.0347221,-0.020582
0.19,0.21,-0.0375798,0.0354441,-0.0206355
0.2,0.21,-0.0406548,0.0360369,-0.0206822
0.21,0.21,-0.0437602,0.0365029,-0.0207224
0.22,0.21,-0.0468871,0.0368446,-0.0207564
0.23,0.21,-0.0500263,0.0370642,-0.0207845
0.24,0.21,-0.0531692,0.037164,-0.0208067
0.25,0.21,-0.0563072,0.0371457,-0.0208231
0.26,0.21,-0.0594318,0.0370113,-0.0208337
0.27,0.21,-0.0625347,0.0367622,-0.0208384
0.28,0.21,-0.0656076,0.0363999,-0.020837
0.29,0.21,-0.0686423,0.0359255,-0.0208295
0.3,0.21,-0.0716306,0.0353399,-0.0208155
0.31,0.21,-0.0745646,0.0346442,-0.0207947
0.32,0.21,-0.0774361,0.033839,-0.020767
0.33,0.21,-0.0802372,0.0329253,-0.0207318
0.34,0.21,-0.0829598,0.0319038,-0.0206889
0.35,0.21,-0.0855962,0.0307754,-0.0206379
0.36,0.21,-0.0881383,0.0295411,-0.0205784
0.37,0.21,-0.0905784,0.0282021,-0.02051
0.38,0.21,-0.0929088,0.0267597,-0.0204324
0.39,0.21,-0.0951217,0.0252158,-0.0203452
0.4,0.21,-0.0972096,0.0235723,-0.0202482
0.41,0.21,-0.0991651,0.0218318,-0.020141
0.42,0.21,-0.100981,0.0199971,-0.0200233
0.43,0.21,-0.10265,0.0180716,-0.0198952
0.44,0.21,-0.104165,0.0160592,-0.0197564
0.45,0.21,-0.10552,0.0139644,-0.019607
0.46,0.21,-0.106708,0.0117924,-0.0194469
0.47,0.21,-0.107724,0.00954862,-0.0192764
0.48,0.21,-0.108561,0.00723958,-0.0190957
0.49,0.21,-0.109214,0.0048722,-0.0189051
0.5,0.21,-0.109678,0.00245411,-0.0187052
0.51,0.21,-0.109949,-6.4046e-06,-0.0184965
0.52,0.21,-0.110023,-0.0025004,-0.0182796
0.53,0.21,-0.109897,-0.00501831,-0.0180554
0.54,0.21,-0.109568,-0.00754997,-0.0178249
0.55,0.21,-0.109033,-0.0100846,-0.017589
0.56,0.21,-0.108293,-0.0126109,-0.0173489
0.57,0.21,-0.107345,-0.0151172,-0.0171059
0.58,0.21,-0.106191,-0.0175911,-0.0168614
0.59,0.21,-0.104832,-0.0200201,-0.0166167
0.6,0.21,-0.10327,-0.0223913,-0.0163735
0.61,0.21,-0.101507,-0.0246916,-0.0161333
0.62,0.21,-0.0995485,-0.0269077,-0.0158976
0.63,0.21,-0.0973988,-0.0290265,-0.0156683
0.64,0.21,-0.0950641,-0.0310348,-0.015447
0.65,0.21,-0.0925518,-0.0329196,-0.0152354
0.66,0.21,-0.0898699,-0.0346683,-0.0150351
0.67,0.21,-0.087028,-0.0362686,-0.0148477
0.68,0.21,-0.0840363,-0.0377089,-0.0146748
0.69,0.21,-0.0809065,-0.0389783,-0.0145178
0.7,0.21,-0.077651,-0.0400667,-0.014378
0.71,0.21,-0.0742833,-0.040965,-0.0142566
0.72,0.21,-0.0708179,-0.0416653,-0.0141548
0.73,0.21,-0.06727,-0.0421606,-0.0140733
0.74,0.21,-0.0636559,-0.0424457,-0.0140129
0.75,0.21,-0.0599924,-0.0425165,-0.013974
0.76,0.21,-0.0562967,-0.0423707,-0.0139571
0.77,0.21,-0.0525868,-0.0420078,-0.0139621
0.78,0.21,-0.0488809,-0.0414287,-0.0139889
0.79,0.21,-0.0451975,-0.0406365,-0.0140373
0.8,0.21,-0.041555,-0.0396359,-0.0141068
0.81,0.21,-0.0379717,-0.0384339,-0.0141965
0.82,0.21,-0.034466,-0.0370392,-0.0143056
0.83,0.21,-0.0310555,-0.0354625,-0.014433
0.84,0.21,-0.0277573,-0.0337166,-0.0145776
0.85,0.21,-0.0245878,-0.0318162,-0.0147379
0.86,0.21,-0.0215628,-0.029778,-0.0149125
0.87,0.21,-0.0186965,-0.0276203,-0.0150999
0.88,0.21,-0.0160025,-0.0253636,-0.0152985
0.89,0.21,-0.0134929,-0.0230298,-0.0155067
0.9,0.21,-0.0111782,-0.0206427,-0.0157227
0.91,0.21,-0.0090679,-0.0182274,-0.0159451
0.92,0.21,-0.00716961,-0.0158107,-0.0161722
0.93,0.21,-0.00548952,-0.0134205,-0.0164024
0.94,0.21,-0.00403224,-0.0110859,-0.0166343
0.95,0.21,-0.00280076,-0.00883733,-0.0168665
0.96,0.21,-0.00179683,-0.00670583,-0.0170984
0.97,0.21,-0.00101992,-0.0047234,-0.0173265
0.98,0.21,-0.000465881,-0.00292244,-0.0175475
0.99,0.21,-0.000162582,-0.00133544,-0.0178295
1,0.21,0,0,-0.0178295
0,0.22,0,0,-0.0178516
0.01,0.22,-0.00025459,0.00300328,-0.0178516
0.02,0.22,-0.000708352,0.00597946,-0.0182491
0.03,0.22,-0.00149869,0.00889968,-0.0185226
0.04,0.22,-0.0025562,0.0117429,-0.0187795
0.05,0.22,-0.00386405,0.0144913,-0.0190174
0.06,0.22,-0.005403,0.0171297,-0.0192341
0.07,0.22,-0.00715375,0.0196459,-0.0194319
0.08,0.22,-0.00909851,0.0220303,-0.0196121
0.09,0.22,-0.0112204,0.0242754,-0.0197759
0.1,0.22,-0.0135036,0.0263758,-0.0199245
0.11,0.22,-0.0159331,0.0283279,-0.0200592
0.12,0.22,-0.0184946,0.0301294,-0.020181
0.13,0.22,-0.0211747,0.0317794,-0.0202911
0.14,0.22,-0.0239606,0.033278,-0.0203904
0.15,0.22,-0.0268401,0.0346262,-0.0204799
0.16,0.22,-0.0298016,0.0358256,-0.0205603
0.17,0.22,-0.032834,0.0368783,-0.0206323
0.18,0.22,-0.0359266,0.0377868,-0.0206967
0.19,0.22,-0.0390693,0.0385537,-0.020754
0.2,0.22,-0.042252,0.0391817,-0.0208046
0.21,0.22,-0.0454652,0.0396737,-0.020849
0.22,0.22,-0.0486996,0.0400321,-0.0208874
0.23,0.22,-0.0519462,0.0402596,-0.0209201
0.24,0.22,-0.055196,0.0403584,-0.0209471
0.25,0.22,-0.0584404,0.0403307,-0.0209686
0.26,0.22,-0.0616708,0.0401783,-0.0209846
0.27,0.22,-0.0648788,0.039903,-0.0209948
0.28,0.22,-0.0680561,0.0395061,-0.0209993
0.29,0.22,-0.0711943,0.0389889,-0.0209978
0.3,0.22,-0.0742853,0.0383525,-0.0209901
0.31,0.22,-0.0773209,0.0375978,-0.0209757
0.32,0.22,-0.0802931,0.0367256,-0.0209545
0.33,0.22,-0.0831937,0.0357368,-0.0209259
0.34,0.22,-0.0860147,0.0346322,-0.0208897
0.35,0.22,-0.088748,0.0334128,-0.0208453
0.36,0.22,-0.0913858,0.0320796,-0.0207925
0.37,0.22,-0.09392,0.0306337,-0.0207306
0.38,0.22,-0.0963429,0.0290769,-0.0206594
0.39,0.22,-0.0986466,0.0274107,-0.0205785
0.4,0.22,-0.100823,0.0256375,-0.0204874
0.41,0.22,-0.102866,0.0237597,-0.0203858
0.42,0.22,-0.104766,0.0217805,-0.0202735
0.43,0.22,-0.106517,0.0197033,-0.0201502
0.44,0.22,-0.108112,0.0175324,-0.0200159
0.45,0.22,-0.109544,0.0152725,-0.0198703
0.46,0.22,-0.110805,0.0129289,-0.0197135
0.47,0.22,-0.111891,0.0105076,-0.0195457
0.48,0.22,-0.112794,0.00801534,-0.0193669
0.49,0.22,-0.113509,0.00545946,-0.0191776
0.5,0.22,-0.114031,0.00284806,-0.0189782
0.51,0.22,-0.114355,0.000189914,-0.0187691
0.52,0.22,-0.114477,-0.00250549,-0.0185512
0.53,0.22,-0.114394,-0.00522799,-0.018325
0.54,0.22,-0.114101,-0.00796677,-0.0180917
0.55,0.22,-0.113597,-0.0107104,-0.0178521
0.56,0.22,-0.11288,-0.0134467,-0.0176075
0.57,0.22,-0.111949,-0.0161633,-0.0173592
0.58,0.22,-0.110804,-0.018847,-0.0171085
0.59,0.22,-0.109445,-0.0214843,-0.0168569
0.6,0.22,-0.107875,-0.0240614,-0.016606
0.61,0.22,-0.106096,-0.0265643,-0.0163575
0.62,0.22,-0.104112,-0.0289786,-0.0161129
0.63,0.22,-0.101928,-0.0312901,-0.0158742
0.64,0.22,-0.0995487,-0.0334845,-0.015643
0.65,0.22,-0.0969819,-0.0355478,-0.0154212
0.66,0.22,-0.0942355,-0.0374662,-0.0152104
0.67,0.22,-0.0913188,-0.0392264,-0.0150124
0.68,0.22,-0.0882423,-0.0408156,-0.0148289
0.69,0.22,-0.0850173,-0.0422218,-0.0146614
0.7,0.22,-0.0816567,-0.043434,-0.0145114
0.71,0.22,-0.078174,-0.0444419,-0.0143802
0.72,0.22,-0.0745841,-0.0452367,-0.014269
0.73,0.22,-0.0709027,-0.0458106,-0.0141788
0.74,0.22,-0.0671463,-0.0461576,-0.0141104
0.75,0.22,-0.0633325,-0.0462728,-0.0140644
0.76,0.22,-0.0594793,-0.0461535,-0.0140413
0.77,0.22,-0.0556052,-0.0457986,-0.0140411
0.78,0.22,-0.0517295,-0.0452087,-0.0140641
0.79,0.22,-0.0478716,-0.0443868,-0.0141097
0.8,0.22,-0.0440508,-0.0433375,-0.0141777
0.81,0.22,-0.0402869,-0.042068,-0.0142673
0.82,0.22,-0.0365989,-0.0405872,-0.0143777
0.83,0.22,-0.033006,-0.0389065,-0.0145077
0.84,0.22,-0.0295264,-0.0370391,-0.0146563
0.85,0.22,-0.026178,-0.0350006,-0.014822
0.86,0.22,-0.0229776,-0.0328086,-0.0150033
0.87,0.22,-0.019941,-0.0304827,-0.0151987
0.88,0.22,-0.0170829,-0.0280443,-0.0154066
0.89,0.22,-0.0144165,-0.0255168,-0.0156252
0.9,0.22,-0.011954,-0.0229254,-0.0158527
0.91,0.22,-0.00970574,-0.0202968,-0.0160876
0.92,0.22,-0.00768056,-0.0176593,-0.0163281
0.93,0.22,-0.00588575,-0.0150423,-0.0165726
0.94,0.22,-0.00432687,-0.0124768,-0.0168195
0.95,0.22,-0.00300781,-0.00999452,-0.0170672
0.96,0.22,-0.00193114,-0.00762823,-0.017315
0.97,0.22,-0.00109694,-0.00541134,-0.0175593
0.98,0.22,-0.000501389,-0.00337766,-0.0177966
0.99,0.22,-0.000175064,-0.00156092,-0.0180998
1,0.22,0,0,-0.0180998
0,0.23,0,0,-0.0178772
0.01,0.23,-0.000265741,0.00334183,-0.0178772
0.02,0.23,-0.000739165,0.00663122,-0.0182917
0.03,0.23,-0.00156332,0.0098408,-0.0185765
0.04,0.23,-0.00266545,0.0129508,-0.0188437
0.05,0.23,-0.00402763,0.0159447,-0.0190909
0.06,0.23,-0.00562952,0.0188085,-0.0193158
0.07,0.23,-0.00745068,0.0215312,-0.0195208
0.08,0.23,-0.0094723,0.0241042,-0.0197074
0.09,0.23,-0.0116766,0.0265211,-0.019877
0.1,0.23,-0.014047,0.0287775,-0.0200308
0.11,0.23,-0.0165675,0.0308706,-0.0201702
0.12,0.23,-0.0192234,0.0327989,-0.0202964
0.13,0.23,-0.0220005,0.0345623,-0.0204106
0.14,0.23,-0.0248856,0.0361616,-0.0205139
0.15,0.23,-0.027866,0.0375983,-0.0206072
0.16,0.23,-0.0309298,0.0388748,-0.0206914
0.17,0.23,-0.0340655,0.0399935,-0.0207674
0.18,0.23,-0.0372621,0.0409574,-0.0208357
0.19,0.23,-0.0405091,0.0417694,-0.0208971
0.2,0.23,-0.0437965,0.0424328,-0.0209521
0.21,0.23,-0.0471145,0.0429506,-0.0210009
0.22,0.23,-0.0504536,0.0433256,-0.0210441
0.23,0.23,-0.0538047,0.0435606,-0.0210817
0.24,0.23,-0.0571587,0.0436582,-0.021114
0.25,0.23,-0.060507,0.0436205,-0.0211411
0.26,0.23,-0.0638408,0.0434497,-0.0211628
0.27,0.23,-0.0671518,0.0431475,-0.0211791
0.28,0.23,-0.0704314,0.0427154,-0.0211898
0.29,0.23,-0.0736714,0.0421547,-0.0211947
0.3,0.23,-0.0768635,0.0414666,-0.0211936
0.31,0.23,-0.0799995,0.040652,-0.0211861
0.32,0.23,-0.0830713,0.0397118,-0.0211717
0.33,0.23,-0.0860707,0.0386469,-0.0211502
0.34,0.23,-0.0889896,0.0374582,-0.021121
0.35,0.23,-0.0918199,0.0361465,-0.0210837
0.36,0.23,-0.0945536,0.0347131,-0.0210378
0.37,0.23,-0.0971826,0.0331592,-0.0209828
0.38,0.23,-0.099699,0.0314863,-0.0209183
0.39,0.23,-0.102095,0.0296963,-0.0208439
0.4,0.23,-0.104362,0.0277915,-0.020759
0.41,0.23,-0.106494,0.0257745,-0.0206633
0.42,0.23,-0.108481,0.0236486,-0.0205565
0.43,0.23,-0.110318,0.0214175,-0.0204383
0.44,0.23,-0.111995,0.0190855,-0.0203084
0.45,0.23,-0.113508,0.0166576,-0.0201668
0.46,0.23,-0.114847,0.0141394,-0.0200133
0.47,0.23,-0.116007,0.0115372,-0.0198481
0.48,0.23,-0.116982,0.00885799,-0.0196713
0.49,0.23,-0.117765,0.00610958,-0.0194831
0.5,0.23,-0.11835,0.00330047,-0.019284
0.51,0.23,-0.118734,0.000439911,-0.0190744
0.52,0.23,-0.118911,-0.00246208,-0.0188549
0.53,0.23,-0.118876,-0.00539476,-0.0186264
0.54,0.23,-0.118627,-0.00834668,-0.0183898
0.55,0.23,-0.11816,-0.0113057,-0.018146
0.56,0.23,-0.117474,-0.014259,-0.0178963
0.57,0.23,-0.116567,-0.0171933,-0.0176419
0.58,0.23,-0.115438,-0.0200945,-0.0173842
0.59,0.23,-0.114087,-0.0229484,-0.0171248
0.6,0.23,-0.112517,-0.0257401,-0.0168653
0.61,0.23,-0.110729,-0.0284545,-0.0166074
0.62,0.23,-0.108726,-0.0310764,-0.0163528
0.63,0.23,-0.106513,-0.0335902,-0.0161034
0.64,0.23,-0.104096,-0.0359808,-0.0158611
0.65,0.23,-0.101481,-0.0382328,-0.0156277
0.66,0.23,-0.098675,-0.0403313,-0.0154051
0.67,0.23,-0.0956886,-0.0422618,-0.0151952
0.68,0.23,-0.0925314,-0.0440104,-0.0149996
0.69,0.23,-0.0892151,-0.0455639,-0.0148202
0.7,0.23,-0.0857524,-0.04691,-0.0146585
0.71,0.23,-0.0821571,-0.0480376,-0.014516
0.72,0.23,-0.0784445,-0.0489366,-0.014394
0.73,0.23,-0.0746304,-0.0495984,-0.0142936
0.74,0.23,-0.070732,-0.0500158,-0.0142158
0.75,0.23,-0.0667674,-0.0501836,-0.0141613
0.76,0.23,-0.0627553,-0.050098,-0.0141308
0.77,0.23,-0.0587152,-0.0497575,-0.0141244
0.78,0.23,-0.0546671,-0.0491624,-0.0141423
0.79,0.23,-0.0506313,-0.0483152,-0.0141843
0.8,0.23,-0.0466285,-0.0472207,-0.0142499
0.81,0.23,-0.0426793,-0.0458859,-0.0143387
0.82,0.23,-0.0388044,-0.0443201,-0.0144497
0.83,0.23,-0.0350238,-0.042535,-0.0145819
0.84,0.23,-0.0313575,-0.0405445,-0.0147341
0.85,0.23,-0.0278244,-0.038365,-0.014905
0.86,0.23,-0.0244428,-0.036015,-0.015093
0.87,0.23,-0.0212299,-0.0335151,-0.0152965
0.88,0.23,-0.0182019,-0.0308881,-0.0155137
0.89,0.23,-0.0153733,-0.0281587,-0.015743
0.9,0.23,-0.0127575,-0.0253535,-0.0159824
0.91,0.23,-0.0103662,-0.0225009,-0.0162303
0.92,0.23,-0.00820955,-0.0196307,-0.0164847
0.93,0.23,-0.00629582,-0.0167742,-0.0167439
0.94,0.23,-0.00463167,-0.0139638,-0.0170063
0.95,0.23,-0.00322192,-0.0112332,-0.0172701
0.96,0.23,-0.00206996,-0.00861668,-0.0175346
0.97,0.23,-0.00117651,-0.00614932,-0.0177957
0.98,0.23,-0.000538046,-0.00386644,-0.0180496
0.99,0.23,-0.000187942,-0.00180321,-0.0183749
1,0.23,0,0,-0.0183749
0,0.24,0,0,-0.0179294
0.01,0.24,-0.000276425,0.0036945,-0.0179294
0.02,0.24,-0.000768692,0.00730985,-0.0183603
0.03,0.24,-0.00162527,0.0108202,-0.0186559
0.04,0.24,-0.00277019,0.0142073,-0.018933
0.05,0.24,-0.00418452,0.0174556,-0.0191891
0.06,0.24,-0.00584684,0.0205526,-0.0194219
0.07,0.24,-0.00773565,0.0234887,-0.0196341
0.08,0.24,-0.00983119,0.0262562,-0.019827
0.09,0.24,-0.0121148,0.0288501,-0.0200022
0.1,0.24,-0.014569,0.0312667,-0.0201612
0.11,0.24,-0.0171773,0.0335043,-0.0203053
0.12,0.24,-0.0199241,0.0355624,-0.020436
0.13,0.24,-0.0227949,0.0374416,-0.0205544
0.14,0.24,-0.0257758,0.0391435,-0.0206618
0.15,0.24,-0.0288537,0.0406704,-0.0207592
0.16,0.24,-0.0320163,0.042025,-0.0208474
0.17,0.24,-0.0352518,0.0432106,-0.0209275
0.18,0.24,-0.038549,0.0442305,-0.0210002
0.19,0.24,-0.0418972,0.0450881,-0.021066
0.2,0.24,-0.045286,0.0457871,-0.0211256
0.21,0.24,-0.0487056,0.0463307,-0.0211793
0.22,0.24,-0.0521464,0.0467223,-0.0212276
0.23,0.24,-0.0555991,0.0469647,-0.0212707
0.24,0.24,-0.0590547,0.0470607,-0.0213086
0.25,0.24,-0.0625042,0.0470128,-0.0213416
0.26,0.24,-0.065939,0.0468231,-0.0213695
0.27,0.24,-0.0693506,0.0464936,-0.0213922
0.28,0.24,-0.0727306,0.0460257,-0.0214096
0.29,0.24,-0.0760705,0.045421,-0.0214215
0.3,0.24,-0.0793621,0.0446806,-0.0214274
0.31,0.24,-0.0825972,0.0438056,-0.0214271
0.32,0.24,-0.0857675,0.0427968,-0.0214201
0.33,0.24,-0.088865,0.0416551,-0.021406
0.34,0.24,-0.0918813,0.0403814,-0.0213843
0.35,0.24,-0.0948085,0.0389768,-0.0213544
0.36,0.24,-0.0976384,0.0374423,-0.0213159
0.37,0.24,-0.100363,0.0357792,-0.0212682
0.38,0.24,-0.102974,0.0339892,-0.0212108
0.39,0.24,-0.105463,0.0320741,-0.0211431
0.4,0.24,-0.107823,0.0300363,-0.0210648
0.41,0.24,-0.110046,0.0278787,-0.0209753
0.42,0.24,-0.112123,0.0256044,-0.0208742
0.43,0.24,-0.114048,0.0232174,-0.0207613
0.44,0.24,-0.115812,0.0207223,-0.0206361
0.45,0.24,-0.117409,0.018124,-0.0204986
0.46,0.24,-0.118831,0.0154285,-0.0203486
0.47,0.24,-0.12007,0.0126423,-0.0201861
0.48,0.24,-0.121121,0.0097729,-0.0200111
0.49,0.24,-0.121978,0.00682829,-0.019824
0.5,0.24,-0.122633,0.00381741,-0.019625
0.51,0.24,-0.123082,0.000749981,-0.0194147
0.52,0.24,-0.12332,-0.00236349,-0.0191935
0.53,0.24,-0.123342,-0.00551169,-0.0189623
0.54,0.24,-0.123143,-0.00868257,-0.0187219
0.55,0.24,-0.122721,-0.0118633,-0.0184734
0.56,0.24,-0.122073,-0.0150404,-0.0182179
0.57,0.24,-0.121197,-0.0181996,-0.0179568
0.58,0.24,-0.120092,-0.0213262,-0.0176914
0.59,0.24,-0.118757,-0.0244049,-0.0174233
0.6,0.24,-0.117194,-0.0274199,-0.0171542
0.61,0.24,-0.115404,-0.0303551,-0.0168859
0.62,0.24,-0.11339,-0.0331941,-0.0166201
0.63,0.24,-0.111156,-0.0359204,-0.0163589
0.64,0.24,-0.108707,-0.0385174,-0.0161041
0.65,0.24,-0.10605,-0.0409687,-0.0158578
0.66,0.24,-0.103191,-0.0432582,-0.015622
0.67,0.24,-0.10014,-0.04537,-0.0153986
0.68,0.24,-0.0969069,-0.047289,-0.0151895
0.69,0.24,-0.0935034,-0.0490009,-0.0149965
0.7,0.24,-0.0899421,-0.0504919,-0.0148216
0.71,0.24,-0.0862371,-0.0517499,-0.0146661
0.72,0.24,-0.0824037,-0.0527635,-0.0145317
0.73,0.24,-0.0784583,-0.053523,-0.0144196
0.74,0.24,-0.0744184,-0.0540205,-0.0143309
0.75,0.24,-0.0703028,-0.0542495,-0.0142666
0.76,0.24,-0.0661308,-0.0542058,-0.0142272
0.77,0.24,-0.0619227,-0.0538868,-0.0142132
0.78,0.24,-0.0576996,-0.0532926,-0.0142248
0.79,0.24,-0.0534828,-0.0524253,-0.014262
0.8,0.24,-0.049294,-0.0512895,-0.0143244
0.81,0.24,-0.0451553,-0.0498921,-0.0144114
0.82,0.24,-0.0410883,-0.0482428,-0.0145223
0.83,0.24,-0.0371147,-0.0463534,-0.0146561
0.84,0.24,-0.0332558,-0.0442386,-0.0148116
0.85,0.24,-0.029532,-0.0419153,-0.0149873
0.86,0.24,-0.0259631,-0.0394031,-0.0151817
0.87,0.24,-0.0225678,-0.0367236,-0.0153932
0.88,0.24,-0.0193637,-0.0339009,-0.0156199
0.89,0.24,-0.0163668,-0.0309611,-0.01586
0.9,0.24,-0.013592,-0.0279325,-0.0161116
0.91,0.24,-0.0110523,-0.0248448,-0.0163728
0.92,0.24,-0.00875897,-0.0217297,-0.0166416
0.93,0.24,-0.00672171,-0.0186202,-0.0169161
0.94,0.24,-0.0049482,-0.0155506,-0.0171946
0.95,0.24,-0.00344422,-0.0125564,-0.0174751
0.96,0.24,-0.00221406,-0.00967363,-0.0177568
0.97,0.24,-0.00125908,-0.00693914,-0.0180354
0.98,0.24,-0.000576084,-0.00438997,-0.0183067
0.99,0.24,-0.000201303,-0.00206288,-0.0186548
1,0.24,0,0,-0.0186548
0,0.25,0,0,-0.0180098
0.01,0.25,-0.000286632,0.00406068,-0.0180098
0.02,0.25,-0.000796904,0.0080142,-0.0184562
0.03,0.25,-0.00168448,0.0118363,-0.0187622
0.04,0.25,-0.00287031,0.0155101,-0.0190488
0.05,0.25,-0.00433453,0.0190216,-0.0193135
0.06,0.25,-0.00605469,0.0223595,-0.0195539
0.07,0.25,-0.0080083,0.0255155,-0.0197729
0.08,0.25,-0.0101747,0.0284834,-0.019972
0.09,0.25,-0.0125344,0.031259,-0.0201527
0.1,0.25,-0.0150691,0.03384,-0.0203168
0.11,0.25,-0.0177616,0.0362257,-0.0204657
0.12,0.25,-0.0205958,0.0384165,-0.0206009
0.13,0.25,-0.0235566,0.0404139,-0.0207237
0.14,0.25,-0.0266297,0.0422204,-0.0208353
0.15,0.25,-0.0298015,0.0438389,-0.0209369
0.16,0.25,-0.0330593,0.0452729,-0.0210295
0.17,0.25,-0.0363911,0.0465262,-0.021114
0.18,0.25,-0.0397854,0.0476027,-0.0211912
0.19,0.25,-0.0432313,0.0485065,-0.0212618
0.2,0.25,-0.0467183,0.0492413,-0.0213263
0.21,0.25,-0.0502363,0.049811,-0.0213853
0.22,0.25,-0.0537756,0.0502191,-0.0214391
0.23,0.25,-0.0573269,0.0504688,-0.021488
0.24,0.25,-0.060881,0.0505632,-0.021532
0.25,0.25,-0.064429,0.0505049,-0.0215713
0.26,0.25,-0.0679623,0.0502962,-0.0216059
0.27,0.25,-0.0714721,0.049939,-0.0216355
0.28,0.25,-0.0749502,0.0494352,-0.0216601
0.29,0.25,-0.0783881,0.0487862,-0.0216793
0.3,0.25,-0.0817775,0.0479933,-0.0216928
0.31,0.25,-0.0851102,0.0470574,-0.0217001
0.32,0.25,-0.088378,0.0459796,-0.021701
0.33,0.25,-0.0915727,0.0447607,-0.0216948
0.34,0.25,-0.094686,0.0434017,-0.0216809
0.35,0.25,-0.0977098,0.0419036,-0.021659
0.36,0.25,-0.100636,0.0402674,-0.0216283
0.37,0.25,-0.103456,0.0384946,-0.0215883
0.38,0.25,-0.106163,0.0365867,-0.0215384
0.39,0.25,-0.108747,0.0345458,-0.021478
0.4,0.25,-0.111202,0.0323741,-0.0214066
0.41,0.25,-0.113518,0.0300747,-0.0213236
0.42,0.25,-0.115688,0.0276508,-0.0212286
0.43,0.25,-0.117704,0.0251065,-0.0211213
0.44,0.25,-0.119558,0.0224463,-0.0210011
0.45,0.25,-0.121243,0.0196757,-0.0208679
0.46,0.25,-0.122751,0.0168007,-0.0207215
0.47,0.25,-0.124075,0.0138281,-0.0205618
0.48,0.25,-0.125208,0.0107655,-0.0203889
0.49,0.25,-0.126144,0.00762141,-0.0202028
0.5,0.25,-0.126875,0.00440508,-0.020004
0.51,0.25,-0.127396,0.00112666,-0.0197927
0.52,0.25,-0.127702,-0.00220287,-0.0195697
0.53,0.25,-0.127786,-0.00557168,-0.0193355
0.54,0.25,-0.127646,-0.00896709,-0.019091
0.55,0.25,-0.127276,-0.0123756,-0.0188374
0.56,0.25,-0.126674,-0.0157831,-0.0185756
0.57,0.25,-0.125837,-0.0191745,-0.018307
0.58,0.25,-0.124764,-0.0225342,-0.0180332
0.59,0.25,-0.123453,-0.025846,-0.0177556
0.6,0.25,-0.121905,-0.0290931,-0.0174759
0.61,0.25,-0.120121,-0.0322584,-0.0171961
0.62,0.25,-0.118104,-0.0353244,-0.0169181
0.63,0.25,-0.115856,-0.0382733,-0.0166437
0.64,0.25,-0.113382,-0.0410875,-0.0163752
0.65,0.25,-0.110689,-0.0437492,-0.0161146
0.66,0.25,-0.107784,-0.046241,-0.0158639
0.67,0.25,-0.104674,-0.0485457,-0.0156255
0.68,0.25,-0.101371,-0.0506468,-0.0154012
0.69,0.25,-0.0978845,-0.0525287,-0.0151931
0.7,0.25,-0.0942287,-0.0541763,-0.0150031
0.71,0.25,-0.0904172,-0.0555761,-0.0148331
0.72,0.25,-0.0864655,-0.0567155,-0.0146845
0.73,0.25,-0.0823905,-0.0575836,-0.014559
0.74,0.25,-0.07821,-0.0581713,-0.0144577
0.75,0.25,-0.0739434,-0.0584712,-0.0143818
0.76,0.25,-0.0696108,-0.0584781,-0.0143321
0.77,0.25,-0.0652333,-0.0581887,-0.014309
0.78,0.25,-0.0608328,-0.0576023,-0.014313
0.79,0.25,-0.0564318,-0.0567208,-0.0143441
0.8,0.25,-0.0520533,-0.0555482,-0.014402
0.81,0.25,-0.0477204,-0.0540916,-0.0144863
0.82,0.25,-0.0434564,-0.0523606,-0.0145963
0.83,0.25,-0.0392844,-0.0503675,-0.0147309
0.84,0.25,-0.0352269,-0.0481273,-0.0148889
0.85,0.25,-0.0313062,-0.0456577,-0.015069
0.86,0.25,-0.0275436,-0.0429792,-0.0152696
0.87,0.25,-0.0239593,-0.0401145,-0.015489
0.88,0.25,-0.0205725,-0.0370891,-0.0157251
0.89,0.25,-0.017401,-0.0339304,-0.0159762
0.9,0.25,-0.0144608,-0.0306681,-0.0162402
0.91,0.25,-0.0117667,-0.0273339,-0.0165151
0.92,0.25,-0.00933128,-0.0239612,-0.0167987
0.93,0.25,-0.00716542,-0.0205849,-0.017089
0.94,0.25,-0.00527801,-0.0172413,-0.0173841
0.95,0.25,-0.00367589,-0.0139675,-0.017682
0.96,0.25,-0.00236425,-0.0108018,-0.0179816
0.97,0.25,-0.00134516,-0.00778289,-0.0182784
0.98,0.25,-0.00061574,-0.00494965,-0.0185678
0.99,0.25,-0.000215235,-0.00234066,-0.0189396
1,0.25,0,0,-0.0189396
0,0.26,0,0,-0.0181195
0.01,0.26,-0.000296349,0.00443975,-0.0181195
0.02,0.26,-0.000823766,0.00874308,-0.0185807
0.03,0.26,-0.00174086,0.0128874,-0.0188966
0.04,0.26,-0.00296567,0.0168573,-0.0191923
0.05,0.26,-0.00447747,0.0206402,-0.0194652
0.06,0.26,-0.0062528,0.0242263,-0.019713
0.07,0.26,-0.00826826,0.0276087,-0.0199385
0.08,0.26,-0.0105023,0.0307823,-0.0201435
0.09,0.26,-0.0129347,0.0337444,-0.0203298
0.1,0.26,-0.0155463,0.0364939,-0.0204989
0.11,0.26,-0.0183195,0.0390311,-0.0206526
0.12,0.26,-0.0212375,0.0413574,-0.0207923
0.13,0.26,-0.0242845,0.0434754,-0.0209195
0.14,0.26,-0.0274459,0.0453884,-0.0210355
0.15,0.26,-0.0307079,0.0471001,-0.0211415
0.16,0.26,-0.0340572,0.0486147,-0.0212386
0.17,0.26,-0.0374816,0.0499367,-0.0213277
0.18,0.26,-0.0409694,0.0510706,-0.0214098
0.19,0.26,-0.0445093,0.052021,-0.0214854
0.2,0.26,-0.0480909,0.052792,-0.0215553
0.21,0.26,-0.0517038,0.0533881,-0.02162
0.22,0.26,-0.0553383,0.0538129,-0.0216797
0.23,0.26,-0.058985,0.0540701,-0.0217347
0.24,0.26,-0.0626346,0.0541629,-0.0217853
0.25,0.26,-0.0662783,0.0540941,-0.0218314
0.26,0.26,-0.0699072,0.0538663,-0.0218731
0.27,0.26,-0.0735129,0.0534815,-0.0219101
0.28,0.26,-0.0770868,0.0529417,-0.0219423
0.29,0.26,-0.0806205,0.0522484,-0.0219694
0.3,0.26,-0.0841059,0.0514028,-0.0219909
0.31,0.26,-0.0875347,0.050406,-0.0220065
0.32,0.26,-0.0908986,0.0492592,-0.0220157
0.33,0.26,-0.0941894,0.047963,-0.0220179
0.34,0.26,-0.097399,0.0465186,-0.0220125
0.35,0.26,-0.100519,0.0449269,-0.021999
0.36,0.26,-0.103542,0.0431889,-0.0219766
0.37,0.26,-0.106459,0.0413061,-0.0219448
0.38,0.26,-0.109261,0.0392801,-0.0219029
0.39,0.26,-0.111942,0.0371128,-0.0218502
0.4,0.26,-0.114492,0.0348068,-0.0217862
0.41,0.26,-0.116904,0.0323649,-0.0217102
0.42,0.26,-0.119169,0.0297905,-0.0216217
0.43,0.26,-0.12128,0.0270878,-0.0215203
0.44,0.26,-0.123227,0.0242615,-0.0214055
0.45,0.26,-0.125005,0.0213171,-0.0212769
0.46,0.26,-0.126604,0.0182607,-0.0211344
0.47,0.26,-0.128017,0.0150995,-0.0209778
0.48,0.26,-0.129237,0.0118413,-0.020807
0.49,0.26,-0.130257,0.00849482,-0.0206221
0.5,0.26,-0.13107,0.00506974,-0.0204235
0.51,0.26,-0.131669,0.00157656,-0.0202113
0.52,0.26,-0.13205,-0.00197329,-0.0199862
0.53,0.26,-0.132205,-0.00556745,-0.0197489
0.54,0.26,-0.13213,-0.00919271,-0.0195001
0.55,0.26,-0.13182,-0.012835,-0.0192408
0.56,0.26,-0.131272,-0.0164793,-0.0189723
0.57,0.26,-0.130482,-0.0201099,-0.0186957
0.58,0.26,-0.129449,-0.0237104,-0.0184127
0.59,0.26,-0.12817,-0.0272635,-0.0181247
0.6,0.26,-0.126646,-0.0307517,-0.0178337
0.61,0.26,-0.124876,-0.0341565,-0.0175414
0.62,0.26,-0.122863,-0.0374595,-0.0172498
0.63,0.26,-0.12061,-0.0406417,-0.0169611
0.64,0.26,-0.118119,-0.043684,-0.0166774
0.65,0.26,-0.115398,-0.0465675,-0.016401
0.66,0.26,-0.112452,-0.0492733,-0.0161341
0.67,0.26,-0.109291,-0.051783,-0.0158789
0.68,0.26,-0.105923,-0.0540785,-0.0156377
0.69,0.26,-0.102359,-0.0561427,-0.0154127
0.7,0.26,-0.0986135,-0.0579593,-0.0152059
0.71,0.26,-0.0946994,-0.059513,-0.0150193
0.72,0.26,-0.0906326,-0.0607902,-0.0148548
0.73,0.26,-0.0864301,-0.0617785,-0.014714
0.74,0.26,-0.0821105,-0.0624676,-0.0145984
0.75,0.26,-0.0776934,-0.0628488,-0.0145091
0.76,0.26,-0.0731998,-0.0629159,-0.0144472
0.77,0.26,-0.0686516,-0.0626648,-0.0144134
0.78,0.26,-0.0640717,-0.0620941,-0.0144082
0.79,0.26,-0.0594837,-0.0612048,-0.0144317
0.8,0.26,-0.0549117,-0.0600009,-0.0144839
0.81,0.26,-0.0503804,-0.058489,-0.0145643
0.82,0.26,-0.0459144,-0.0566788,-0.0146722
0.83,0.26,-0.0415382,-0.0545829,-0.0148067
0.84,0.26,-0.0372762,-0.0522167,-0.0149666
0.85,0.26,-0.0331521,-0.0495987,-0.0151506
0.86,0.26,-0.0291891,-0.04675,-0.0153569
0.87,0.26,-0.0254089,-0.0436947,-0.0155838
0.88,0.26,-0.0218326,-0.0404593,-0.0158294
0.89,0.26,-0.0184795,-0.0370728,-0.0160915
0.9,0.26,-0.0153674,-0.0335667,-0.016368
0.91,0.26,-0.0125125,-0.0299743,-0.0166568
0.92,0.26,-0.00992894,-0.0263309,-0.0169556
0.93,0.26,-0.00762896,-0.0226735,-0.0172623
0.94,0.26,-0.0056227,-0.0190401,-0.0175746
0.95,0.26,-0.00391809,-0.0154704,-0.0178905
0.96,0.26,-0.00252132,-0.0120043,-0.0182088
0.97,0.26,-0.00143522,-0.00868294,-0.0185245
0.98,0.26,-0.00065725,-0.00554709,-0.0188328
0.99,0.26,-0.000229824,-0.00263733,-0.0192294
1,0.26,0,0,-0.0192294
0,0.27,0,0,-0.0182598
0.01,0.27,-0.000305563,0.00483106,-0.0182598
0.02,0.27,-0.000849242,0.00949529,-0.0187351
0.03,0.27,-0.00179434,0.0139718,-0.0190604
0.04,0.27,-0.00305616,0.0182467,-0.0193647
0.05,0.27,-0.00461312,0.0223089,-0.0196454
0.06,0.27,-0.00644088,0.0261503,-0.0199002
0.07,0.27,-0.00851514,0.029765,-0.0201321
0.08,0.27,-0.0108135,0.0331498,-0.0203429
0.09,0.27,-0.0133151,0.036303,-0.0205344
0.1,0.27,-0.0160001,0.0392248,-0.0207085
0.11,0.27,-0.0188501,0.0419168,-0.0208669
0.12,0.27,-0.021848,0.0443815,-0.0210112
0.13,0.27,-0.0249774,0.0466224,-0.0211429
0.14,0.27,-0.0282233,0.0486437,-0.0212634
0.15,0.27,-0.0315714,0.0504501,-0.021374
0.16,0.27,-0.0350083,0.0520466,-0.0214758
0.17,0.27,-0.0385214,0.0534383,-0.0215699
0.18,0.27,-0.0420987,0.0546304,-0.0216571
0.19,0.27,-0.045729,0.055628,-0.0217381
0.2,0.27,-0.0494014,0.0564358,-0.0218137
0.21,0.27,-0.0531056,0.0570585,-0.0218843
0.22,0.27,-0.0568319,0.0575003,-0.0219504
0.23,0.27,-0.0605706,0.0577651,-0.0220121
0.24,0.27,-0.0643125,0.0578565,-0.0220696
0.25,0.27,-0.0680487,0.0577775,-0.022123
0.26,0.27,-0.0717704,0.0575307,-0.0221723
0.27,0.27,-0.0754691,0.0571186,-0.0222172
0.28,0.27,-0.0791363,0.0565429,-0.0222575
0.29,0.27,-0.0827637,0.0558054,-0.022293
0.3,0.27,-0.086343,0.0549074,-0.0223231
0.31,0.27,-0.089866,0.05385,-0.0223475
0.32,0.27,-0.0933245,0.0526343,-0.0223656
0.33,0.27,-0.0967104,0.0512612,-0.0223767
0.34,0.27,-0.100015,0.0497315,-0.0223804
0.35,0.27,-0.103232,0.0480464,-0.0223758
0.36,0.27,-0.10635,0.0462068,-0.0223624
0.37,0.27,-0.109364,0.0442142,-0.0223393
0.38,0.27,-0.112263,0.0420702,-0.0223059
0.39,0.27,-0.115041,0.0397766,-0.0222615
0.4,0.27,-0.117689,0.0373361,-0.0222054
0.41,0.27,-0.120198,0.0347515,-0.022137
0.42,0.27,-0.122561,0.0320263,-0.0220555
0.43,0.27,-0.124768,0.0291646,-0.0219605
0.44,0.27,-0.126813,0.0261713,-0.0218515
0.45,0.27,-0.128686,0.023052,-0.021728
0.46,0.27,-0.13038,0.019813,-0.0215897
0.47,0.27,-0.131887,0.0164615,-0.0214364
0.48,0.27,-0.133199,0.0130056,-0.0212681
0.49,0.27,-0.13431,0.00945436,-0.0210846
0.5,0.27,-0.13521,0.00581764,-0.0208862
0.51,0.27,-0.135895,0.00210634,-0.0206732
0.52,0.27,-0.136356,-0.0016677,-0.0204461
0.53,0.27,-0.136589,-0.00549165,-0.0202054
0.54,0.27,-0.136587,-0.00935177,-0.0199521
0.55,0.27,-0.136345,-0.0132333,-0.0196869
0.56,0.27,-0.135859,-0.0171207,-0.0194112
0.57,0.27,-0.135125,-0.0209975,-0.0191261
0.58,0.27,-0.13414,-0.0248463,-0.0188333
0.59,0.27,-0.132903,-0.028649,-0.0185342
0.6,0.27,-0.13141,-0.0323871,-0.0182308
0.61,0.27,-0.129664,-0.036041,-0.017925
0.62,0.27,-0.127664,-0.0395911,-0.0176188
0.63,0.27,-0.125413,-0.0430172,-0.0173144
0.64,0.27,-0.122914,-0.0462991,-0.0170142
0.65,0.27,-0.120173,-0.0494162,-0.0167205
0.66,0.27,-0.117195,-0.0523483,-0.0164356
0.67,0.27,-0.113988,-0.0550754,-0.016162
0.68,0.27,-0.110562,-0.0575782,-0.0159021
0.69,0.27,-0.106927,-0.0598377,-0.0156583
0.7,0.27,-0.103097,-0.0618362,-0.0154328
0.71,0.27,-0.0990843,-0.063557,-0.0152277
0.72,0.27,-0.094906,-0.0649847,-0.0150452
0.73,0.27,-0.0905791,-0.0661057,-0.0148871
0.74,0.27,-0.0861222,-0.066908,-0.014755
0.75,0.27,-0.0815558,-0.0673819,-0.0146504
0.76,0.27,-0.0769013,-0.0675199,-0.0145745
0.77,0.27,-0.0721817,-0.0673168,-0.0145281
0.78,0.27,-0.0674206,-0.0667703,-0.014512
0.79,0.27,-0.062643,-0.0658807,-0.0145263
0.8,0.27,-0.0578742,-0.0646515,-0.0145711
0.81,0.27,-0.0531402,-0.063089,-0.0146462
0.82,0.27,-0.0484672,-0.0612028,-0.0147508
0.83,0.27,-0.0438813,-0.0590056,-0.0148842
0.84,0.27,-0.0394086,-0.0565133,-0.0150452
0.85,0.27,-0.0350746,-0.0537449,-0.0152322
0.86,0.27,-0.0309042,-0.0507224,-0.0154437
0.87,0.27,-0.0269211,-0.047471,-0.0156778
0.88,0.27,-0.023148,-0.0440185,-0.0159325
0.89,0.27,-0.0196061,-0.0403955,-0.0162056
0.9,0.27,-0.0163151,-0.0366351,-0.0164948
0.91,0.27,-0.0132926,-0.0327724,-0.0167978
0.92,0.27,-0.0105544,-0.0288448,-0.0171122
0.93,0.27,-0.00811436,-0.0248912,-0.0174357
0.94,0.27,-0.00598383,-0.0209521,-0.0177658
0.95,0.27,-0.004172,-0.0170691,-0.0181004
0.96,0.27,-0.00268609,-0.0132847,-0.0184381
0.97,0.27,-0.00152975,-0.00964194,-0.0187736
0.98,0.27,-0.000700852,-0.00618408,-0.0191016
0.99,0.27,-0.000245159,-0.00295383,-0.0195243
1,0.27,0,0,-0.0195243
0,0.28,0,0,-0.0184318
0.01,0.28,-0.000314261,0.00523395,-0.0184318
0.02,0.28,-0.000873292,0.0102696,-0.0189204
0.03,0.28,-0.00184484,0.0150878,-0.0192546
0.04,0.28,-0.00314162,0.0196761,-0.0195671
0.05,0.28,-0.00474128,0.0240252,-0.0198552
0.06,0.28,-0.00661863,0.0281283,-0.0201167
0.07,0.28,-0.00874853,0.0319813,-0.0203546
0.08,0.28,-0.0111079,0.0355823,-0.020571
0.09,0.28,-0.013675,0.038931,-0.0207677
0.1,0.28,-0.0164296,0.042029,-0.0209467
0.11,0.28,-0.0193526,0.0448789,-0.0211098
0.12,0.28,-0.0224263,0.0474847,-0.0212587
0.13,0.28,-0.025634,0.0498507,-0.021395
0.14,0.28,-0.0289603,0.0519823,-0.0215201
0.15,0.28,-0.0323904,0.053885,-0.0216355
0.16,0.28,-0.0359108,0.0555647,-0.0217422
0.17,0.28,-0.0395085,0.0570271,-0.0218415
0.18,0.28,-0.0431714,0.0582782,-0.0219341
0.19,0.28,-0.046888,0.0593236,-0.0220209
0.2,0.28,-0.0506474,0.0601687,-0.0221025
0.21,0.28,-0.0544392,0.0608185,-0.0221795
0.22,0.28,-0.0582534,0.0612778,-0.0222522
0.23,0.28,-0.0620805,0.0615507,-0.022321
0.24,0.28,-0.0659113,0.061641,-0.022386
0.25,0.28,-0.0697367,0.061552,-0.0224472
0.26,0.28,-0.0735481,0.0612867,-0.0225045
0.27,0.28,-0.0773369,0.0608474,-0.0225579
0.28,0.28,-0.0810947,0.0602363,-0.0226069
0.29,0.28,-0.0848132,0.059455,-0.0226513
0.3,0.28,-0.0884841,0.0585051,-0.0226906
0.31,0.28,-0.0920994,0.0573876,-0.0227244
0.32,0.28,-0.0956508,0.0561036,-0.0227519
0.33,0.28,-0.0991303,0.054654,-0.0227727
0.34,0.28,-0.10253,0.0530397,-0.022786
0.35,0.28,-0.105841,0.0512617,-0.022791
0.36,0.28,-0.109055,0.0493211,-0.0227871
0.37,0.28,-0.112165,0.0472192,-0.0227734
0.38,0.28,-0.115162,0.0449576,-0.0227492
0.39,0.28,-0.118038,0.0425383,-0.0227137
0.4,0.28,-0.120784,0.0399636,-0.0226662
0.41,0.28,-0.123393,0.0372365,-0.0226058
0.42,0.28,-0.125855,0.0343605,-0.022532
0.43,0.28,-0.128162,0.0313398,-0.022444
0.44,0.28,-0.130306,0.0281792,-0.0223412
0.45,0.28,-0.132279,0.0248844,-0.0222233
0.46,0.28,-0.134072,0.0214619,-0.0220897
0.47,0.28,-0.135677,0.0179189,-0.0219402
0.48,0.28,-0.137087,0.0142638,-0.0217746
0.49,0.28,-0.138293,0.0105058,-0.0215929
0.5,0.28,-0.139287,0.00665499,-0.021395
0.51,0.28,-0.140063,0.00272263,-0.0211813
0.52,0.28,-0.140613,-0.00127906,-0.0209522
0.53,0.28,-0.14093,-0.00533686,-0.0207083
0.54,0.28,-0.141009,-0.00943649,-0.0204502
0.55,0.28,-0.140843,-0.0135627,-0.020179
0.56,0.28,-0.140427,-0.0176991,-0.0198957
0.57,0.28,-0.139758,-0.0218287,-0.0196016
0.58,0.28,-0.13883,-0.0259332,-0.0192984
0.59,0.28,-0.137642,-0.0299937,-0.0189875
0.6,0.28,-0.136191,-0.0339904,-0.0186709
0.61,0.28,-0.134477,-0.037903,-0.0183505
0.62,0.28,-0.132499,-0.0417105,-0.0180285
0.63,0.28,-0.130259,-0.0453915,-0.0177073
0.64,0.28,-0.127761,-0.0489243,-0.0173891
0.65,0.28,-0.125008,-0.0522871,-0.0170765
0.66,0.28,-0.122005,-0.0554581,-0.016772
0.67,0.28,-0.118761,-0.0584159,-0.0164782
0.68,0.28,-0.115284,-0.0611392,-0.0161977
0.69,0.28,-0.111585,-0.0636078,-0.0159331
0.7,0.28,-0.107676,-0.065802,-0.0156867
0.71,0.28,-0.103571,-0.0677035,-0.0154611
0.72,0.28,-0.0992857,-0.0692954,-0.0152584
0.73,0.28,-0.0948378,-0.0705623,-0.0150808
0.74,0.28,-0.0902465,-0.0714909,-0.0149301
0.75,0.28,-0.0855324,-0.0720697,-0.0148081
0.76,0.28,-0.0807179,-0.07229,-0.014716
0.77,0.28,-0.0758265,-0.0721455,-0.014655
0.78,0.28,-0.0708832,-0.0716328,-0.0146259
0.79,0.28,-0.0659137,-0.0707513,-0.0146292
0.8,0.28,-0.060945,-0.0695037,-0.014665
0.81,0.28,-0.0560043,-0.0678961,-0.0147331
0.82,0.28,-0.0511195,-0.0659378,-0.0148331
0.83,0.28,-0.0463185,-0.0636415,-0.0149641
0.84,0.28,-0.041629,-0.0610234,-0.0151249
0.85,0.28,-0.0370784,-0.0581031,-0.0153142
0.86,0.28,-0.0326936,-0.0549035,-0.0155302
0.87,0.28,-0.0285002,-0.0514508,-0.0157711
0.88,0.28,-0.0245228,-0.0477742,-0.0160346
0.89,0.28,-0.0207846,-0.0439058,-0.0163185
0.9,0.28,-0.0173071,-0.0398803,-0.0166204
0.91,0.28,-0.0141098,-0.035735,-0.0169378
0.92,0.28,-0.0112102,-0.0315092,-0.0172681
0.93,0.28,-0.00862363,-0.0272441,-0.0176089
0.94,0.28,-0.00636301,-0.0229824,-0.0179575
0.95,0.28,-0.00443879,-0.0187683,-0.0183114
0.96,0.28,-0.00285935,-0.0146466,-0.0186694
0.97,0.28,-0.00162923,-0.0106628,-0.0190255
0.98,0.28,-0.000746783,-0.00686264,-0.0193742
0.99,0.28,-0.000261325,-0.00329119,-0.0198242
1,0.28,0,0,-0.0198242
0,0.29,0,0,-0.0186366
0.01,0.29,-0.000322426,0.00564776,-0.0186366
0.02,0.29,-0.000895875,0.0110646,-0.0191377
0.03,0.29,-0.00189227,0.0162334,-0.0194803
0.04,0.29,-0.00322192,0.0211432,-0.0198005
0.05,0.29,-0.00486173,0.0257862,-0.0200956
0.06,0.29,-0.00678575,0.0301574,-0.0203635
0.07,0.29,-0.00896806,0.0342543,-0.0206072
0.08,0.29,-0.0113849,0.0380762,-0.020829
0.09,0.29,-0.0140138,0.0416247,-0.0210307
0.1,0.29,-0.016834,0.0449024,-0.0212145
0.11,0.29,-0.019826,0.0479135,-0.0213823
0.12,0.29,-0.0229714,0.0506629,-0.0215358
0.13,0.29,-0.0262532,0.0531563,-0.0216767
0.14,0.29,-0.0296555,0.0554001,-0.0218066
0.15,0.29,-0.0331635,0.0574006,-0.0219269
0.16,0.29,-0.036763,0.0591647,-0.0220388
0.17,0.29,-0.040441,0.0606989,-0.0221434
0.18,0.29,-0.0441853,0.0620099,-0.0222418
0.19,0.29,-0.047984,0.0631039,-0.0223346
0.2,0.29,-0.0518263,0.0639869,-0.0224226
0.21,0.29,-0.0557016,0.0646645,-0.0225064
0.22,0.29,-0.0595999,0.0651416,-0.0225863
0.23,0.29,-0.0635117,0.065423,-0.0226626
0.24,0.29,-0.0674276,0.0655127,-0.0227355
0.25,0.29,-0.0713388,0.0654143,-0.022805
0.26,0.29,-0.0752365,0.0651309,-0.022871
0.27,0.29,-0.0791122,0.0646651,-0.0229333
0.28,0.29,-0.0829576,0.0640192,-0.0229916
0.29,0.29,-0.0867643,0.0631948,-0.0230455
0.3,0.29,-0.0905244,0.0621936,-0.0230946
0.31,0.29,-0.0942296,0.0610167,-0.0231384
0.32,0.29,-0.097872,0.0596652,-0.0231761
0.33,0.29,-0.101443,0.05814,-0.0232071
0.34,0.29,-0.104936,0.056442,-0.0232306
0.35,0.29,-0.108341,0.0545721,-0.023246
0.36,0.29,-0.11165,0.0525315,-0.0232523
0.37,0.29,-0.114857,0.0503212,-0.0232487
0.38,0.29,-0.117951,0.047943,-0.0232344
0.39,0.29,-0.120925,0.0453986,-0.0232085
0.4,0.29,-0.123771,0.0426906,-0.0231702
0.41,0.29,-0.126479,0.0398217,-0.0231186
0.42,0.29,-0.129042,0.0367955,-0.023053
0.43,0.29,-0.131452,0.0336161,-0.0229727
0.44,0.29,-0.133698,0.0302884,-0.0228769
0.45,0.29,-0.135774,0.026818,-0.0227651
0.46,0.29,-0.13767,0.0232116,-0.0226368
0.47,0.29,-0.139378,0.0194764,-0.0224916
0.48,0.29,-0.140889,0.015621,-0.0223293
0.49,0.29,-0.142196,0.0116547,-0.0221496
0.5,0.29,-0.14329,0.00758787,-0.0219526
0.51,0.29,-0.144163,0.00343199,-0.0217385
0.52,0.29,-0.144808,-0.000800394,-0.0215076
0.53,0.29,-0.145217,-0.00509565,-0.0212605
0.54,0.29,-0.145384,-0.00943906,-0.0209977
0.55,0.29,-0.145302,-0.0138148,-0.0207202
0.56,0.29,-0.144965,-0.018206,-0.0204291
0.57,0.29,-0.144369,-0.0225947,-0.0201257
0.58,0.29,-0.143507,-0.0269621,-0.0198115
0.59,0.29,-0.142378,-0.0312882,-0.0194881
0.6,0.29,-0.140978,-0.0355524,-0.0191575
0.61,0.29,-0.139305,-0.0397331,-0.0188216
0.62,0.29,-0.137359,-0.0438083,-0.0184828
0.63,0.29,-0.135141,-0.0477551,-0.0181433
0.64,0.29,-0.132652,-0.0515507,-0.0178057
0.65,0.29,-0.129896,-0.0551716,-0.0174727
0.66,0.29,-0.126879,-0.0585946,-0.0171469
0.67,0.29,-0.123606,-0.0617964,-0.0168311
0.68,0.29,-0.120086,-0.0647543,-0.016528
0.69,0.29,-0.11633,-0.0674461,-0.0162404
0.7,0.29,-0.112349,-0.0698505,-0.015971
0.71,0.29,-0.108157,-0.0719474,-0.0157225
0.72,0.29,-0.10377,-0.0737179,-0.0154974
0.73,0.29,-0.0992055,-0.0751449,-0.0152979
0.74,0.29,-0.0944831,-0.0762135,-0.0151263
0.75,0.29,-0.0896239,-0.0769106,-0.0149844
0.76,0.29,-0.0846508,-0.0772258,-0.0148738
0.77,0.29,-0.0795881,-0.0771515,-0.0147959
0.78,0.29,-0.0744618,-0.076683,-0.0147517
0.79,0.29,-0.069299,-0.0758189,-0.0147418
0.8,0.29,-0.0641277,-0.0745609,-0.0147667
0.81,0.29,-0.0589767,-0.0729145,-0.0148261
0.82,0.29,-0.0538757,-0.0708887,-0.0149198
0.83,0.29,-0.0488541,-0.0684962,-0.015047
0.84,0.29,-0.0439417,-0.0657534,-0.0152065
0.85,0.29,-0.0391679,-0.0626803,-0.0153969
0.86,0.29,-0.0345615,-0.0593007,-0.0156166
0.87,0.29,-0.0301502,-0.0556418,-0.0158635
0.88,0.29,-0.0259608,-0.0517341,-0.0161354
0.89,0.29,-0.0220185,-0.0476113,-0.0164299
0.9,0.29,-0.0183467,-0.0433099,-0.0167445
0.91,0.29,-0.014967,-0.0388693,-0.0170764
0.92,0.29,-0.0118987,-0.0343309,-0.017423
0.93,0.29,-0.00915875,-0.0297384,-0.0177815
0.94,0.29,-0.00676178,-0.0251369,-0.0181491
0.95,0.29,-0.00471962,-0.020573,-0.0185232
0.96,0.29,-0.0030419,-0.0160942,-0.0189022
0.97,0.29,-0.00173416,-0.0117488,-0.0192799
0.98,0.29,-0.000795278,-0.00758499,-0.0196502
0.99,0.29,-0.000278411,-0.00365055,-0.020129
1,0.29,0,0,-0.020129
0,0.3,0,0,-0.0188753
0.01,0.3,-0.000330044,0.00607179,-0.0188753
0.02,0.3,-0.000916949,0.0118792,-0.0193881
0.03,0.3,-0.00193654,0.0174069,-0.0197384
0.04,0.3,-0.0032969,0.0226456,-0.0200659
0.05,0.3,-0.00497426,0.0275893,-0.0203677
0.06,0.3,-0.00694194,0.0322346,-0.0206415
0.07,0.3,-0.00917331,0.0365804,-0.0208908
0.08,0.3,-0.0116439,0.040628,-0.0211177
0.09,0.3,-0.0143309,0.0443802,-0.0213243
0.1,0.3,-0.0172127,0.0478411,-0.0215129
0.11,0.3,-0.0202694,0.0510163,-0.0216852
0.12,0.3,-0.0234822,0.0539119,-0.0218434
0.13,0.3,-0.0268338,0.0565349,-0.021989
0.14,0.3,-0.0303078,0.0588925,-0.0221238
0.15,0.3,-0.033889,0.0609925,-0.0222492
0.16,0.3,-0.0375632,0.0628422,-0.0223664
0.17,0.3,-0.0413172,0.0644494,-0.0224767
0.18,0.3,-0.0451383,0.0658212,-0.022581
0.19,0.3,-0.0490148,0.0669647,-0.0226803
0.2,0.3,-0.0529357,0.0678863,-0.0227751
0.21,0.3,-0.0568902,0.0685922,-0.022866
0.22,0.3,-0.0608685,0.0690879,-0.0229535
0.23,0.3,-0.0648608,0.0693783,-0.0230378
0.24,0.3,-0.068858,0.069468,-0.0231191
0.25,0.3,-0.0728511,0.0693609,-0.0231974
0.26,0.3,-0.0768315,0.0690601,-0.0232725
0.27,0.3,-0.0807906,0.0685685,-0.0233444
0.28,0.3,-0.0847203,0.0678885,-0.0234126
0.29,0.3,-0.0886123,0.0670219,-0.0234767
0.3,0.3,-0.0924586,0.0659704,-0.0235362
0.31,0.3,-0.0962512,0.0647351,-0.0235906
0.32,0.3,-0.099982,0.0633172,-0.0236392
0.33,0.3,-0.103643,0.0617176,-0.0236811
0.34,0.3,-0.107227,0.059937,-0.0237157
0.35,0.3,-0.110724,0.0579765,-0.0237421
0.36,0.3,-0.114128,0.055837,-0.0237594
0.37,0.3,-0.117429,0.0535197,-0.0237667
0.38,0.3,-0.120621,0.0510261,-0.023763
0.39,0.3,-0.123693,0.0483581,-0.0237475
0.4,0.3,-0.126639,0.0455179,-0.0237192
0.41,0.3,-0.129449,0.0425083,-0.0236772
0.42,0.3,-0.132115,0.0393329,-0.0236206
0.43,0.3,-0.134628,0.0359957,-0.0235487
0.44,0.3,-0.136979,0.0325015,-0.0234606
0.45,0.3,-0.13916,0.028856,-0.0233557
0.46,0.3,-0.141162,0.0250658,-0.0232333
0.47,0.3,-0.142977,0.0211383,-0.0230931
0.48,0.3,-0.144594,0.017082,-0.0229345
0.49,0.3,-0.146007,0.0129065,-0.0227575
0.5,0.3,-0.147206,0.00862217,-0.0225619
0.51,0.3,-0.148183,0.0042408,-0.0223477
0.52,0.3,-0.148929,-0.000224806,-0.0221153
0.53,0.3,-0.149437,-0.00476068,-0.0218651
0.54,0.3,-0.1497,-0.00935169,-0.0215977
0.55,0.3,-0.14971,-0.0139815,-0.021314
0.56,0.3,-0.14946,-0.0186327,-0.0210149
0.57,0.3,-0.148945,-0.0232867,-0.0207019
0.58,0.3,-0.148159,-0.0279238,-0.0203762
0.59,0.3,-0.147098,-0.0325232,-0.0200398
0.6,0.3,-0.145759,-0.0370634,-0.0196944
0.61,0.3,-0.144137,-0.0415217,-0.0193421
0.62,0.3,-0.142233,-0.0458747,-0.0189853
0.63,0.3,-0.140046,-0.0500986,-0.0186264
0.64,0.3,-0.137577,-0.0541687,-0.018268
0.65,0.3,-0.134829,-0.0580604,-0.0179129
0.66,0.3,-0.131805,-0.0617486,-0.017564
0.67,0.3,-0.128513,-0.0652084,-0.0172242
0.68,0.3,-0.124959,-0.0684153,-0.0168965
0.69,0.3,-0.121154,-0.0713452,-0.0165838
0.7,0.3,-0.117109,-0.0739749,-0.0162891
0.71,0.3,-0.112837,-0.0762823,-0.0160154
0.72,0.3,-0.108355,-0.0782467,-0.0157653
0.73,0.3,-0.10368,-0.0798491,-0.0155414
0.74,0.3,-0.0988304,-0.0810725,-0.0153463
0.75,0.3,-0.0938295,-0.0819021,-0.0151819
0.76,0.3,-0.0887,-0.0823258,-0.0150503
0.77,0.3,-0.0834673,-0.0823345,-0.014953
0.78,0.3,-0.0781582,-0.0819219,-0.0148913
0.79,0.3,-0.0728009,-0.0810854,-0.014866
0.8,0.3,-0.0674249,-0.079826,-0.0148777
0.81,0.3,-0.0620605,-0.0781481,-0.0149264
0.82,0.3,-0.056739,-0.0760604,-0.015012
0.83,0.3,-0.0514919,-0.0735754,-0.0151336
0.84,0.3,-0.0463508,-0.0707095,-0.0152904
0.85,0.3,-0.0413471,-0.0674833,-0.0154808
0.86,0.3,-0.0365119,-0.0639213,-0.0157031
0.87,0.3,-0.0318752,-0.0600515,-0.0159552
0.88,0.3,-0.0274658,-0.055906,-0.016235
0.89,0.3,-0.0233112,-0.0515199,-0.0165397
0.9,0.3,-0.019437,-0.0469318,-0.0168668
0.91,0.3,-0.0158669,-0.042183,-0.0172133
0.92,0.3,-0.0126221,-0.0373174,-0.0175764
0.93,0.3,-0.00972167,-0.0323809,-0.0179531
0.94,0.3,-0.0071817,-0.0274215,-0.0183403
0.95,0.3,-0.00501563,-0.0224884,-0.0187353
0.96,0.3,-0.00323453,-0.017632,-0.0191363
0.97,0.3,-0.001845,-0.0129034,-0.0195365
0.98,0.3,-0.00084657,-0.00835355,-0.0199296
0.99,0.3,-0.000296501,-0.00403317,-0.0204388
1,0.3,0,0,-0.0204388
0,0.31,0,0,-0.0191488
0.01,0.31,-0.0003371,0.00650531,-0.0191488
0.02,0.31,-0.000936473,0.0127119,-0.0196724
0.03,0.31,-0.00197758,0.0186062,-0.02003
0.04,0.31,-0.00336642,0.0241809,-0.0203642
0.05,0.31,-0.00507864,0.0294315,-0.0206721
0.06,0.31,-0.00708689,0.0343564,-0.0209516
0.07,0.31,-0.0093639,0.0389563,-0.0212062
0.08,0.31,-0.0118846,0.0432338,-0.021438
0.09,0.31,-0.0146256,0.0471935,-0.0216494
0.1,0.31,-0.0175649,0.0508409,-0.0218425
0.11,0.31,-0.020682,0.054183,-0.0220195
0.12,0.31,-0.0239578,0.0572272,-0.0221823
0.13,0.31,-0.0273746,0.0599818,-0.0223328
0.14,0.31,-0.0309156,0.0624553,-0.0224725
0.15,0.31,-0.0345655,0.0646561,-0.0226032
0.16,0.31,-0.0383098,0.0665928,-0.022726
0.17,0.31,-0.042135,0.068274,-0.0228422
0.18,0.31,-0.0460284,0.0697076,-0.0229528
0.19,0.31,-0.0499781,0.0709013,-0.0230587
0.2,0.31,-0.0539729,0.0718623,-0.0231606
0.21,0.31,-0.0580023,0.0725973,-0.0232592
0.22,0.31,-0.062056,0.0731122,-0.0233547
0.23,0.31,-0.0661247,0.0734125,-0.0234475
0.24,0.31,-0.0701989,0.073503,-0.0235377
0.25,0.31,-0.0742698,0.0733878,-0.0236253
0.26,0.31,-0.0783289,0.0730704,-0.0237102
0.27,0.31,-0.0823677,0.0725539,-0.0237922
0.28,0.31,-0.0863781,0.0718409,-0.0238709
0.29,0.31,-0.0903519,0.0709332,-0.0239458
0.3,0.31,-0.0942813,0.0698325,-0.0240165
0.31,0.31,-0.0981582,0.0685401,-0.0240823
0.32,0.31,-0.101975,0.0670572,-0.0241424
0.33,0.31,-0.105723,0.0653845,-0.0241961
0.34,0.31,-0.109396,0.063523,-0.0242425
0.35,0.31,-0.112984,0.0614734,-0.0242807
0.36,0.31,-0.11648,0.0592367,-0.0243098
0.37,0.31,-0.119876,0.0568141,-0.0243288
0.38,0.31,-0.123163,0.0542068,-0.0243366
0.39,0.31,-0.126334,0.0514168,-0.0243323
0.4,0.31,-0.129379,0.048446,-0.0243149
0.41,0.31,-0.132291,0.0452974,-0.0242833
0.42,0.31,-0.13506,0.0419742,-0.0242366
0.43,0.31,-0.137678,0.0384805,-0.024174
0.44,0.31,-0.140137,0.034821,-0.0240944
0.45,0.31,-0.142426,0.0310013,-0.0239971
0.46,0.31,-0.144537,0.027028,-0.0238815
0.47,0.31,-0.146461,0.0229085,-0.023747
0.48,0.31,-0.148189,0.0186514,-0.023593
0.49,0.31,-0.149712,0.0142662,-0.0234192
0.5,0.31,-0.151021,0.00976349,-0.0232255
0.51,0.31,-0.152107,0.00515522,-0.0230118
0.52,0.31,-0.152962,0.000454391,-0.0227783
0.53,0.31,-0.153576,-0.00432473,-0.0225254
0.54,0.31,-0.153941,-0.00916665,-0.0222536
0.55,0.31,-0.154051,-0.0140546,-0.0219636
0.56,0.31,-0.153897,-0.0189706,-0.0216566
0.57,0.31,-0.153473,-0.0238955,-0.0213337
0.58,0.31,-0.152772,-0.0288088,-0.0209963
0.59,0.31,-0.151789,-0.033689,-0.0206463
0.6,0.31,-0.150519,-0.0385135,-0.0202854
0.61,0.31,-0.14896,-0.0432585,-0.0199158
0.62,0.31,-0.147108,-0.0478996,-0.01954
0.63,0.31,-0.144962,-0.0524114,-0.0191604
0.64,0.31,-0.142523,-0.0567681,-0.0187798
0.65,0.31,-0.139793,-0.0609433,-0.0184011
0.66,0.31,-0.136774,-0.0649102,-0.0180273
0.67,0.31,-0.133473,-0.0686423,-0.0176616
0.68,0.31,-0.129895,-0.072113,-0.0173071
0.69,0.31,-0.12605,-0.0752964,-0.016967
0.7,0.31,-0.12195,-0.0781673,-0.0166446
0.71,0.31,-0.117606,-0.0807013,-0.0163431
0.72,0.31,-0.113036,-0.0828758,-0.0160654
0.73,0.31,-0.108255,-0.0846696,-0.0158144
0.74,0.31,-0.103285,-0.0860635,-0.0155929
0.75,0.31,-0.0981467,-0.087041,-0.0154034
0.76,0.31,-0.0928642,-0.0875879,-0.015248
0.77,0.31,-0.0874635,-0.0876933,-0.0151286
0.78,0.31,-0.0819725,-0.0873495,-0.0150467
0.79,0.31,-0.0764205,-0.0865522,-0.0150035
0.8,0.31,-0.0708383,-0.0853013,-0.0149996
0.81,0.31,-0.065258,-0.0836004,-0.0150353
0.82,0.31,-0.0597124,-0.0814574,-0.0151106
0.83,0.31,-0.054235,-0.0788844,-0.0152249
0.84,0.31,-0.0488595,-0.0758981,-0.0153771
0.85,0.31,-0.0436196,-0.0725191,-0.015566
0.86,0.31,-0.0385485,-0.0687727,-0.0157898
0.87,0.31,-0.0336786,-0.0646879,-0.0160463
0.88,0.31,-0.0290412,-0.0602981,-0.0163331
0.89,0.31,-0.024666,-0.05564,-0.0166476
0.9,0.31,-0.020581,-0.0507542,-0.016987
0.91,0.31,-0.0168122,-0.0456842,-0.0173481
0.92,0.31,-0.013383,-0.0404762,-0.0177279
0.93,0.31,-0.0103143,-0.0351788,-0.0181231
0.94,0.31,-0.00762425,-0.0298428,-0.0185306
0.95,0.31,-0.00532797,-0.0245204,-0.0189472
0.96,0.31,-0.00343802,-0.0192648,-0.019371
0.97,0.31,-0.00196223,-0.0141303,-0.0197949
0.98,0.31,-0.00090089,-0.00917093,-0.0202118
0.99,0.31,-0.000315681,-0.00444041,-0.0207531
1,0.31,0,0,-0.0207531
0,0.32,0,0,-0.0194579
0.01,0.32,-0.000343576,0.0069476,-0.0194579
0.02,0.32,-0.000954403,0.0135613,-0.0199914
0.03,0.32,-0.00201529,0.0198295,-0.0203557
0.04,0.32,-0.00343034,0.0257467,-0.0206962
0.05,0.32,-0.00517467,0.0313101,-0.0210099
0.06,0.32,-0.00722032,0.0365197,-0.0212947
0.07,0.32,-0.00953945,0.0413782,-0.0215542
0.08,0.32,-0.0121065,0.0458897,-0.0217907
0.09,0.32,-0.0148974,0.0500604,-0.0220067
0.1,0.32,-0.0178899,0.0538975,-0.0222044
0.11,0.32,-0.0210629,0.0574092,-0.0223859
0.12,0.32,-0.0243972,0.0606044,-0.0225534
0.13,0.32,-0.0278744,0.0634926,-0.0227087
0.14,0.32,-0.0314778,0.0660835,-0.0228536
0.15,0.32,-0.0351915,0.0683866,-0.0229896
0.16,0.32,-0.039001,0.0704117,-0.0231182
0.17,0.32,-0.0428926,0.072168,-0.0232406
0.18,0.32,-0.0468534,0.0736643,-0.0233578
0.19,0.32,-0.0508715,0.0749092,-0.0234707
0.2,0.32,-0.0549355,0.0759104,-0.0235802
0.21,0.32,-0.0590349,0.0766753,-0.0236867
0.22,0.32,-0.0631595,0.0772102,-0.0237907
0.23,0.32,-0.0672998,0.0775211,-0.0238924
0.24,0.32,-0.0714466,0.0776132,-0.0239921
0.25,0.32,-0.075591,0.0774909,-0.0240896
0.26,0.32,-0.0797245,0.0771579,-0.0241848
0.27,0.32,-0.0838389,0.0766177,-0.0242776
0.28,0.32,-0.087926,0.0758727,-0.0243674
0.29,0.32,-0.0919778,0.0749251,-0.0244539
0.3,0.32,-0.0959866,0.0737766,-0.0245364
0.31,0.32,-0.0999446,0.0724287,-0.0246143
0.32,0.32,-0.103844,0.0708823,-0.0246868
0.33,0.32,-0.107677,0.0691383,-0.024753
0.34,0.32,-0.111435,0.0671976,-0.024812
0.35,0.32,-0.115112,0.0650609,-0.0248629
0.36,0.32,-0.118698,0.062729,-0.0249047
0.37,0.32,-0.122187,0.060203,-0.0249363
0.38,0.32,-0.125569,0.0574842,-0.0249565
0.39,0.32,-0.128837,0.0545742,-0.0249644
0.4,0.32,-0.131982,0.051475,-0.0249588
0.41,0.32,-0.134995,0.0481893,-0.0249386
0.42,0.32,-0.137868,0.0447203,-0.0249028
0.43,0.32,-0.140592,0.0410719,-0.0248503
0.44,0.32,-0.143159,0.0372487,-0.0247802
0.45,0.32,-0.145558,0.0332564,-0.0246916
0.46,0.32,-0.14778,0.0291012,-0.0245836
0.47,0.32,-0.149817,0.0247907,-0.0244556
0.48,0.32,-0.151659,0.0203332,-0.024307
0.49,0.32,-0.153297,0.0157385,-0.0241372
0.5,0.32,-0.154721,0.0110171,-0.0239462
0.51,0.32,-0.155921,0.00618109,-0.0237336
0.52,0.32,-0.156889,0.00124363,-0.0234995
0.53,0.32,-0.157616,-0.0037808,-0.0232443
0.54,0.32,-0.158092,-0.00887638,-0.0229684
0.55,0.32,-0.158309,-0.014026,-0.0226725
0.56,0.32,-0.158259,-0.0192112,-0.0223576
0.57,0.32,-0.157934,-0.0244121,-0.0220247
0.58,0.32,-0.157327,-0.0296077,-0.0216754
0.59,0.32,-0.156432,-0.0347756,-0.0213113
0.6,0.32,-0.155243,-0.0398923,-0.0209344
0.61,0.32,-0.153756,-0.044933,-0.0205468
0.62,0.32,-0.151967,-0.0498721,-0.020151
0.63,0.32,-0.149874,-0.0546829,-0.0197495
0.64,0.32,-0.147477,-0.059338,-0.0193453
0.65,0.32,-0.144776,-0.0638094,-0.0189414
0.66,0.32,-0.141773,-0.0680689,-0.0185409
0.67,0.32,-0.138473,-0.0720877,-0.0181472
0.68,0.32,-0.134881,-0.0758376,-0.0177638
0.69,0.32,-0.131007,-0.0792904,-0.017394
0.7,0.32,-0.126861,-0.0824188,-0.0170413
0.71,0.32,-0.122455,-0.0851962,-0.0167093
0.72,0.32,-0.117805,-0.0875977,-0.0164012
0.73,0.32,-0.112927,-0.0895999,-0.0161202
0.74,0.32,-0.107842,-0.0911813,-0.0158695
0.75,0.32,-0.102571,-0.092323,-0.0156518
0.76,0.32,-0.0971402,-0.093009,-0.0154696
0.77,0.32,-0.0915747,-0.0932261,-0.0153251
0.78,0.32,-0.0859036,-0.0929649,-0.0152201
0.79,0.32,-0.0801576,-0.0922196,-0.0151561
0.8,0.32,-0.0743686,-0.0909885,-0.0151339
0.81,0.32,-0.0685704,-0.0892741,-0.0151541
0.82,0.32,-0.0627977,-0.0870835,-0.0152168
0.83,0.32,-0.0570858,-0.0844283,-0.0153216
0.84,0.32,-0.0514707,-0.0813249,-0.0154674
0.85,0.32,-0.0459884,-0.0777944,-0.0156531
0.86,0.32,-0.0406744,-0.0738623,-0.0158769
0.87,0.32,-0.0355637,-0.0695589,-0.0161366
0.88,0.32,-0.0306901,-0.0649186,-0.0164296
0.89,0.32,-0.0260858,-0.0599801,-0.0167534
0.9,0.32,-0.0217815,-0.0547856,-0.0171046
0.91,0.32,-0.0178054,-0.0493811,-0.0174802
0.92,0.32,-0.0141833,-0.0438153,-0.0178768
0.93,0.32,-0.0109384,-0.0381396,-0.018291
0.94,0.32,-0.00809091,-0.0324078,-0.0187193
0.95,0.32,-0.00565772,-0.0266749,-0.0191582
0.96,0.32,-0.00365311,-0.0209978,-0.0196059
0.97,0.32,-0.00208632,-0.0154336,-0.0200544
0.98,0.32,-0.000958466,-0.0100399,-0.0204965
0.99,0.32,-0.000336035,-0.00487373,-0.0210717
1,0.32,0,0,-0.0210717
0,0.33,0,0,-0.0198035
0.01,0.33,-0.000349459,0.0073979,-0.0198035
0.02,0.33,-0.000970699,0.014426,-0.020346
0.03,0.33,-0.00204958,0.0210748,-0.0207165
0.04,0.33,-0.00348852,0.0273403,-0.0210626
0.05,0.33,-0.00526214,0.0332218,-0.0213817
0.06,0.33,-0.00734196,0.0387211,-0.0216714
0.07,0.33,-0.00969958,0.0438424,-0.0219356
0.08,0.33,-0.012309,0.0485918,-0.0221766
0.09,0.33,-0.0151457,0.0529768,-0.022397
0.1,0.33,-0.0181869,0.0570064,-0.0225991
0.11,0.33,-0.0214114,0.0606903,-0.0227852
0.12,0.33,-0.0247993,0.0640387,-0.0229573
0.13,0.33,-0.0283322,0.0670624,-0.0231176
0.14,0.33,-0.0319929,0.0697724,-0.0232677
0.15,0.33,-0.0357656,0.0721793,-0.0234093
0.16,0.33,-0.0396353,0.0742939,-0.0235438
0.17,0.33,-0.0435881,0.0761263,-0.0236726
0.18,0.33,-0.0476113,0.0776865,-0.0237967
0.19,0.33,-0.0516927,0.0789834,-0.0239171
0.2,0.33,-0.0558209,0.0800258,-0.0240344
0.21,0.33,-0.0599854,0.0808213,-0.0241493
0.22,0.33,-0.0641759,0.0813771,-0.0242622
0.23,0.33,-0.068383,0.0816995,-0.0243734
0.24,0.33,-0.0725975,0.0817941,-0.024483
0.25,0.33,-0.0768106,0.0816657,-0.024591
0.26,0.33,-0.081014,0.0813183,-0.0246972
0.27,0.33,-0.0851994,0.0807554,-0.0248014
0.28,0.33,-0.0893589,0.0799798,-0.024903
0.29,0.33,-0.0934846,0.0789938,-0.0250017
0.3,0.33,-0.0975688,0.0777992,-0.0250968
0.31,0.33,-0.101604,0.0763973,-0.0251876
0.32,0.33,-0.105582,0.0747893,-0.0252733
0.33,0.33,-0.109496,0.072976,-0.0253528
0.34,0.33,-0.113338,0.0709582,-0.0254254
0.35,0.33,-0.1171,0.0687365,-0.0254899
0.36,0.33,-0.120774,0.0663118,-0.0255453
0.37,0.33,-0.124353,0.0636848,-0.0255905
0.38,0.33,-0.127828,0.0608568,-0.0256242
0.39,0.33,-0.131192,0.0578293,-0.0256452
0.4,0.33,-0.134435,0.0546042,-0.0256525
0.41,0.33,-0.137549,0.0511839,-0.0256447
0.42,0.33,-0.140526,0.0475715,-0.0256208
0.43,0.33,-0.143356,0.0437707,-0.0255796
0.44,0.33,-0.146031,0.0397861,-0.02552
0.45,0.33,-0.148542,0.0356231,-0.025441
0.46,0.33,-0.150878,0.0312878,-0.0253417
0.47,0.33,-0.15303,0.0267877,-0.0252212
0.48,0.33,-0.154989,0.0221311,-0.0250789
0.49,0.33,-0.156745,0.0173276,-0.0249141
0.5,0.33,-0.158288,0.0123878,-0.0247265
0.51,0.33,-0.159608,0.00732387,-0.0245158
0.52,0.33,-0.160695,0.00214898,-0.0242819
0.53,0.33,-0.16154,-0.00312218,-0.024025
0.54,0.33,-0.162133,-0.00847356,-0.0237455
0.55,0.33,-0.162465,-0.0138877,-0.023444
0.56,0.33,-0.162527,-0.0193458,-0.0231213
0.57,0.33,-0.16231,-0.0248274,-0.0227786
0.58,0.33,-0.161807,-0.0303108,-0.0224172
0.59,0.33,-0.161009,-0.035773,-0.0220388
0.6,0.33,-0.159912,-0.0411895,-0.0216454
0.61,0.33,-0.158508,-0.0465345,-0.0212391
0.62,0.33,-0.156793,-0.0517812,-0.0208223
0.63,0.33,-0.154764,-0.0569016,-0.0203979
0.64,0.33,-0.15242,-0.0618669,-0.0199687
0.65,0.33,-0.14976,-0.0666475,-0.0195379
0.66,0.33,-0.146784,-0.0712132,-0.019109
0.67,0.33,-0.143498,-0.0755336,-0.0186854
0.68,0.33,-0.139905,-0.0795782,-0.0182707
0.69,0.33,-0.136013,-0.0833167,-0.0178687
0.7,0.33,-0.131831,-0.0867195,-0.0174832
0.71,0.33,-0.127373,-0.0897578,-0.0171178
0.72,0.33,-0.122652,-0.0924041,-0.0167764
0.73,0.33,-0.117686,-0.0946324,-0.0164624
0.74,0.33,-0.112494,-0.0964191,-0.0161793
0.75,0.33,-0.107098,-0.0977427,-0.0159302
0.76,0.33,-0.101523,-0.0985847,-0.0157179
0.77,0.33,-0.0957973,-0.0989299,-0.0155451
0.78,0.33,-0.0899492,-0.0987666,-0.0154139
0.79,0.33,-0.0840106,-0.0980872,-0.0153259
0.8,0.33,-0.0780152,-0.0968884,-0.0152825
0.81,0.33,-0.0719981,-0.0951713,-0.0152844
0.82,0.33,-0.0659959,-0.092942,-0.0153318
0.83,0.33,-0.060046,-0.0902114,-0.0154246
0.84,0.33,-0.0541865,-0.0869955,-0.0155619
0.85,0.33,-0.0484559,-0.0833155,-0.0157425
0.86,0.33,-0.0428923,-0.0791974,-0.0159647
0.87,0.33,-0.0375333,-0.0746723,-0.0162262
0.88,0.33,-0.0324154,-0.0697759,-0.0165244
0.89,0.33,-0.0275736,-0.0645486,-0.0168565
0.9,0.33,-0.0230411,-0.0590347,-0.0172192
0.91,0.33,-0.0188488,-0.0532824,-0.0176091
0.92,0.33,-0.0150252,-0.0473431,-0.0180226
0.93,0.33,-0.0115959,-0.0412712,-0.018456
0.94,0.33,-0.00858311,-0.0351235,-0.0189057
0.95,0.33,-0.00600596,-0.0289585,-0.0193678
0.96,0.33,-0.00388057,-0.0228362,-0.0198402
0.97,0.33,-0.00221771,-0.0168176,-0.0203146
0.98,0.33,-0.00101952,-0.0109636,-0.020783
0.99,0.33,-0.000357647,-0.00533471,-0.021394
1,0.33,0,0,-0.021394
0,0.34,0,0,-0.0201862
0.01,0.34,-0.000354735,0.00785544,-0.0201862
0.02,0.34,-0.000985325,0.0153045,-0.0207368
0.03,0.34,-0.00208039,0.0223398,-0.0211128
0.04,0.34,-0.00354084,0.0289593,-0.0214642
0.05,0.34,-0.00534087,0.0351638,-0.0217881
0.06,0.34,-0.00745153,0.0409571,-0.0220824
0.07,0.34,-0.00984397,0.0463452,-0.022351
0.08,0.34,-0.0124917,0.0513358,-0.0225963
0.09,0.34,-0.0153699,0.0559384,-0.0228209
0.1,0.34,-0.0184554,0.0601632,-0.0230273
0.11,0.34,-0.0217266,0.0640215,-0.0232179
0.12,0.34,-0.0251633,0.0675252,-0.0233947
0.13,0.34,-0.0287469,0.0706863,-0.02356
0.14,0.34,-0.03246,0.0735169,-0.0237154
0.15,0.34,-0.0362863,0.076029,-0.0238627
0.16,0.34,-0.040211,0.0782343,-0.0240035
0.17,0.34,-0.0442199,0.080144,-0.024139
0.18,0.34,-0.0483002,0.0817688,-0.0242702
0.19,0.34,-0.0524396,0.0831188,-0.0243983
0.2,0.34,-0.0566267,0.0842031,-0.0245239
0.21,0.34,-0.0608509,0.0850302,-0.0246477
0.22,0.34,-0.0651021,0.0856078,-0.02477
0.23,0.34,-0.0693708,0.0859427,-0.0248911
0.24,0.34,-0.0736479,0.0860408,-0.0250112
0.25,0.34,-0.0779248,0.0859074,-0.0251302
0.26,0.34,-0.082193,0.0855467,-0.025248
0.27,0.34,-0.0864446,0.0849625,-0.0253642
0.28,0.34,-0.0906717,0.0841578,-0.0254784
0.29,0.34,-0.0948666,0.083135,-0.0255901
0.3,0.34,-0.0990218,0.0818959,-0.0256985
0.31,0.34,-0.10313,0.0804421,-0.025803
0.32,0.34,-0.107183,0.0787745,-0.0259027
0.33,0.34,-0.111174,0.0768941,-0.0259965
0.34,0.34,-0.115095,0.0748015,-0.0260836
0.35,0.34,-0.118939,0.0724973,-0.0261627
0.36,0.34,-0.122699,0.0699823,-0.0262327
0.37,0.34,-0.126365,0.0672571,-0.0262924
0.38,0.34,-0.129931,0.0643227,-0.0263406
0.39,0.34,-0.133387,0.0611806,-0.0263759
0.4,0.34,-0.136727,0.0578324,-0.0263971
0.41,0.34,-0.139941,0.0542805,-0.026403
0.42,0.34,-0.143021,0.0505275,-0.0263921
0.43,0.34,-0.145957,0.0465772,-0.0263633
0.44,0.34,-0.148741,0.0424339,-0.0263154
0.45,0.34,-0.151363,0.0381026,-0.0262472
0.46,0.34,-0.153813,0.0335896,-0.0261577
0.47,0.34,-0.156083,0.028902,-0.0260459
0.48,0.34,-0.158161,0.024048,-0.0259109
0.49,0.34,-0.160038,0.0190371,-0.0257522
0.5,0.34,-0.161704,0.01388,-0.025569
0.51,0.34,-0.163147,0.00858851,-0.0253611
0.52,0.34,-0.164359,0.00317608,-0.0251282
0.53,0.34,-0.165329,-0.00234256,-0.0248704
0.54,0.34,-0.166045,-0.0079512,-0.0245879
0.55,0.34,-0.166499,-0.0136321,-0.0242812
0.56,0.34,-0.166681,-0.0193661,-0.0239512
0.57,0.34,-0.166581,-0.0251324,-0.0235988
0.58,0.34,-0.16619,-0.0309086,-0.0232254
0.59,0.34,-0.1655,-0.036671,-0.0228325
0.6,0.34,-0.164504,-0.0423942,-0.0224222
0.61,0.34,-0.163194,-0.0480517,-0.0219965
0.62,0.34,-0.161565,-0.0536152,-0.0215581
0.63,0.34,-0.159613,-0.0590557,-0.0211096
0.64,0.34,-0.157334,-0.0643427,-0.0206542
0.65,0.34,-0.154727,-0.0694451,-0.0201951
0.66,0.34,-0.151792,-0.0743308,-0.0197359
0.67,0.34,-0.148531,-0.0789676,-0.0192802
0.68,0.34,-0.144948,-0.0833227,-0.0188321
0.69,0.34,-0.141051,-0.0873637,-0.0183954
0.7,0.34,-0.136846,-0.0910584,-0.0179743
0.71,0.34,-0.132347,-0.0943756,-0.0175727
0.72,0.34,-0.127566,-0.0972851,-0.0171949
0.73,0.34,-0.122521,-0.0997585,-0.0168446
0.74,0.34,-0.117231,-0.101769,-0.0165257
0.75,0.34,-0.111718,-0.103293,-0.0162418
0.76,0.34,-0.106007,-0.10431,-0.015996
0.77,0.34,-0.100126,-0.1048,-0.0157914
0.78,0.34,-0.0941049,-0.104752,-0.0156304
0.79,0.34,-0.0879767,-0.104154,-0.0155151
0.8,0.34,-0.0817762,-0.103001,-0.0154472
0.81,0.34,-0.0755402,-0.101293,-0.0154276
0.82,0.34,-0.0693069,-0.0990357,-0.0154569
0.83,0.34,-0.0631161,-0.0962377,-0.015535
0.84,0.34,-0.0570082,-0.092915,-0.0156613
0.85,0.34,-0.051024,-0.0890886,-0.0158346
0.86,0.34,-0.0452044,-0.0847849,-0.0160533
0.87,0.34,-0.0395899,-0.0800358,-0.016315
0.88,0.34,-0.0342196,-0.0748784,-0.0166172
0.89,0.34,-0.0291317,-0.0693544,-0.0169567
0.9,0.34,-0.0243621,-0.0635104,-0.0173302
0.91,0.34,-0.0199448,-0.0573969,-0.0177341
0.92,0.34,-0.0159108,-0.0510682,-0.0181645
0.93,0.34,-0.0122883,-0.0445818,-0.0186174
0.94,0.34,-0.00910219,-0.0379976,-0.0190889
0.95,0.34,-0.00637372,-0.0313778,-0.0195749
0.96,0.34,-0.00412112,-0.024786,-0.020073
0.97,0.34,-0.00235687,-0.0182868,-0.0205745
0.98,0.34,-0.00108428,-0.0119451,-0.0210706
0.99,0.34,-0.000380599,-0.00582503,-0.0217194
1,0.34,0,0,-0.0217194
0,0.35,0,0,-0.0206066
0.01,0.35,-0.00035939,0.00831942,-0.0206066
0.02,0.35,-0.000998244,0.0161954,-0.0211645
0.03,0.35,-0.00210764,0.0236226,-0.0215454
0.04,0.35,-0.00358717,0.0306008,-0.0219014
0.05,0.35,-0.00541068,0.0371328,-0.0222298
0.06,0.35,-0.00754881,0.0432242,-0.0225283
0.07,0.35,-0.0099723,0.0488826,-0.0228009
0.08,0.35,-0.0126543,0.0541177,-0.0230503
0.09,0.35,-0.0155697,0.0589405,-0.023279
0.1,0.35,-0.0186948,0.0633631,-0.0234896
0.11,0.35,-0.0220079,0.0673981,-0.0236846
0.12,0.35,-0.0254885,0.071059,-0.0238662
0.13,0.35,-0.0291176,0.074359,-0.0240364
0.14,0.35,-0.0328777,0.0773118,-0.0241973
0.15,0.35,-0.0367525,0.0799303,-0.0243506
0.16,0.35,-0.0407267,0.0822275,-0.0244977
0.17,0.35,-0.0447863,0.0842155,-0.0246401
0.18,0.35,-0.0489181,0.0859061,-0.0247789
0.19,0.35,-0.05311,0.0873099,-0.024915
0.2,0.35,-0.0573505,0.0884371,-0.0250492
0.21,0.35,-0.0616289,0.0892967,-0.0251822
0.22,0.35,-0.0659353,0.089897,-0.0253144
0.23,0.35,-0.0702601,0.0902453,-0.025446
0.24,0.35,-0.0745943,0.0903481,-0.0255771
0.25,0.35,-0.0789294,0.0902108,-0.0257078
0.26,0.35,-0.0832572,0.0898381,-0.0258377
0.27,0.35,-0.0875697,0.0892341,-0.0259667
0.28,0.35,-0.0918592,0.0884018,-0.0260941
0.29,0.35,-0.0961182,0.0873439,-0.0262195
0.3,0.35,-0.100339,0.0860623,-0.0263421
0.31,0.35,-0.104515,0.0845584,-0.0264612
0.32,0.35,-0.108639,0.0828336,-0.0265757
0.33,0.35,-0.112703,0.0808884,-0.0266848
0.34,0.35,-0.116699,0.0787236,-0.0267872
0.35,0.35,-0.120621,0.0763397,-0.0268819
0.36,0.35,-0.124461,0.0737373,-0.0269676
0.37,0.35,-0.128212,0.0709168,-0.027043
0.38,0.35,-0.131865,0.0678793,-0.0271068
0.39,0.35,-0.135412,0.0646258,-0.0271576
0.4,0.35,-0.138846,0.0611578,-0.0271939
0.41,0.35,-0.142158,0.0574775,-0.0272145
0.42,0.35,-0.145339,0.0535874,-0.027218
0.43,0.35,-0.14838,0.0494909,-0.0272029
0.44,0.35,-0.151272,0.0451919,-0.0271679
0.45,0.35,-0.154005,0.0406956,-0.0271118
0.46,0.35,-0.156571,0.0360078,-0.0270333
0.47,0.35,-0.158958,0.0311353,-0.0269314
0.48,0.35,-0.161157,0.0260864,-0.0268051
0.49,0.35,-0.163158,0.0208702,-0.0266535
0.5,0.35,-0.164949,0.0154972,-0.0264759
0.51,0.35,-0.16652,0.00997942,-0.0262718
0.52,0.35,-0.167861,0.00433005,-0.0260409
0.53,0.35,-0.16896,-0.0014361,-0.0257831
0.54,0.35,-0.169806,-0.00730271,-0.0254984
0.55,0.35,-0.170389,-0.0132519,-0.0251873
0.56,0.35,-0.170698,-0.0192641,-0.0248504
0.57,0.35,-0.170723,-0.0253183,-0.0244887
0.58,0.35,-0.170454,-0.0313915,-0.0241034
0.59,0.35,-0.169881,-0.0374594,-0.0236961
0.6,0.35,-0.168996,-0.0434959,-0.0232686
0.61,0.35,-0.167792,-0.0494732,-0.0228232
0.62,0.35,-0.16626,-0.0553624,-0.0223623
0.63,0.35,-0.164396,-0.0611329,-0.0218889
0.64,0.35,-0.162195,-0.0667529,-0.021406
0.65,0.35,-0.159655,-0.0721895,-0.0209171
0.66,0.35,-0.156773,-0.0774089,-0.0204258
0.67,0.35,-0.153552,-0.0823768,-0.0199362
0.68,0.35,-0.149993,-0.0870584,-0.0194523
0.69,0.35,-0.146103,-0.0914187,-0.0189784
0.7,0.35,-0.141889,-0.0954232,-0.0185189
0.71,0.35,-0.137361,-0.0990378,-0.0180782
0.72,0.35,-0.132533,-0.10223,-0.0176606
0.73,0.35,-0.12742,-0.104968,-0.0172707
0.74,0.35,-0.122042,-0.107222,-0.0169125
0.75,0.35,-0.116421,-0.108967,-0.01659
0.76,0.35,-0.110582,-0.110177,-0.016307
0.77,0.35,-0.104553,-0.110832,-0.0160668
0.78,0.35,-0.0983648,-0.110916,-0.0158723
0.79,0.35,-0.0920512,-0.110416,-0.0157261
0.8,0.35,-0.0856482,-0.109325,-0.0156301
0.81,0.35,-0.0791942,-0.107641,-0.0155856
0.82,0.35,-0.0727295,-0.105366,-0.0155934
0.83,0.35,-0.0662959,-0.10251,-0.0156539
0.84,0.35,-0.0599361,-0.0990877,-0.0157664
0.85,0.35,-0.0536936,-0.0951192,-0.01593
0.86,0.35,-0.0476122,-0.0906315,-0.0161429
0.87,0.35,-0.0417351,-0.0856571,-0.016403
0.88,0.35,-0.0361048,-0.0802342,-0.0167076
0.89,0.35,-0.0307623,-0.0744061,-0.0170535
0.9,0.35,-0.0257468,-0.0682216,-0.017437
0.91,0.35,-0.0210952,-0.0617337,-0.0178544
0.92,0.35,-0.0168417,-0.0549996,-0.0183015
0.93,0.35,-0.0130173,-0.0480798,-0.0187741
0.94,0.35,-0.00964947,-0.041038,-0.0192679
0.95,0.35,-0.00676201,-0.0339399,-0.0197785
0.96,0.35,-0.00437546,-0.0268531,-0.0203034
0.97,0.35,-0.00250422,-0.0198461,-0.0208331
0.98,0.35,-0.00115296,-0.0129879,-0.0213583
0.99,0.35,-0.000404971,-0.00634648,-0.0220472
1,0.35,0,0,-0.0220472
0,0.36,0,0,-0.0210652
0.01,0.36,-0.000363413,0.00878904,-0.0210652
0.02,0.36,-0.00100943,0.0170971,-0.0216294
0.03,0.36,-0.00213128,0.024921,-0.0220146
0.04,0.36,-0.00362743,0.0322623,-0.0223748
0.05,0.36,-0.00547143,0.0391257,-0.0227072
0.06,0.36,-0.00763359,0.0455187,-0.0230095
0.07,0.36,-0.0100843,0.0514507,-0.0232859
0.08,0.36,-0.0127964,0.0569332,-0.0235391
0.09,0.36,-0.0157444,0.0619789,-0.0237717
0.1,0.36,-0.0189046,0.0666014,-0.0239865
0.11,0.36,-0.0222546,0.0708152,-0.0241858
0.12,0.36,-0.025774,0.0746349,-0.0243721
0.13,0.36,-0.0294434,0.0780755,-0.0245475
0.14,0.36,-0.0332452,0.0811517,-0.0247139
0.15,0.36,-0.0371629,0.0838779,-0.0248732
0.16,0.36,-0.0411811,0.086268,-0.025027
0.17,0.36,-0.0452856,0.0883354,-0.0251765
0.18,0.36,-0.0494633,0.0900925,-0.025323
0.19,0.36,-0.0537019,0.0915512,-0.0254675
0.2,0.36,-0.05799,0.092722,-0.0256108
0.21,0.36,-0.0623168,0.093615,-0.0257534
0.22,0.36,-0.0666725,0.094239,-0.0258959
0.23,0.36,-0.0710476,0.0946017,-0.0260385
0.24,0.36,-0.0754331,0.0947102,-0.0261812
0.25,0.36,-0.0798207,0.0945702,-0.0263241
0.26,0.36,-0.0842022,0.094187,-0.0264668
0.27,0.36,-0.0885699,0.0935645,-0.0266092
0.28,0.36,-0.0929162,0.0927064,-0.0267506
0.29,0.36,-0.0972338,0.0916152,-0.0268905
0.3,0.36,-0.101516,0.090293,-0.0270281
0.31,0.36,-0.105754,0.0887415,-0.0271625
0.32,0.36,-0.109943,0.0869617,-0.0272929
0.33,0.36,-0.114074,0.0849544,-0.0274181
0.34,0.36,-0.118141,0.0827202,-0.027537
0.35,0.36,-0.122137,0.0802596,-0.0276483
0.36,0.36,-0.126053,0.0775728,-0.0277508
0.37,0.36,-0.129884,0.0746605,-0.027843
0.38,0.36,-0.13362,0.0715232,-0.0279236
0.39,0.36,-0.137255,0.0681618,-0.027991
0.4,0.36,-0.140779,0.0645778,-0.0280438
0.41,0.36,-0.144186,0.0607728,-0.0280805
0.42,0.36,-0.147465,0.0567493,-0.0280996
0.43,0.36,-0.150609,0.0525103,-0.0280995
0.44,0.36,-0.153608,0.0480595,-0.0280788
0.45,0.36,-0.156452,0.0434018,-0.0280361
0.46,0.36,-0.159132,0.0385426,-0.0279701
0.47,0.36,-0.161638,0.0334886,-0.0278795
0.48,0.36,-0.163959,0.0282478,-0.0277631
0.49,0.36,-0.166085,0.0228289,-0.02762
0.5,0.36,-0.168004,0.0172426,-0.0274493
0.51,0.36,-0.169705,0.0115003,-0.0272503
0.52,0.36,-0.171178,0.00561536,-0.0270225
0.53,0.36,-0.172411,-0.000397531,-0.0267657
0.54,0.36,-0.173392,-0.00652204,-0.0264798
0.55,0.36,-0.17411,-0.0127402,-0.026165
0.56,0.36,-0.174554,-0.0190322,-0.025822
0.57,0.36,-0.174711,-0.0253767,-0.0254515
0.58,0.36,-0.174572,-0.0317504,-0.0250547
0.59,0.36,-0.174127,-0.0381283,-0.024633
0.6,0.36,-0.173364,-0.0444836,-0.0241884
0.61,0.36,-0.172276,-0.0507878,-0.0237229
0.62,0.36,-0.170853,-0.0570107,-0.023239
0.63,0.36,-0.16909,-0.0631206,-0.0227398
0.64,0.36,-0.166981,-0.0690842,-0.0222284
0.65,0.36,-0.16452,-0.0748671,-0.0217083
0.66,0.36,-0.161706,-0.0804337,-0.0211833
0.67,0.36,-0.158538,-0.0857474,-0.0206577
0.68,0.36,-0.155018,-0.0907713,-0.0201358
0.69,0.36,-0.15115,-0.0954681,-0.0196221
0.7,0.36,-0.14694,-0.0998004,-0.0191214
0.71,0.36,-0.142398,-0.103732,-0.0186383
0.72,0.36,-0.137535,-0.107226,-0.0181778
0.73,0.36,-0.132368,-0.110249,-0.0177446
0.74,0.36,-0.126914,-0.112768,-0.0173434
0.75,0.36,-0.121196,-0.114753,-0.0169786
0.76,0.36,-0.115238,-0.116178,-0.0166543
0.77,0.36,-0.10907,-0.117018,-0.0163745
0.78,0.36,-0.102721,-0.117253,-0.0161425
0.79,0.36,-0.0962276,-0.11687,-0.0159613
0.8,0.36,-0.0896261,-0.115858,-0.0158332
0.81,0.36,-0.0829566,-0.114212,-0.01576
0.82,0.36,-0.0762612,-0.111934,-0.0157429
0.83,0.36,-0.0695838,-0.109031,-0.0157823
0.84,0.36,-0.0629696,-0.105517,-0.0158779
0.85,0.36,-0.056465,-0.101412,-0.0160289
0.86,0.36,-0.0501165,-0.0967434,-0.0162338
0.87,0.36,-0.0439704,-0.0915433,-0.0164902
0.88,0.36,-0.0380725,-0.0858513,-0.0167955
0.89,0.36,-0.0324672,-0.0797124,-0.0171463
0.9,0.36,-0.0271969,-0.0731775,-0.0175388
0.91,0.36,-0.022302,-0.066302,-0.0179691
0.92,0.36,-0.0178198,-0.0591462,-0.0184327
0.93,0.36,-0.0137843,-0.051774,-0.0189251
0.94,0.36,-0.0102262,-0.0442528,-0.0194416
0.95,0.36,-0.00717178,-0.0366522,-0.0199776
0.96,0.36,-0.00464427,-0.0290438,-0.0205302
0.97,0.36,-0.00266019,-0.0215005,-0.0210894
0.98,0.36,-0.00122577,-0.0140954,-0.0216452
0.99,0.36,-0.000430845,-0.00690094,-0.0223763
1,0.36,0,0,-0.0223763
0,0.37,0,0,-0.0215625
0.01,0.37,-0.000366795,0.00926348,-0.0215625
0.02,0.37,-0.00101885,0.0180081,-0.022132
0.03,0.37,-0.00215124,0.0262328,-0.022521
0.04,0.37,-0.00366152,0.033941,-0.0228848
0.05,0.37,-0.00552299,0.0411393,-0.0232207
0.06,0.37,-0.00770571,0.047837,-0.0235264
0.07,0.37,-0.0101798,0.0540454,-0.0238063
0.08,0.37,-0.0129178,0.0597779,-0.0240631
0.09,0.37,-0.015894,0.0650487,-0.0242994
0.1,0.37,-0.0190843,0.0698732,-0.0245182
0.11,0.37,-0.0224663,0.0742675,-0.0247219
0.12,0.37,-0.0260192,0.0782478,-0.0249129
0.13,0.37,-0.0297236,0.0818303,-0.0250934
0.14,0.37,-0.0335616,0.0850312,-0.0252655
0.15,0.37,-0.0375165,0.0878661,-0.025431
0.16,0.37,-0.0415729,0.0903502,-0.0255915
0.17,0.37,-0.0457166,0.0924978,-0.0257485
0.18,0.37,-0.0499342,0.0943223,-0.025903
0.19,0.37,-0.0542135,0.0958366,-0.0260563
0.2,0.37,-0.0585431,0.097052,-0.0262089
0.21,0.37,-0.0629123,0.0979792,-0.0263616
0.22,0.37,-0.0673111,0.0986277,-0.0265149
0.23,0.37,-0.0717303,0.0990059,-0.0266689
0.24,0.37,-0.076161,0.0991212,-0.0268237
0.25,0.37,-0.0805948,0.0989798,-0.0269794
0.26,0.37,-0.0850239,0.0985873,-0.0271356
0.27,0.37,-0.0894407,0.0979481,-0.027292
0.28,0.37,-0.0938377,0.0970657,-0.0274481
0.29,0.37,-0.0982078,0.0959432,-0.0276033
0.3,0.37,-0.102544,0.0945826,-0.0277567
0.31,0.37,-0.10684,0.0929857,-0.0279074
0.32,0.37,-0.111087,0.0911535,-0.0280545
0.33,0.37,-0.115281,0.0890868,-0.0281969
0.34,0.37,-0.119413,0.0867862,-0.0283332
0.35,0.37,-0.123476,0.084252,-0.0284623
0.36,0.37,-0.127465,0.0814843,-0.0285826
0.37,0.37,-0.13137,0.0784836,-0.0286929
0.38,0.37,-0.135185,0.0752503,-0.0287915
0.39,0.37,-0.138903,0.071785,-0.0288769
0.4,0.37,-0.142514,0.0680889,-0.0289475
0.41,0.37,-0.146012,0.0641634,-0.0290016
0.42,0.37,-0.149387,0.0600107,-0.0290377
0.43,0.37,-0.15263,0.0556334,-0.0290541
0.44,0.37,-0.155734,0.051035,-0.0290492
0.45,0.37,-0.158687,0.04622,-0.0290214
0.46,0.37,-0.16148,0.0411935,-0.0289693
0.47,0.37,-0.164103,0.035962,-0.0288915
0.48,0.37,-0.166546,0.0305329,-0.0287866
0.49,0.37,-0.168797,0.0249149,-0.0286535
0.5,0.37,-0.170846,0.0191182,-0.028491
0.51,0.37,-0.17268,0.0131541,-0.0282985
0.52,0.37,-0.174288,0.00703577,-0.0280751
0.53,0.37,-0.175659,0.000777726,-0.0278205
0.54,0.37,-0.176779,-0.00560375,-0.0275345
0.55,0.37,-0.177638,-0.0120906,-0.0272171
0.56,0.37,-0.178222,-0.0186631,-0.0268688
0.57,0.37,-0.17852,-0.0252995,-0.0264903
0.58,0.37,-0.17852,-0.0319762,-0.0260824
0.59,0.37,-0.17821,-0.0386677,-0.0256468
0.6,0.37,-0.17758,-0.0453467,-0.025185
0.61,0.37,-0.176619,-0.0519838,-0.0246993
0.62,0.37,-0.175318,-0.0585478,-0.0241921
0.63,0.37,-0.173668,-0.0650058,-0.0236664
0.64,0.37,-0.171663,-0.0713232,-0.0231254
0.65,0.37,-0.169296,-0.077464,-0.0225729
0.66,0.37,-0.166564,-0.0833906,-0.0220127
0.67,0.37,-0.163465,-0.0890646,-0.0214492
0.68,0.37,-0.159999,-0.0944467,-0.020887
0.69,0.37,-0.156168,-0.099497,-0.020331
0.7,0.37,-0.151977,-0.104176,-0.0197861
0.71,0.37,-0.147436,-0.108443,-0.0192576
0.72,0.37,-0.142554,-0.11226,-0.0187507
0.73,0.37,-0.137346,-0.115589,-0.0182706
0.74,0.37,-0.13183,-0.118394,-0.0178224
0.75,0.37,-0.126027,-0.120642,-0.0174111
0.76,0.37,-0.119963,-0.122303,-0.0170414
0.77,0.37,-0.113664,-0.123349,-0.0167177
0.78,0.37,-0.107164,-0.123758,-0.0164439
0.79,0.37,-0.100498,-0.123511,-0.0162233
0.8,0.37,-0.0937034,-0.122596,-0.016059
0.81,0.37,-0.0868221,-0.121006,-0.015953
0.82,0.37,-0.079898,-0.118739,-0.0159069
0.83,0.37,-0.0729771,-0.115802,-0.0159215
0.84,0.37,-0.0661072,-0.112206,-0.0159968
0.85,0.37,-0.0593374,-0.107972,-0.0161321
0.86,0.37,-0.0527172,-0.103126,-0.016326
0.87,0.37,-0.0462963,-0.0977011,-0.0165764
0.88,0.37,-0.0401238,-0.0917374,-0.0168803
0.89,0.37,-0.0342477,-0.0852817,-0.0172344
0.9,0.37,-0.0287141,-0.0783868,-0.0176348
0.91,0.37,-0.0235667,-0.0711109,-0.0180772
0.92,0.37,-0.0188464,-0.0635173,-0.0185569
0.93,0.37,-0.0145907,-0.0556734,-0.019069
0.94,0.37,-0.0108334,-0.0476504,-0.0196086
0.95,0.37,-0.00760393,-0.0395222,-0.0201706
0.96,0.37,-0.00492819,-0.0313646,-0.020752
0.97,0.37,-0.00282519,-0.0232552,-0.0213419
0.98,0.37,-0.00130292,-0.0152715,-0.0219297
0.99,0.37,-0.000458298,-0.00749039,-0.0227054
1,0.37,0,0,-0.0227054
0,0.38,0,0,-0.0220988
0.01,0.38,-0.00036953,0.00974191,-0.0220988
0.02,0.38,-0.0010265,0.0189268,-0.0226727
0.03,0.38,-0.00216751,0.0275558,-0.0230648
0.04,0.38,-0.00368939,0.0356341,-0.0234317
0.05,0.38,-0.0055653,0.0431702,-0.0237706
0.06,0.38,-0.00776506,0.0501754,-0.0240794
0.07,0.38,-0.0102586,0.0566628,-0.0243625
0.08,0.38,-0.0130182,0.0626474,-0.0246225
0.09,0.38,-0.0160179,0.0681453,-0.0248625
0.1,0.38,-0.0192336,0.0731737,-0.0250851
0.11,0.38,-0.0226425,0.0777501,-0.0252931
0.12,0.38,-0.0262236,0.0818922,-0.0254888
0.13,0.38,-0.0299575,0.0856179,-0.0256745
0.14,0.38,-0.033826,0.0889446,-0.0258524
0.15,0.38,-0.0378124,0.0918892,-0.0260242
0.16,0.38,-0.0419012,0.0944681,-0.0261917
0.17,0.38,-0.0460779,0.0966967,-0.0263563
0.18,0.38,-0.0503293,0.0985895,-0.0265191
0.19,0.38,-0.0546431,0.10016,-0.0266814
0.2,0.38,-0.0590079,0.101421,-0.0268437
0.21,0.38,-0.063413,0.102383,-0.0270069
0.22,0.38,-0.0678486,0.103057,-0.0271713
0.23,0.38,-0.0723053,0.103452,-0.0273373
0.24,0.38,-0.0767746,0.103575,-0.0275048
0.25,0.38,-0.0812482,0.103433,-0.0276738
0.26,0.38,-0.0857183,0.103033,-0.0278441
0.27,0.38,-0.0901774,0.102378,-0.0280153
0.28,0.38,-0.0946185,0.101474,-0.0281868
0.29,0.38,-0.0990346,0.100322,-0.028358
0.3,0.38,-0.103419,0.0989248,-0.028528
0.31,0.38,-0.107765,0.0972848,-0.028696
0.32,0.38,-0.112066,0.0954029,-0.0288608
0.33,0.38,-0.116315,0.0932798,-0.0290212
0.34,0.38,-0.120505,0.0909158,-0.0291761
0.35,0.38,-0.124631,0.0883113,-0.029324
0.36,0.38,-0.128685,0.0854664,-0.0294634
0.37,0.38,-0.13266,0.0823811,-0.0295929
0.38,0.38,-0.136548,0.0790557,-0.0297109
0.39,0.38,-0.140343,0.0754907,-0.0298155
0.4,0.38,-0.144037,0.0716869,-0.0299053
0.41,0.38,-0.147621,0.0676454,-0.0299783
0.42,0.38,-0.151087,0.063368,-0.0300329
0.43,0.38,-0.154427,0.0588571,-0.0300673
0.44,0.38,-0.157632,0.0541159,-0.0300797
0.45,0.38,-0.160691,0.0491483,-0.0300685
0.46,0.38,-0.163595,0.0439592,-0.030032
0.47,0.38,-0.166334,0.0385546,-0.0299685
0.48,0.38,-0.168898,0.0329416,-0.0298767
0.49,0.38,-0.171274,0.0271286,-0.0297551
0.5,0.38,-0.173453,0.0211253,-0.0296025
0.51,0.38,-0.175421,0.014943,-0.0294179
0.52,0.38,-0.177167,0.00859421,-0.0292005
0.53,0.38,-0.178678,0.00209348,-0.0289495
0.54,0.38,-0.179941,-0.00454311,-0.0286647
0.55,0.38,-0.180945,-0.0112976,-0.0283459
0.56,0.38,-0.181676,-0.0181502,-0.0279934
0.57,0.38,-0.182121,-0.0250791,-0.0276076
0.58,0.38,-0.182267,-0.0320604,-0.0271895
0.59,0.38,-0.182102,-0.0390683,-0.0267404
0.6,0.38,-0.181614,-0.0460747,-0.0262618
0.61,0.38,-0.180791,-0.0530498,-0.0257559
0.62,0.38,-0.179623,-0.0599614,-0.0252252
0.63,0.38,-0.1781,-0.0667754,-0.0246725
0.64,0.38,-0.176212,-0.073456,-0.0241012
0.65,0.38,-0.173954,-0.0799655,-0.023515
0.66,0.38,-0.17132,-0.0862647,-0.022918
0.67,0.38,-0.168305,-0.0923129,-0.0223148
0.68,0.38,-0.164908,-0.0980686,-0.0217102
0.69,0.38,-0.161131,-0.103489,-0.0211093
0.7,0.38,-0.156976,-0.108533,-0.0205175
0.71,0.38,-0.152452,-0.113155,-0.0199404
0.72,0.38,-0.147566,-0.117316,-0.0193835
0.73,0.38,-0.142334,-0.120973,-0.0188527
0.74,0.38,-0.136771,-0.124087,-0.0183535
0.75,0.38,-0.130898,-0.126621,-0.0178915
0.76,0.38,-0.124739,-0.128541,-0.0174719
0.77,0.38,-0.118323,-0.129816,-0.0170997
0.78,0.38,-0.111682,-0.13042,-0.0167794
0.79,0.38,-0.104852,-0.130331,-0.0165149
0.8,0.38,-0.0978713,-0.129534,-0.0163096
0.81,0.38,-0.0907837,-0.128018,-0.0161663
0.82,0.38,-0.0836344,-0.125779,-0.016087
0.83,0.38,-0.0764717,-0.122822,-0.0160727
0.84,0.38,-0.0693459,-0.119157,-0.0161238
0.85,0.38,-0.062309,-0.114802,-0.01624
0.86,0.38,-0.0554135,-0.109785,-0.0164199
0.87,0.38,-0.0487127,-0.104137,-0.0166614
0.88,0.38,-0.0422592,-0.0978999,-0.0169617
0.89,0.38,-0.0361048,-0.0911222,-0.0173173
0.9,0.38,-0.0302993,-0.0838585,-0.0177241
0.91,0.38,-0.0248904,-0.0761697,-0.0181776
0.92,0.38,-0.0199228,-0.0681221,-0.0186727
0.93,0.38,-0.0154377,-0.059787,-0.0192045
0.94,0.38,-0.0114723,-0.0512395,-0.0197674
0.95,0.38,-0.0080593,-0.0425578,-0.0203561
0.96,0.38,-0.00522785,-0.0338225,-0.0209672
0.97,0.38,-0.00299962,-0.0251157,-0.021589
0.98,0.38,-0.00138461,-0.01652,-0.0222104
0.99,0.38,-0.000487406,-0.00811691,-0.0230333
1,0.38,0,0,-0.0230333
0,0.39,0,0,-0.0226743
0.01,0.39,-0.000371614,0.0102235,-0.0226743
0.02,0.39,-0.00103235,0.0198517,-0.0232516
0.03,0.39,-0.00218005,0.0288877,-0.0236462
0.04,0.39,-0.00371101,0.0373388,-0.0240156
0.05,0.39,-0.00559829,0.0452153,-0.0243571
0.06,0.39,-0.00781157,0.0525302,-0.0246686
0.07,0.39,-0.0103206,0.0592986,-0.0249545
0.08,0.39,-0.0130975,0.0655372,-0.0252177
0.09,0.39,-0.0161162,0.071264,-0.0254611
0.1,0.39,-0.0193523,0.0764977,-0.0256875
0.11,0.39,-0.0227829,0.0812576,-0.0258996
0.12,0.39,-0.0263869,0.0855628,-0.0261
0.13,0.39,-0.0301447,0.0894327,-0.026291
0.14,0.39,-0.034038,0.0928861,-0.0264747
0.15,0.39,-0.03805,0.0959413,-0.026653
0.16,0.39,-0.042165,0.0986157,-0.0268276
0.17,0.39,-0.0463686,0.100926,-0.0269999
0.18,0.39,-0.0506474,0.102888,-0.0271714
0.19,0.39,-0.0549893,0.104515,-0.0273429
0.2,0.39,-0.0593826,0.105822,-0.0275153
0.21,0.39,-0.063817,0.10682,-0.0276894
0.22,0.39,-0.0682825,0.10752,-0.0278654
0.23,0.39,-0.0727701,0.107932,-0.0280437
0.24,0.39,-0.077271,0.108064,-0.0282244
0.25,0.39,-0.0817773,0.107923,-0.0284074
0.26,0.39,-0.0862814,0.107517,-0.0285924
0.27,0.39,-0.090776,0.106848,-0.028779
0.28,0.39,-0.0952541,0.105923,-0.0289666
0.29,0.39,-0.0997091,0.104744,-0.0291546
0.3,0.39,-0.104134,0.103313,-0.0293421
0.31,0.39,-0.108523,0.101632,-0.0295281
0.32,0.39,-0.11287,0.0997033,-0.0297115
0.33,0.39,-0.117168,0.0975267,-0.0298911
0.34,0.39,-0.121411,0.0951026,-0.0300655
0.35,0.39,-0.125592,0.0924314,-0.0302334
0.36,0.39,-0.129704,0.0895129,-0.0303932
0.37,0.39,-0.133742,0.086347,-0.0305432
0.38,0.39,-0.137698,0.0829338,-0.0306817
0.39,0.39,-0.141564,0.0792735,-0.0308071
0.4,0.39,-0.145334,0.0753666,-0.0309174
0.41,0.39,-0.149,0.0712139,-0.0310108
0.42,0.39,-0.152552,0.0668169,-0.0310855
0.43,0.39,-0.155984,0.0621776,-0.0311395
0.44,0.39,-0.159285,0.0572987,-0.0311709
0.45,0.39,-0.162447,0.0521837,-0.0311778
0.46,0.39,-0.165459,0.0468372,-0.0311585
0.47,0.39,-0.168311,0.0412646,-0.0311112
0.48,0.39,-0.170994,0.0354728,-0.0310342
0.49,0.39,-0.173494,0.0294696,-0.0309259
0.5,0.39,-0.175801,0.0232644,-0.0307849
0.51,0.39,-0.177903,0.016868,-0.0306099
0.52,0.39,-0.179788,0.0102927,-0.0304
0.53,0.39,-0.181442,0.00355267,-0.0301543
0.54,0.39,-0.182852,-0.00333625,-0.0298722
0.55,0.39,-0.184004,-0.0103563,-0.0295533
0.56,0.39,-0.184887,-0.0174876,-0.0291978
0.57,0.39,-0.185484,-0.0247085,-0.0288059
0.58,0.39,-0.185784,-0.0319949,-0.0283785
0.59,0.39,-0.185772,-0.0393207,-0.0279166
0.6,0.39,-0.185436,-0.0466575,-0.0274218
0.61,0.39,-0.184762,-0.0539746,-0.0268959
0.62,0.39,-0.183738,-0.0612392,-0.0263416
0.63,0.39,-0.182354,-0.0684162,-0.0257616
0.64,0.39,-0.180598,-0.0754685,-0.0251593
0.65,0.39,-0.178463,-0.0823568,-0.0245385
0.66,0.39,-0.175941,-0.0890402,-0.0239035
0.67,0.39,-0.173027,-0.0954761,-0.0232589
0.68,0.39,-0.169717,-0.101621,-0.0226098
0.69,0.39,-0.16601,-0.107429,-0.0219615
0.7,0.39,-0.16191,-0.112855,-0.0213199
0.71,0.39,-0.15742,-0.117853,-0.0206909
0.72,0.39,-0.152549,-0.122378,-0.0200806
0.73,0.39,-0.147308,-0.126385,-0.0194951
0.74,0.39,-0.141715,-0.12983,-0.0189408
0.75,0.39,-0.135787,-0.132674,-0.0184236
0.76,0.39,-0.12955,-0.134878,-0.0179495
0.77,0.39,-0.12303,-0.136406,-0.017524
0.78,0.39,-0.11626,-0.137229,-0.0171522
0.79,0.39,-0.109277,-0.137322,-0.0168388
0.8,0.39,-0.102119,-0.136664,-0.0165877
0.81,0.39,-0.0948326,-0.135243,-0.0164022
0.82,0.39,-0.0874634,-0.133051,-0.0162849
0.83,0.39,-0.0800621,-0.13009,-0.0162372
0.84,0.39,-0.0726817,-0.126369,-0.01626
0.85,0.39,-0.0653769,-0.121905,-0.0163531
0.86,0.39,-0.0582037,-0.116722,-0.0165154
0.87,0.39,-0.0512187,-0.110855,-0.016745
0.88,0.39,-0.0444785,-0.104345,-0.017039
0.89,0.39,-0.0380387,-0.0972417,-0.0173939
0.9,0.39,-0.0319534,-0.0896012,-0.0178055
0.91,0.39,-0.0262744,-0.0814874,-0.0182688
0.92,0.39,-0.0210503,-0.07297,-0.0187788
0.93,0.39,-0.0163263,-0.064124,-0.0193299
0.94,0.39,-0.0121437,-0.0550287,-0.0199163
0.95,0.39,-0.00853866,-0.045767,-0.0205321
0.96,0.39,-0.00554382,-0.0364243,-0.0211739
0.97,0.39,-0.00318384,-0.0270878,-0.021829
0.98,0.39,-0.00147104,-0.017845,-0.0224856
0.99,0.39,-0.000518244,-0.00878266,-0.023358
1,0.39,0,0,-0.023358
0,0.4,0,0,-0.0232891
0.01,0.4,-0.000373046,0.0107074,-0.0232891
0.02,0.4,-0.00103642,0.0207811,-0.0238688
0.03,0.4,-0.00218887,0.0302264,-0.0242653
0.04,0.4,-0.00372639,0.0390524,-0.0246367
0.05,0.4,-0.00562197,0.0472711,-0.0249804
0.06,0.4,-0.00784524,0.0548976,-0.0252942
0.07,0.4,-0.0103658,0.0619487,-0.0255827
0.08,0.4,-0.0131557,0.068443,-0.0258487
0.09,0.4,-0.0161887,0.0744,-0.0260953
0.1,0.4,-0.0194403,0.0798404,-0.0263253
0.11,0.4,-0.0228874,0.0847847,-0.0265416
0.12,0.4,-0.0265089,0.0892541,-0.0267466
0.13,0.4,-0.030285,0.093269,-0.0269429
0.14,0.4,-0.0341972,0.0968499,-0.0271324
0.15,0.4,-0.0382286,0.100016,-0.0273173
0.16,0.4,-0.0423637,0.102787,-0.0274991
0.17,0.4,-0.0465877,0.105179,-0.0276795
0.18,0.4,-0.0508875,0.10721,-0.0278597
0.19,0.4,-0.0552507,0.108895,-0.0280408
0.2,0.4,-0.0596659,0.110249,-0.0282236
0.21,0.4,-0.0641226,0.111283,-0.0284088
0.22,0.4,-0.068611,0.11201,-0.0285969
0.23,0.4,-0.0731221,0.11244,-0.028788
0.24,0.4,-0.0776475,0.112582,-0.0289824
0.25,0.4,-0.0821792,0.112444,-0.0291798
0.26,0.4,-0.0867098,0.112031,-0.02938
0.27,0.4,-0.0912322,0.111351,-0.0295827
0.28,0.4,-0.0957398,0.110407,-0.0297872
0.29,0.4,-0.100226,0.109202,-0.0299927
0.3,0.4,-0.104685,0.107739,-0.0301985
0.31,0.4,-0.109109,0.106021,-0.0304034
0.32,0.4,-0.113494,0.104047,-0.0306064
0.33,0.4,-0.117833,0.10182,-0.0308061
0.34,0.4,-0.12212,0.0993395,-0.0310013
0.35,0.4,-0.126349,0.0966051,-0.0311902
0.36,0.4,-0.130513,0.0936169,-0.0313715
0.37,0.4,-0.134607,0.0903746,-0.0315433
0.38,0.4,-0.138623,0.0868781,-0.0317038
0.39,0.4,-0.142554,0.0831272,-0.0318512
0.4,0.4,-0.146394,0.0791221,-0.0319836
0.41,0.4,-0.150134,0.0748634,-0.032099
0.42,0.4,-0.153767,0.0703521,-0.0321953
0.43,0.4,-0.157284,0.0655897,-0.0322706
0.44,0.4,-0.160677,0.0605787,-0.0323227
0.45,0.4,-0.163936,0.0553221,-0.0323496
0.46,0.4,-0.167052,0.0498239,-0.0323493
0.47,0.4,-0.170014,0.0440893,-0.0323199
0.48,0.4,-0.172812,0.0381243,-0.0322595
0.49,0.4,-0.175434,0.0319365,-0.0321663
0.5,0.4,-0.177868,0.0255347,-0.0320388
0.51,0.4,-0.180104,0.0189293,-0.0318753
0.52,0.4,-0.182126,0.0121323,-0.0316748
0.53,0.4,-0.183924,0.00515723,-0.031436
0.54,0.4,-0.185482,-0.00198022,-0.0311582
0.55,0.4,-0.186787,-0.00926259,-0.0308409
0.56,0.4,-0.187825,-0.0166703,-0.0304838
0.57,0.4,-0.18858,-0.0241816,-0.0300872
0.58,0.4,-0.18904,-0.0317725,-0.0296515
0.59,0.4,-0.189189,-0.0394166,-0.0291778
0.6,0.4,-0.189013,-0.0470853,-0.0286674
0.61,0.4,-0.188497,-0.0547474,-0.0281222
0.62,0.4,-0.18763,-0.0623694,-0.0275444
0.63,0.4,-0.186397,-0.0699151,-0.026937
0.64,0.4,-0.184787,-0.0773465,-0.0263033
0.65,0.4,-0.182789,-0.0846227,-0.0256471
0.66,0.4,-0.180396,-0.0917012,-0.0249729
0.67,0.4,-0.177598,-0.0985374,-0.0242853
0.68,0.4,-0.174392,-0.105085,-0.0235897
0.69,0.4,-0.170775,-0.111296,-0.0228918
0.7,0.4,-0.166747,-0.117123,-0.0221976
0.71,0.4,-0.16231,-0.122516,-0.0215135
0.72,0.4,-0.157472,-0.127427,-0.0208461
0.73,0.4,-0.152244,-0.131806,-0.0202022
0.74,0.4,-0.146638,-0.135608,-0.0195883
0.75,0.4,-0.140674,-0.138786,-0.0190114
0.76,0.4,-0.134374,-0.141298,-0.0184779
0.77,0.4,-0.127766,-0.143105,-0.017994
0.78,0.4,-0.120882,-0.144173,-0.0175656
0.79,0.4,-0.113758,-0.144472,-0.017198
0.8,0.4,-0.106435,-0.143978,-0.0168957
0.81,0.4,-0.0989582,-0.142674,-0.0166629
0.82,0.4,-0.0913761,-0.14055,-0.0165024
0.83,0.4,-0.0837412,-0.137604,-0.0164164
0.84,0.4,-0.076109,-0.133842,-0.0164063
0.85,0.4,-0.0685371,-0.129281,-0.016472
0.86,0.4,-0.0610848,-0.123943,-0.0166129
0.87,0.4,-0.0538126,-0.117862,-0.016827
0.88,0.4,-0.0467808,-0.11108,-0.0171118
0.89,0.4,-0.0400494,-0.103647,-0.0174635
0.9,0.4,-0.0336767,-0.095623,-0.0178778
0.91,0.4,-0.027719,-0.0870729,-0.0183496
0.92,0.4,-0.0222294,-0.0780702,-0.0188734
0.93,0.4,-0.0172574,-0.0686936,-0.0194433
0.94,0.4,-0.0128484,-0.059027,-0.0200532
0.95,0.4,-0.00904273,-0.0491581,-0.0206967
0.96,0.4,-0.00587664,-0.0391773,-0.0213701
0.97,0.4,-0.00337822,-0.0291772,-0.0220597
0.98,0.4,-0.00156238,-0.0192507,-0.022753
0.99,0.4,-0.000550885,-0.00948992,-0.0236777
1,0.4,0,0,-0.0236777
0,0.41,0,0,-0.0239432
0.01,0.41,-0.000373829,0.0111928,-0.0239432
0.02,0.41,-0.00103871,0.0217135,-0.0245244
0.03,0.41,-0.00219399,0.0315697,-0.0249222
0.04,0.41,-0.00373555,0.0407719,-0.0252951
0.05,0.41,-0.0056364,0.0493345,-0.0256404
0.06,0.41,-0.00786613,0.0572739,-0.0259562
0.07,0.41,-0.0103943,0.0646091,-0.0262469
0.08,0.41,-0.0131929,0.0713601,-0.0265155
0.09,0.41,-0.0162356,0.0775486,-0.0267651
0.1,0.41,-0.0194977,0.0831964,-0.0269987
0.11,0.41,-0.0229562,0.0883262,-0.027219
0.12,0.41,-0.0265896,0.0929603,-0.0274286
0.13,0.41,-0.0303782,0.097121,-0.0276301
0.14,0.41,-0.0343034,0.10083,-0.0278256
0.15,0.41,-0.0383482,0.104108,-0.0280171
0.16,0.41,-0.0424969,0.106975,-0.0282063
0.17,0.41,-0.0467349,0.10945,-0.0283949
0.18,0.41,-0.0510489,0.111551,-0.0285841
0.19,0.41,-0.0554265,0.113293,-0.0287749
0.2,0.41,-0.0598565,0.114694,-0.0289684
0.21,0.41,-0.0643283,0.115765,-0.0291651
0.22,0.41,-0.0688322,0.11652,-0.0293655
0.23,0.41,-0.0733594,0.116968,-0.0295699
0.24,0.41,-0.0779016,0.117121,-0.0297783
0.25,0.41,-0.0824509,0.116986,-0.0299907
0.26,0.41,-0.0870001,0.11657,-0.0302068
0.27,0.41,-0.0915425,0.115878,-0.0304261
0.28,0.41,-0.0960714,0.114917,-0.0306481
0.29,0.41,-0.100581,0.113688,-0.0308719
0.3,0.41,-0.105064,0.112196,-0.0310967
0.31,0.41,-0.109517,0.110442,-0.0313214
0.32,0.41,-0.113931,0.108427,-0.0315449
0.33,0.41,-0.118303,0.106153,-0.0317658
0.34,0.41,-0.122626,0.103618,-0.0319826
0.35,0.41,-0.126895,0.100825,-0.0321938
0.36,0.41,-0.131103,0.0977707,-0.0323978
0.37,0.41,-0.135244,0.0944563,-0.0325926
0.38,0.41,-0.139312,0.090881,-0.0327765
0.39,0.41,-0.1433,0.0870444,-0.0329475
0.4,0.41,-0.147202,0.0829463,-0.0331034
0.41,0.41,-0.15101,0.078587,-0.0332423
0.42,0.41,-0.154716,0.0739671,-0.033362
0.43,0.41,-0.158312,0.0690876,-0.0334602
0.44,0.41,-0.16179,0.0639506,-0.0335347
0.45,0.41,-0.165141,0.0585585,-0.0335834
0.46,0.41,-0.168355,0.0529149,-0.033604
0.47,0.41,-0.171421,0.0470245,-0.0335945
0.48,0.41,-0.17433,0.0408927,-0.0335527
0.49,0.41,-0.177071,0.0345265,-0.0334766
0.5,0.41,-0.17963,0.0279344,-0.0333645
0.51,0.41,-0.181996,0.0211259,-0.0332145
0.52,0.41,-0.184156,0.0141128,-0.0330252
0.53,0.41,-0.186097,0.00690804,-0.0327952
0.54,0.41,-0.187804,-0.00047312,-0.0325236
0.55,0.41,-0.189263,-0.00801357,-0.0322096
0.56,0.41,-0.190459,-0.015694,-0.0318526
0.57,0.41,-0.191377,-0.023493,-0.0314528
0.58,0.41,-0.192002,-0.0313864,-0.0310103
0.59,0.41,-0.192319,-0.0393481,-0.0305259
0.6,0.41,-0.192311,-0.047349,-0.0300009
0.61,0.41,-0.191964,-0.0553577,-0.0294369
0.62,0.41,-0.191263,-0.06334,-0.0288362
0.63,0.41,-0.190193,-0.0712591,-0.0282015
0.64,0.41,-0.188742,-0.0790757,-0.0275362
0.65,0.41,-0.186897,-0.0867479,-0.026844
0.66,0.41,-0.184648,-0.0942313,-0.0261295
0.67,0.41,-0.181985,-0.101479,-0.0253976
0.68,0.41,-0.178901,-0.108444,-0.0246538
0.69,0.41,-0.175392,-0.115074,-0.023904
0.7,0.41,-0.171455,-0.121319,-0.0231545
0.71,0.41,-0.167092,-0.127127,-0.0224123
0.72,0.41,-0.162308,-0.132444,-0.0216843
0.73,0.41,-0.157111,-0.137219,-0.0209778
0.74,0.41,-0.151513,-0.1414,-0.0203002
0.75,0.41,-0.145532,-0.144938,-0.0196588
0.76,0.41,-0.139189,-0.147785,-0.0190608
0.77,0.41,-0.132511,-0.149898,-0.0185133
0.78,0.41,-0.125529,-0.151237,-0.0180228
0.79,0.41,-0.118279,-0.151769,-0.0175953
0.8,0.41,-0.110804,-0.151464,-0.0172363
0.81,0.41,-0.103148,-0.150302,-0.0169504
0.82,0.41,-0.0953617,-0.148268,-0.0167413
0.83,0.41,-0.0875002,-0.145357,-0.0166117
0.84,0.41,-0.0796208,-0.141573,-0.0165635
0.85,0.41,-0.0717841,-0.136929,-0.0165971
0.86,0.41,-0.064053,-0.131447,-0.0167122
0.87,0.41,-0.0564915,-0.125159,-0.0169071
0.88,0.41,-0.0491644,-0.118109,-0.0171792
0.89,0.41,-0.0421359,-0.110346,-0.0175249
0.9,0.41,-0.035469,-0.101932,-0.0179396
0.91,0.41,-0.0292246,-0.0929348,-0.0184181
0.92,0.41,-0.0234608,-0.0834316,-0.0189546
0.93,0.41,-0.0182317,-0.073505,-0.0195427
0.94,0.41,-0.0135872,-0.0632433,-0.020176
0.95,0.41,-0.0095721,-0.0527393,-0.0208476
0.96,0.41,-0.00622679,-0.0420888,-0.0215533
0.97,0.41,-0.00358308,-0.03139,-0.0222788
0.98,0.41,-0.00165883,-0.0207416,-0.0230103
0.99,0.41,-0.000585397,-0.010241,-0.0239899
1,0.41,0,0,-0.0239899
0,0.42,0,0,-0.0246366
0.01,0.42,-0.00037397,0.0116788,-0.0246366
0.02,0.42,-0.00103925,0.0226474,-0.0252183
0.03,0.42,-0.00219545,0.0329152,-0.0256168
0.04,0.42,-0.00373856,0.0424948,-0.0259906
0.05,0.42,-0.00564167,0.051402,-0.0263372
0.06,0.42,-0.00787439,0.0596554,-0.0266545
0.07,0.42,-0.0104063,0.0672755,-0.0269472
0.08,0.42,-0.0132093,0.0742842,-0.0272181
0.09,0.42,-0.016257,0.0807048,-0.0274706
0.1,0.42,-0.0195247,0.0865609,-0.0277075
0.11,0.42,-0.0229893,0.0918767,-0.0279317
0.12,0.42,-0.0266292,0.096676,-0.0281459
0.13,0.42,-0.0304245,0.100983,-0.0283526
0.14,0.42,-0.0343567,0.10482,-0.028554
0.15,0.42,-0.0384086,0.10821,-0.0287522
0.16,0.42,-0.0425645,0.111173,-0.0289489
0.17,0.42,-0.0468098,0.113731,-0.0291457
0.18,0.42,-0.0511311,0.115902,-0.029344
0.19,0.42,-0.0555161,0.117703,-0.0295449
0.2,0.42,-0.0599536,0.11915,-0.0297492
0.21,0.42,-0.064433,0.120259,-0.0299577
0.22,0.42,-0.0689448,0.121041,-0.0301708
0.23,0.42,-0.0734803,0.121509,-0.0303887
0.24,0.42,-0.0780312,0.121673,-0.0306117
0.25,0.42,-0.08259,0.121542,-0.0308395
0.26,0.42,-0.0871496,0.121123,-0.0310719
0.27,0.42,-0.0917034,0.120422,-0.0313084
0.28,0.42,-0.0962452,0.119445,-0.0315485
0.29,0.42,-0.100769,0.118195,-0.0317913
0.3,0.42,-0.105269,0.116675,-0.0320359
0.31,0.42,-0.10974,0.114888,-0.0322813
0.32,0.42,-0.114176,0.112834,-0.0325261
0.33,0.42,-0.118571,0.110515,-0.0327691
0.34,0.42,-0.122921,0.107931,-0.0330087
0.35,0.42,-0.127221,0.105081,-0.0332433
0.36,0.42,-0.131463,0.101966,-0.0334711
0.37,0.42,-0.135643,0.0985837,-0.0336903
0.38,0.42,-0.139754,0.0949344,-0.0338989
0.39,0.42,-0.143791,0.0910171,-0.0340948
0.4,0.42,-0.147746,0.0868314,-0.0342758
0.41,0.42,-0.151613,0.0823772,-0.0344398
0.42,0.42,-0.155384,0.0776545,-0.0345845
0.43,0.42,-0.159052,0.0726642,-0.0347074
0.44,0.42,-0.162608,0.0674075,-0.0348062
0.45,0.42,-0.166043,0.0618866,-0.0348785
0.46,0.42,-0.169348,0.0561045,-0.034922
0.47,0.42,-0.172514,0.0500651,-0.0349343
0.48,0.42,-0.175529,0.0437735,-0.0349132
0.49,0.42,-0.178382,0.037236,-0.0348563
0.5,0.42,-0.181062,0.0304603,-0.0347616
0.51,0.42,-0.183556,0.0234557,-0.0346272
0.52,0.42,-0.185851,0.016233,-0.0344512
0.53,0.42,-0.187934,0.00880481,-0.0342322
0.54,0.42,-0.189789,0.00118582,-0.0339687
0.55,0.42,-0.191403,-0.00660733,-0.0336599
0.56,0.42,-0.19276,-0.0145558,-0.0333049
0.57,0.42,-0.193843,-0.0226383,-0.0329035
0.58,0.42,-0.194638,-0.0308312,-0.0324557
0.59,0.42,-0.195128,-0.0391082,-0.0319621
0.6,0.42,-0.195295,-0.0474403,-0.0314237
0.61,0.42,-0.195125,-0.0557957,-0.0308419
0.62,0.42,-0.194601,-0.06414,-0.0302189
0.63,0.42,-0.193706,-0.0724356,-0.0295574
0.64,0.42,-0.192427,-0.0806423,-0.0288604
0.65,0.42,-0.19075,-0.0887169,-0.028132
0.66,0.42,-0.188661,-0.0966137,-0.0273766
0.67,0.42,-0.186149,-0.104284,-0.0265992
0.68,0.42,-0.183206,-0.111678,-0.0258055
0.69,0.42,-0.179824,-0.118742,-0.0250017
0.7,0.42,-0.175999,-0.125423,-0.0241945
0.71,0.42,-0.171731,-0.131664,-0.0233911
0.72,0.42,-0.167022,-0.137409,-0.022599
0.73,0.42,-0.161878,-0.142602,-0.021826
0.74,0.42,-0.15631,-0.147187,-0.0210802
0.75,0.42,-0.150333,-0.15111,-0.0203695
0.76,0.42,-0.143968,-0.154319,-0.0197019
0.77,0.42,-0.137239,-0.156766,-0.0190853
0.78,0.42,-0.130178,-0.158405,-0.018527
0.79,0.42,-0.12282,-0.159197,-0.0180338
0.8,0.42,-0.115207,-0.15911,-0.017612
0.81,0.42,-0.107386,-0.158116,-0.017267
0.82,0.42,-0.0994076,-0.156197,-0.0170034
0.83,0.42,-0.0913284,-0.153345,-0.0168245
0.84,0.42,-0.0832084,-0.149558,-0.0167326
0.85,0.42,-0.0751111,-0.144848,-0.016729
0.86,0.42,-0.0671029,-0.139235,-0.0168135
0.87,0.42,-0.0592518,-0.132751,-0.0169848
0.88,0.42,-0.0516267,-0.125436,-0.0172404
0.89,0.42,-0.0442966,-0.117343,-0.0175768
0.9,0.42,-0.0373294,-0.108534,-0.0179893
0.91,0.42,-0.0307911,-0.0990811,-0.0184725
0.92,0.42,-0.0247447,-0.0890631,-0.0190202
0.93,0.42,-0.0192496,-0.0785672,-0.0196257
0.94,0.42,-0.0143606,-0.0676865,-0.0202821
0.95,0.42,-0.0101273,-0.056519,-0.020982
0.96,0.42,-0.00659472,-0.0451663,-0.0217208
0.97,0.42,-0.00379874,-0.0337324,-0.0224833
0.98,0.42,-0.00176053,-0.0223219,-0.0232548
0.99,0.42,-0.000621848,-0.0110384,-0.0242921
1,0.42,0,0,-0.0242921
0,0.43,0,0,-0.0253689
0.01,0.43,-0.000373483,0.0121647,-0.0253689
0.02,0.43,-0.00103805,0.0235812,-0.0259502
0.03,0.43,-0.00219333,0.0342609,-0.0263488
0.04,0.43,-0.00373556,0.0442182,-0.0267231
0.05,0.43,-0.00563796,0.0534706,-0.0270705
0.06,0.43,-0.00787024,0.0620385,-0.027389
0.07,0.43,-0.010402,0.069944,-0.0276833
0.08,0.43,-0.0132052,0.0772109,-0.0279564
0.09,0.43,-0.0162534,0.083864,-0.0282114
0.1,0.43,-0.0195218,0.0899287,-0.0284515
0.11,0.43,-0.0229872,0.0954307,-0.0286795
0.12,0.43,-0.0266281,0.100396,-0.0288982
0.13,0.43,-0.0304244,0.104848,-0.0291101
0.14,0.43,-0.0343575,0.108814,-0.0293174
0.15,0.43,-0.0384102,0.112316,-0.0295223
0.16,0.43,-0.0425668,0.115376,-0.0297265
0.17,0.43,-0.0468126,0.118016,-0.0299317
0.18,0.43,-0.0511342,0.120257,-0.0301392
0.19,0.43,-0.0555193,0.122116,-0.0303502
0.2,0.43,-0.0599567,0.123611,-0.0305656
0.21,0.43,-0.064436,0.124756,-0.030786
0.22,0.43,-0.0689478,0.125567,-0.031012
0.23,0.43,-0.0734834,0.126055,-0.0312439
0.24,0.43,-0.0780347,0.126231,-0.0314817
0.25,0.43,-0.0825945,0.126104,-0.0317253
0.26,0.43,-0.0871557,0.125683,-0.0319745
0.27,0.43,-0.0917121,0.124974,-0.0322288
0.28,0.43,-0.0962576,0.123982,-0.0324876
0.29,0.43,-0.100787,0.122712,-0.03275
0.3,0.43,-0.105294,0.121167,-0.0330151
0.31,0.43,-0.109773,0.119349,-0.0332819
0.32,0.43,-0.114221,0.117259,-0.0335489
0.33,0.43,-0.118631,0.114899,-0.0338149
0.34,0.43,-0.122998,0.112268,-0.0340783
0.35,0.43,-0.127318,0.109366,-0.0343373
0.36,0.43,-0.131585,0.106193,-0.0345902
0.37,0.43,-0.135794,0.102748,-0.034835
0.38,0.43,-0.139939,0.099029,-0.0350696
0.39,0.43,-0.144015,0.0950362,-0.0352918
0.4,0.43,-0.148014,0.0907684,-0.0354995
0.41,0.43,-0.151931,0.0862251,-0.0356902
0.42,0.43,-0.155758,0.0814059,-0.0358615
0.43,0.43,-0.159488,0.0763112,-0.0360109
0.44,0.43,-0.163114,0.0709418,-0.0361358
0.45,0.43,-0.166625,0.0652991,-0.0362338
0.46,0.43,-0.170014,0.0593857,-0.0363021
0.47,0.43,-0.173271,0.0532048,-0.0363383
0.48,0.43,-0.176386,0.046761,-0.0363398
0.49,0.43,-0.179346,0.0400598,-0.0363043
0.5,0.43,-0.182141,0.0331083,-0.0362293
0.51,0.43,-0.184758,0.0259151,-0.0361126
0.52,0.43,-0.187185,0.0184903,-0.0359522
0.53,0.43,-0.189406,0.010846,-0.0357462
0.54,0.43,-0.191409,0.00299613,-0.0354932
0.55,0.43,-0.193177,-0.00504319,-0.0351916
0.56,0.43,-0.194694,-0.0132536,-0.0348407
0.57,0.43,-0.195946,-0.0216144,-0.0344397
0.58,0.43,-0.196913,-0.0301021,-0.0339884
0.59,0.43,-0.197581,-0.0386908,-0.0334872
0.6,0.43,-0.197931,-0.0473515,-0.0329368
0.61,0.43,-0.197945,-0.0560524,-0.0323384
0.62,0.43,-0.197607,-0.0647587,-0.0316941
0.63,0.43,-0.196898,-0.0734324,-0.0310063
0.64,0.43,-0.195804,-0.0820325,-0.0302781
0.65,0.43,-0.194308,-0.0905147,-0.0295133
0.66,0.43,-0.192395,-0.0988321,-0.0287165
0.67,0.43,-0.190052,-0.106934,-0.0278927
0.68,0.43,-0.187267,-0.114769,-0.0270478
0.69,0.43,-0.184033,-0.122281,-0.0261882
0.7,0.43,-0.180342,-0.129412,-0.0253209
0.71,0.43,-0.176191,-0.136104,-0.0244534
0.72,0.43,-0.171579,-0.142298,-0.0235938
0.73,0.43,-0.166512,-0.147931,-0.0227505
0.74,0.43,-0.160997,-0.152945,-0.021932
0.75,0.43,-0.155047,-0.15728,-0.0211472
0.76,0.43,-0.148682,-0.160879,-0.0204048
0.77,0.43,-0.141925,-0.163688,-0.0197134
0.78,0.43,-0.134806,-0.165656,-0.0190813
0.79,0.43,-0.127359,-0.16674,-0.0185163
0.8,0.43,-0.119627,-0.166898,-0.0180254
0.81,0.43,-0.111656,-0.166102,-0.017615
0.82,0.43,-0.103499,-0.164326,-0.0172905
0.83,0.43,-0.0952132,-0.161557,-0.017056
0.84,0.43,-0.0868614,-0.157791,-0.0169146
0.85,0.43,-0.0785098,-0.153035,-0.016868
0.86,0.43,-0.0702282,-0.147306,-0.0169167
0.87,0.43,-0.0620885,-0.140636,-0.0170596
0.88,0.43,-0.0541643,-0.133064,-0.0172945
0.89,0.43,-0.0465293,-0.124643,-0.017618
0.9,0.43,-0.0392566,-0.115437,-0.0180252
0.91,0.43,-0.0324176,-0.10552,-0.0185107
0.92,0.43,-0.0260809,-0.0949731,-0.0190678
0.93,0.43,-0.0203112,-0.0838891,-0.0196897
0.94,0.43,-0.015169,-0.0723655,-0.0203686
0.95,0.43,-0.0107088,-0.0605057,-0.021097
0.96,0.43,-0.00698078,-0.0484174,-0.0218696
0.97,0.43,-0.00402545,-0.0362106,-0.0226703
0.98,0.43,-0.00186766,-0.0239965,-0.0234832
0.99,0.43,-0.000660301,-0.0118845,-0.0245811
1,0.43,0,0,-0.0245811
0,0.44,0,0,-0.0261399
0.01,0.44,-0.000372383,0.0126496,-0.0261399
0.02,0.44,-0.00103518,0.0245134,-0.02672
0.03,0.44,-0.00218772,0.0356047,-0.0271181
0.04,0.44,-0.00372669,0.0459394,-0.0274924
0.05,0.44,-0.00562551,0.055537,-0.0278401
0.06,0.44,-0.00785401,0.0644194,-0.0281594
0.07,0.44,-0.0103819,0.0726104,-0.028455
0.08,0.44,-0.0131811,0.0801356,-0.0287299
0.09,0.44,-0.0162253,0.0870213,-0.0289874
0.1,0.44,-0.0194895,0.0932947,-0.0292305
0.11,0.44,-0.0229506,0.098983,-0.0294622
0.12,0.44,-0.026587,0.104113,-0.0296852
0.13,0.44,-0.0303785,0.108712,-0.0299022
0.14,0.44,-0.0343065,0.112806,-0.0301154
0.15,0.44,-0.0383537,0.116419,-0.0303269
0.16,0.44,-0.0425043,0.119576,-0.0305386
0.17,0.44,-0.0467436,0.122298,-0.0307522
0.18,0.44,-0.0510583,0.124608,-0.030969
0.19,0.44,-0.0554361,0.126525,-0.0311903
0.2,0.44,-0.0598658,0.128067,-0.0314168
0.21,0.44,-0.0643371,0.12925,-0.0316494
0.22,0.44,-0.0688407,0.130088,-0.0318885
0.23,0.44,-0.0733679,0.130596,-0.0321345
0.24,0.44,-0.077911,0.130784,-0.0323875
0.25,0.44,-0.0824627,0.130663,-0.0326473
0.26,0.44,-0.0870165,0.130241,-0.0329137
0.27,0.44,-0.0915661,0.129524,-0.0331861
0.28,0.44,-0.0961058,0.128519,-0.0334641
0.29,0.44,-0.10063,0.127231,-0.0337467
0.3,0.44,-0.105134,0.125662,-0.034033
0.31,0.44,-0.109613,0.123815,-0.0343218
0.32,0.44,-0.114062,0.121692,-0.0346119
0.33,0.44,-0.118476,0.119293,-0.0349018
0.34,0.44,-0.122851,0.116618,-0.0351898
0.35,0.44,-0.127181,0.113668,-0.0354743
0.36,0.44,-0.131462,0.110442,-0.0357534
0.37,0.44,-0.13569,0.106938,-0.036025
0.38,0.44,-0.139858,0.103155,-0.0362869
0.39,0.44,-0.143961,0.0990917,-0.0365369
0.4,0.44,-0.147994,0.0947475,-0.0367727
0.41,0.44,-0.151951,0.0901212,-0.0369917
0.42,0.44,-0.155824,0.0852119,-0.0371913
0.43,0.44,-0.159607,0.0800196,-0.0373689
0.44,0.44,-0.163292,0.0745445,-0.0375218
0.45,0.44,-0.166871,0.0687875,-0.0376473
0.46,0.44,-0.170335,0.0627505,-0.0377425
0.47,0.44,-0.173675,0.0564361,-0.0378047
0.48,0.44,-0.17688,0.0498482,-0.0378311
0.49,0.44,-0.179941,0.0429916,-0.037819
0.5,0.44,-0.182844,0.0358727,-0.037766
0.51,0.44,-0.185579,0.0284993,-0.0376693
0.52,0.44,-0.188132,0.0208809,-0.0375268
0.53,0.44,-0.190488,0.0130287,-0.0373363
0.54,0.44,-0.192634,0.00495602,-0.0370959
0.55,0.44,-0.194554,-0.00332176,-0.0368039
0.56,0.44,-0.196232,-0.0117869,-0.0364592
0.57,0.44,-0.197652,-0.0204192,-0.0360607
0.58,0.44,-0.198795,-0.0291958,-0.035608
0.59,0.44,-0.199644,-0.0380911,-0.035101
0.6,0.44,-0.20018,-0.0470763,-0.0345403
0.61,0.44,-0.200386,-0.0561197,-0.0339269
0.62,0.44,-0.200242,-0.0651864,-0.0332624
0.63,0.44,-0.19973,-0.0742381,-0.0325493
0.64,0.44,-0.198832,-0.0832331,-0.0317904
0.65,0.44,-0.197531,-0.0921265,-0.0309895
0.66,0.44,-0.195809,-0.10087,-0.0301511
0.67,0.44,-0.193652,-0.109411,-0.0292804
0.68,0.44,-0.191046,-0.117697,-0.0283831
0.69,0.44,-0.187979,-0.125668,-0.0274661
0.7,0.44,-0.184443,-0.133265,-0.0265365
0.71,0.44,-0.180431,-0.140426,-0.0256023
0.72,0.44,-0.175941,-0.147087,-0.024672
0.73,0.44,-0.170975,-0.153184,-0.0237545
0.74,0.44,-0.165538,-0.158651,-0.0228591
0.75,0.44,-0.159641,-0.163424,-0.0219953
0.76,0.44,-0.153301,-0.167441,-0.0211728
0.77,0.44,-0.14654,-0.170642,-0.0204009
0.78,0.44,-0.139385,-0.172971,-0.0196889
0.79,0.44,-0.131872,-0.174376,-0.0190455
0.8,0.44,-0.124041,-0.174813,-0.018479
0.81,0.44,-0.115938,-0.174244,-0.0179964
0.82,0.44,-0.107619,-0.17264,-0.0176042
0.83,0.44,-0.0991402,-0.169982,-0.0173075
0.84,0.44,-0.0905676,-0.166262,-0.0171101
0.85,0.44,-0.0819701,-0.161482,-0.0170144
0.86,0.44,-0.0734208,-0.155657,-0.0170215
0.87,0.44,-0.0649956,-0.148814,-0.0171308
0.88,0.44,-0.0567726,-0.140995,-0.0173403
0.89,0.44,-0.0488307,-0.132251,-0.0176467
0.9,0.44,-0.0412485,-0.122646,-0.0180453
0.91,0.44,-0.0341031,-0.112257,-0.0185303
0.92,0.44,-0.0274689,-0.10117,-0.0190949
0.93,0.44,-0.0214166,-0.0894792,-0.0197316
0.94,0.44,-0.0160124,-0.0772889,-0.0204325
0.95,0.44,-0.0113168,-0.0647078,-0.0211892
0.96,0.44,-0.00738528,-0.0518496,-0.0219962
0.97,0.44,-0.00426347,-0.0388311,-0.0228362
0.98,0.44,-0.00198034,-0.0257699,-0.0236922
0.99,0.44,-0.000700813,-0.012782,-0.0248535
1,0.44,0,0,-0.0248535
0,0.45,0,0,-0.0269493
0.01,0.45,-0.000370695,0.0131328,-0.0269493
0.02,0.45,-0.0010307,0.0254425,-0.0275272
0.03,0.45,-0.00217875,0.0369444,-0.0279243
0.04,0.45,-0.00371219,0.047656,-0.028298
0.05,0.45,-0.00560464,0.0575983,-0.0286457
0.06,0.45,-0.00782613,0.0667948,-0.0289655
0.07,0.45,-0.0103465,0.0752711,-0.0292621
0.08,0.45,-0.0131377,0.0830542,-0.0295386
0.09,0.45,-0.0161734,0.0901723,-0.0297982
0.1,0.45,-0.0194287,0.096654,-0.0300442
0.11,0.45,-0.0228805,0.102528,-0.0302793
0.12,0.45,-0.0265069,0.107823,-0.0305066
0.13,0.45,-0.0302879,0.112568,-0.0307285
0.14,0.45,-0.0342046,0.116789,-0.0309475
0.15,0.45,-0.03824,0.120513,-0.0311656
0.16,0.45,-0.0423779,0.123766,-0.0313848
0.17,0.45,-0.0466038,0.12657,-0.0316067
0.18,0.45,-0.0509044,0.128949,-0.0318328
0.19,0.45,-0.0552673,0.130923,-0.0320642
0.2,0.45,-0.0596814,0.132512,-0.032302
0.21,0.45,-0.0641365,0.133731,-0.0325468
0.22,0.45,-0.0686233,0.134598,-0.0327992
0.23,0.45,-0.0731335,0.135125,-0.0330595
0.24,0.45,-0.0776593,0.135326,-0.0333278
0.25,0.45,-0.0821938,0.13521,-0.0336041
0.26,0.45,-0.0867305,0.134786,-0.0338879
0.27,0.45,-0.0912636,0.134063,-0.034179
0.28,0.45,-0.0957876,0.133046,-0.0344765
0.29,0.45,-0.100297,0.131741,-0.0347798
0.3,0.45,-0.104788,0.13015,-0.0350878
0.31,0.45,-0.109255,0.128276,-0.0353994
0.32,0.45,-0.113695,0.126122,-0.0357132
0.33,0.45,-0.118102,0.123687,-0.0360278
0.34,0.45,-0.122472,0.120973,-0.0363414
0.35,0.45,-0.126802,0.117978,-0.0366524
0.36,0.45,-0.131086,0.114702,-0.0369587
0.37,0.45,-0.135321,0.111143,-0.0372582
0.38,0.45,-0.139501,0.107301,-0.0375487
0.39,0.45,-0.143621,0.103173,-0.0378279
0.4,0.45,-0.147676,0.0987579,-0.0380932
0.41,0.45,-0.151661,0.0940547,-0.038342
0.42,0.45,-0.155569,0.0890619,-0.0385716
0.43,0.45,-0.159394,0.083779,-0.0387792
0.44,0.45,-0.163128,0.0782056,-0.0389619
0.45,0.45,-0.166763,0.0723421,-0.0391168
0.46,0.45,-0.170292,0.0661896,-0.0392409
0.47,0.45,-0.173705,0.0597502,-0.0393311
0.48,0.45,-0.176993,0.0530268,-0.0393846
0.49,0.45,-0.180145,0.0460238,-0.0393984
0.5,0.45,-0.183149,0.0387466,-0.0393695
0.51,0.45,-0.185994,0.0312023,-0.0392953
0.52,0.45,-0.188666,0.0233995,-0.0391731
0.53,0.45,-0.191152,0.0153487,-0.0390004
0.54,0.45,-0.193438,0.0070623,-0.0387751
0.55,0.45,-0.195507,-0.00144505,-0.0384952
0.56,0.45,-0.197343,-0.0101564,-0.038159
0.57,0.45,-0.198929,-0.0190522,-0.0377653
0.58,0.45,-0.200248,-0.0281102,-0.0373134
0.59,0.45,-0.201281,-0.0373053,-0.0368027
0.6,0.45,-0.202008,-0.0466093,-0.0362336
0.61,0.45,-0.202411,-0.0559906,-0.0356069
0.62,0.45,-0.202469,-0.0654143,-0.0349238
0.63,0.45,-0.202162,-0.0748421,-0.0341865
0.64,0.45,-0.201472,-0.0842318,-0.0333979
0.65,0.45,-0.200378,-0.0935379,-0.0325614
0.66,0.45,-0.198863,-0.102711,-0.0316816
0.67,0.45,-0.196908,-0.111698,-0.0307635
0.68,0.45,-0.194499,-0.120442,-0.0298131
0.69,0.45,-0.19162,-0.128884,-0.0288373
0.7,0.45,-0.18826,-0.13696,-0.0278436
0.71,0.45,-0.184411,-0.144606,-0.0268402
0.72,0.45,-0.180068,-0.151754,-0.0258362
0.73,0.45,-0.175228,-0.158335,-0.0248409
0.74,0.45,-0.169895,-0.164279,-0.0238644
0.75,0.45,-0.164078,-0.169517,-0.0229169
0.76,0.45,-0.157789,-0.17398,-0.0220088
0.77,0.45,-0.15105,-0.177604,-0.0211506
0.78,0.45,-0.143886,-0.180324,-0.0203525
0.79,0.45,-0.136331,-0.182084,-0.0196242
0.8,0.45,-0.128423,-0.182832,-0.018975
0.81,0.45,-0.120211,-0.182524,-0.0184133
0.82,0.45,-0.111747,-0.181124,-0.0179463
0.83,0.45,-0.103093,-0.178608,-0.0175803
0.84,0.45,-0.094313,-0.174961,-0.0173199
0.85,0.45,-0.0854804,-0.170182,-0.0171685
0.86,0.45,-0.0766712,-0.164281,-0.0171277
0.87,0.45,-0.0679655,-0.157284,-0.0171976
0.88,0.45,-0.059446,-0.149229,-0.0173765
0.89,0.45,-0.0511969,-0.140167,-0.0176612
0.9,0.45,-0.0433024,-0.130165,-0.0180473
0.91,0.45,-0.0358458,-0.119299,-0.0185286
0.92,0.45,-0.0289077,-0.10766,-0.0190982
0.93,0.45,-0.0225653,-0.0953456,-0.0197482
0.94,0.45,-0.0168909,-0.0824652,-0.0204701
0.95,0.45,-0.0119515,-0.0691335,-0.0212549
0.96,0.45,-0.00780845,-0.0554707,-0.0220968
0.97,0.45,-0.00451298,-0.0416003,-0.022977
0.98,0.45,-0.00209871,-0.0276469,-0.0238776
0.99,0.45,-0.000743438,-0.0137335,-0.0251052
1,0.45,0,0,-0.0251052
0,0.46,0,0,-0.0277963
0.01,0.46,-0.000368445,0.0136135,-0.0277963
0.02,0.46,-0.00102468,0.0263672,-0.0283713
0.03,0.46,-0.00216659,0.0382782,-0.0287669
0.04,0.46,-0.00369231,0.0493654,-0.0291396
0.05,0.46,-0.00557574,0.0596513,-0.0294868
0.06,0.46,-0.00778712,0.0691611,-0.0298068
0.07,0.46,-0.0102964,0.077922,-0.030104
0.08,0.46,-0.0130757,0.0859625,-0.0303819
0.09,0.46,-0.0160987,0.0933124,-0.0306435
0.1,0.46,-0.0193405,0.100002,-0.030892
0.11,0.46,-0.0227779,0.106061,-0.0311305
0.12,0.46,-0.0263891,0.111521,-0.0313618
0.13,0.46,-0.0301538,0.11641,-0.0315885
0.14,0.46,-0.0340534,0.120758,-0.031813
0.15,0.46,-0.0380704,0.124592,-0.0320376
0.16,0.46,-0.042189,0.12794,-0.0322641
0.17,0.46,-0.0463945,0.130825,-0.0324943
0.18,0.46,-0.0506735,0.133272,-0.0327296
0.19,0.46,-0.0550138,0.135302,-0.0329712
0.2,0.46,-0.0594042,0.136936,-0.0332202
0.21,0.46,-0.0638347,0.138192,-0.0334773
0.22,0.46,-0.0682962,0.139085,-0.033743
0.23,0.46,-0.0727803,0.139632,-0.0340176
0.24,0.46,-0.0772796,0.139845,-0.0343014
0.25,0.46,-0.0817872,0.139734,-0.0345942
0.26,0.46,-0.086297,0.13931,-0.0348958
0.27,0.46,-0.0908034,0.138581,-0.0352057
0.28,0.46,-0.0953011,0.137553,-0.0355232
0.29,0.46,-0.0997855,0.136231,-0.0358476
0.3,0.46,-0.104252,0.13462,-0.0361778
0.31,0.46,-0.108696,0.132721,-0.0365127
0.32,0.46,-0.113115,0.130538,-0.0368508
0.33,0.46,-0.117503,0.12807,-0.0371908
0.34,0.46,-0.121858,0.125318,-0.0375308
0.35,0.46,-0.126175,0.122282,-0.0378691
0.36,0.46,-0.13045,0.118961,-0.0382036
0.37,0.46,-0.13468,0.115352,-0.0385322
0.38,0.46,-0.138859,0.111455,-0.0388525
0.39,0.46,-0.142984,0.107268,-0.0391621
0.4,0.46,-0.14705,0.102788,-0.0394583
0.41,0.46,-0.151051,0.0980139,-0.0397384
0.42,0.46,-0.154982,0.0929444,-0.0399996
0.43,0.46,-0.158836,0.0875781,-0.0402388
0.44,0.46,-0.162607,0.081914,-0.0404532
0.45,0.46,-0.166288,0.075952,-0.0406394
0.46,0.46,-0.16987,0.0696925,-0.0407944
0.47,0.46,-0.173346,0.0631369,-0.0409148
0.48,0.46,-0.176705,0.0562874,-0.0409976
0.49,0.46,-0.179938,0.0491475,-0.0410394
0.5,0.46,-0.183034,0.0417218,-0.0410372
0.51,0.46,-0.18598,0.0340166,-0.0409878
0.52,0.46,-0.188765,0.0260395,-0.0408883
0.53,0.46,-0.191374,0.0178003,-0.040736
0.54,0.46,-0.193792,0.00931034,-0.0405283
0.55,0.46,-0.196005,0.000583475,-0.0402629
0.56,0.46,-0.197996,-0.00836422,-0.0399378
0.57,0.46,-0.199748,-0.0175141,-0.0395514
0.58,0.46,-0.201241,-0.0268446,-0.0391026
0.59,0.46,-0.202458,-0.0363313,-0.0385906
0.6,0.46,-0.203378,-0.0459465,-0.0380153
0.61,0.46,-0.203982,-0.0556592,-0.0373771
0.62,0.46,-0.204248,-0.0654348,-0.0366772
0.63,0.46,-0.204155,-0.0752348,-0.0359173
0.64,0.46,-0.203682,-0.0850171,-0.0351001
0.65,0.46,-0.202808,-0.0947355,-0.034229
0.66,0.46,-0.201513,-0.10434,-0.0333081
0.67,0.46,-0.199777,-0.113776,-0.0323427
0.68,0.46,-0.197582,-0.122985,-0.0313388
0.69,0.46,-0.194912,-0.131906,-0.0303032
0.7,0.46,-0.191751,-0.140474,-0.0292438
0.71,0.46,-0.188089,-0.148619,-0.0281691
0.72,0.46,-0.183916,-0.156271,-0.0270885
0.73,0.46,-0.17923,-0.163357,-0.026012
0.74,0.46,-0.174029,-0.169801,-0.0249503
0.75,0.46,-0.168319,-0.17553,-0.0239144
0.76,0.46,-0.162111,-0.180469,-0.0229155
0.77,0.46,-0.155422,-0.184545,-0.0219651
0.78,0.46,-0.148276,-0.18769,-0.0210745
0.79,0.46,-0.140706,-0.189839,-0.0202546
0.8,0.46,-0.132748,-0.190933,-0.0195156
0.81,0.46,-0.124449,-0.19092,-0.0188673
0.82,0.46,-0.115863,-0.189758,-0.0183181
0.83,0.46,-0.107051,-0.187417,-0.0178752
0.84,0.46,-0.0980813,-0.183874,-0.0175445
0.85,0.46,-0.0890271,-0.179124,-0.0173302
0.86,0.46,-0.0799684,-0.173172,-0.0172348
0.87,0.46,-0.0709894,-0.16604,-0.0172589
0.88,0.46,-0.0621777,-0.157764,-0.0174014
0.89,0.46,-0.0536227,-0.148394,-0.0176595
0.9,0.46,-0.0454147,-0.137997,-0.0180286
0.91,0.46,-0.0376433,-0.126652,-0.0185028
0.92,0.46,-0.0303959,-0.11445,-0.0190746
0.93,0.46,-0.0237565,-0.101496,-0.0197359
0.94,0.46,-0.0178043,-0.0879025,-0.0204775
0.95,0.46,-0.0126128,-0.073791,-0.02129
0.96,0.46,-0.0082504,-0.0592881,-0.0221669
0.97,0.46,-0.00477414,-0.0445247,-0.0230883
0.98,0.46,-0.00222287,-0.0296325,-0.0240351
0.99,0.46,-0.000788225,-0.0147417,-0.0253319
1,0.46,0,0,-0.0253319
0,0.47,0,0,-0.0286806
0.01,0.47,-0.000365671,0.014091,-0.0286806
0.02,0.47,-0.00101722,0.0272862,-0.0292518
0.03,0.47,-0.00215144,0.0396041,-0.0296454
0.04,0.47,-0.0036674,0.0510652,-0.0300167
0.05,0.47,-0.00553932,0.0616934,-0.0303631
0.06,0.47,-0.00773766,0.0715153,-0.0306828
0.07,0.47,-0.0102326,0.0805597,-0.0309805
0.08,0.47,-0.0129963,0.0888565,-0.0312593
0.09,0.47,-0.0160025,0.0964371,-0.0315226
0.1,0.47,-0.0192263,0.103333,-0.0317735
0.11,0.47,-0.0226444,0.109577,-0.0320151
0.12,0.47,-0.0262351,0.115199,-0.0322501
0.13,0.47,-0.0299781,0.120232,-0.0324814
0.14,0.47,-0.0338545,0.124706,-0.0327114
0.15,0.47,-0.0378469,0.128649,-0.0329422
0.16,0.47,-0.0419395,0.13209,-0.0331759
0.17,0.47,-0.0461174,0.135055,-0.0334141
0.18,0.47,-0.0503674,0.137569,-0.0336585
0.19,0.47,-0.0546772,0.139654,-0.0339101
0.2,0.47,-0.0590358,0.141332,-0.0341702
0.21,0.47,-0.0634332,0.142623,-0.0344394
0.22,0.47,-0.0678604,0.143543,-0.0347183
0.23,0.47,-0.0723092,0.144108,-0.0350073
0.24,0.47,-0.0767723,0.144332,-0.0353066
0.25,0.47,-0.0812431,0.144227,-0.0356161
0.26,0.47,-0.0857157,0.143802,-0.0359355
0.27,0.47,-0.0901848,0.143067,-0.0362644
0.28,0.47,-0.0946454,0.142028,-0.0366021
0.29,0.47,-0.0990932,0.140691,-0.0369479
0.3,0.47,-0.103524,0.139061,-0.0373007
0.31,0.47,-0.107934,0.137139,-0.0376593
0.32,0.47,-0.11232,0.134928,-0.0380223
0.33,0.47,-0.116677,0.13243,-0.0383883
0.34,0.47,-0.121004,0.129644,-0.0387555
0.35,0.47,-0.125295,0.12657,-0.0391219
0.36,0.47,-0.129549,0.123206,-0.0394855
0.37,0.47,-0.133761,0.119552,-0.0398441
0.38,0.47,-0.137927,0.115605,-0.0401953
0.39,0.47,-0.142043,0.111363,-0.0405364
0.4,0.47,-0.146106,0.106824,-0.0408648
0.41,0.47,-0.15011,0.101986,-0.0411777
0.42,0.47,-0.154051,0.0968469,-0.041472
0.43,0.47,-0.157922,0.0914044,-0.0417445
0.44,0.47,-0.161717,0.0856575,-0.0419922
0.45,0.47,-0.165431,0.0796053,-0.0422117
0.46,0.47,-0.169054,0.0732477,-0.0423995
0.47,0.47,-0.17258,0.0665851,-0.0425522
0.48,0.47,-0.176,0.0596191,-0.0426664
0.49,0.47,-0.179303,0.0523523,-0.0427385
0.5,0.47,-0.182479,0.0447886,-0.0427652
0.51,0.47,-0.185517,0.0369331,-0.0427431
0.52,0.47,-0.188404,0.0287928,-0.0426689
0.53,0.47,-0.191127,0.0203763,-0.0425395
0.54,0.47,-0.193672,0.011694,-0.0423521
0.55,0.47,-0.196023,0.00275882,-0.0421038
0.56,0.47,-0.198163,-0.00641417,-0.0417925
0.57,0.47,-0.200075,-0.0158072,-0.041416
0.58,0.47,-0.201741,-0.0253998,-0.0409729
0.59,0.47,-0.203142,-0.0351681,-0.040462
0.6,0.47,-0.204256,-0.0450855,-0.0398829
0.61,0.47,-0.205063,-0.0551213,-0.0392355
0.62,0.47,-0.205541,-0.0652415,-0.0385207
0.63,0.47,-0.205668,-0.0754079,-0.0377401
0.64,0.47,-0.205421,-0.0855784,-0.0368958
0.65,0.47,-0.204778,-0.0957066,-0.0359911
0.66,0.47,-0.203717,-0.105742,-0.0350301
0.67,0.47,-0.202215,-0.115628,-0.0340177
0.68,0.47,-0.200253,-0.125307,-0.0329601
0.69,0.47,-0.19781,-0.134715,-0.0318642
0.7,0.47,-0.19487,-0.143783,-0.0307378
0.71,0.47,-0.191418,-0.152441,-0.0295899
0.72,0.47,-0.187443,-0.160613,-0.0284303
0.73,0.47,-0.182937,-0.168222,-0.0272695
0.74,0.47,-0.177896,-0.17519,-0.0261187
0.75,0.47,-0.172323,-0.181435,-0.0249898
0.76,0.47,-0.166226,-0.186877,-0.023895
0.77,0.47,-0.159618,-0.191438,-0.0228466
0.78,0.47,-0.152521,-0.195041,-0.0218571
0.79,0.47,-0.144964,-0.197613,-0.0209386
0.8,0.47,-0.136984,-0.199088,-0.0201026
0.81,0.47,-0.128626,-0.199408,-0.0193601
0.82,0.47,-0.119942,-0.198522,-0.0187208
0.83,0.47,-0.110996,-0.19639,-0.0181932
0.84,0.47,-0.101854,-0.192985,-0.0177843
0.85,0.47,-0.0925946,-0.188295,-0.0174994
0.86,0.47,-0.0832996,-0.182319,-0.017342
0.87,0.47,-0.0740571,-0.175075,-0.0173135
0.88,0.47,-0.0649596,-0.166596,-0.0174134
0.89,0.47,-0.056102,-0.15693,-0.0176392
0.9,0.47,-0.047581,-0.146144,-0.0179865
0.91,0.47,-0.0394927,-0.134318,-0.0184493
0.92,0.47,-0.0319316,-0.121547,-0.0190202
0.93,0.47,-0.0249891,-0.107937,-0.0196904
0.94,0.47,-0.0187519,-0.0936087,-0.0204503
0.95,0.47,-0.0133008,-0.0786881,-0.0212897
0.96,0.47,-0.00871118,-0.0633094,-0.0222018
0.97,0.47,-0.00504705,-0.0476107,-0.0231652
0.98,0.47,-0.0023529,-0.0317315,-0.0241595
0.99,0.47,-0.000835215,-0.0158092,-0.0255284
1,0.47,0,0,-0.0255284
0,0.48,0,0,-0.0296012
0.01,0.48,-0.000362415,0.0145647,-0.0296012
0.02,0.48,-0.00100845,0.0281982,-0.030168
0.03,0.48,-0.00213354,0.0409204,-0.0305592
0.04,0.48,-0.00363786,0.0527533,-0.0309286
0.05,0.48,-0.00549594,0.0637219,-0.0312738
0.06,0.48,-0.00767853,0.0738543,-0.031593
0.07,0.48,-0.010156,0.0831806,-0.0318908
0.08,0.48,-0.0129005,0.0917324,-0.0321704
0.09,0.48,-0.015886,0.0995424,-0.0324351
0.1,0.48,-0.0190876,0.106644,-0.0326881
0.11,0.48,-0.0224818,0.11307,-0.0329324
0.12,0.48,-0.026047,0.118854,-0.0331711
0.13,0.48,-0.0297627,0.124029,-0.0334067
0.14,0.48,-0.0336101,0.128627,-0.0336418
0.15,0.48,-0.0375717,0.132677,-0.0338786
0.16,0.48,-0.0416315,0.13621,-0.0341191
0.17,0.48,-0.0457748,0.139253,-0.0343652
0.18,0.48,-0.0499883,0.141832,-0.0346183
0.19,0.48,-0.0542597,0.143971,-0.0348797
0.2,0.48,-0.0585782,0.145692,-0.0351506
0.21,0.48,-0.0629337,0.147016,-0.0354318
0.22,0.48,-0.0673175,0.147961,-0.0357237
0.23,0.48,-0.0717214,0.148544,-0.036027
0.24,0.48,-0.0761385,0.148779,-0.0363417
0.25,0.48,-0.0805623,0.148678,-0.0366677
0.26,0.48,-0.0849872,0.148252,-0.0370049
0.27,0.48,-0.089408,0.147511,-0.0373529
0.28,0.48,-0.0938202,0.146461,-0.037711
0.29,0.48,-0.0982198,0.14511,-0.0380783
0.3,0.48,-0.102603,0.14346,-0.0384539
0.31,0.48,-0.106966,0.141517,-0.0388366
0.32,0.48,-0.111307,0.139281,-0.039225
0.33,0.48,-0.115621,0.136754,-0.0396175
0.34,0.48,-0.119906,0.133937,-0.0400123
0.35,0.48,-0.124159,0.130828,-0.0404076
0.36,0.48,-0.128378,0.127426,-0.0408011
0.37,0.48,-0.132558,0.12373,-0.0411906
0.38,0.48,-0.136697,0.119738,-0.0415736
0.39,0.48,-0.140791,0.115447,-0.0419474
0.4,0.48,-0.144837,0.110854,-0.0423093
0.41,0.48,-0.14883,0.105958,-0.0426561
0.42,0.48,-0.152767,0.100756,-0.042985
0.43,0.48,-0.15664,0.0952446,-0.0432924
0.44,0.48,-0.160447,0.0894229,-0.0435751
0.45,0.48,-0.164179,0.083289,-0.0438295
0.46,0.48,-0.16783,0.0768422,-0.0440521
0.47,0.48,-0.171393,0.0700823,-0.0442391
0.48,0.48,-0.17486,0.0630099,-0.0443868
0.49,0.48,-0.178221,0.0556268,-0.0444915
0.5,0.48,-0.181466,0.047936,-0.0445495
0.51,0.48,-0.184584,0.0399417,-0.0445571
0.52,0.48,-0.187563,0.0316499,-0.0445107
0.53,0.48,-0.190391,0.023068,-0.0444068
0.54,0.48,-0.193052,0.0142056,-0.0442422
0.55,0.48,-0.195533,0.00507443,-0.0440138
0.56,0.48,-0.197816,-0.00431154,-0.0437189
0.57,0.48,-0.199884,-0.0139356,-0.0433551
0.58,0.48,-0.201718,-0.0237782,-0.0429204
0.59,0.48,-0.203299,-0.0338168,-0.0424133
0.6,0.48,-0.204606,-0.0440253,-0.0418328
0.61,0.48,-0.205618,-0.0543741,-0.0411788
0.62,0.48,-0.206311,-0.0648297,-0.0404514
0.63,0.48,-0.206663,-0.0753546,-0.039652
0.64,0.48,-0.20665,-0.0859068,-0.0387825
0.65,0.48,-0.206247,-0.0964399,-0.0378457
0.66,0.48,-0.205431,-0.106903,-0.0368457
0.67,0.48,-0.204178,-0.11724,-0.0357871
0.68,0.48,-0.202464,-0.12739,-0.0346761
0.69,0.48,-0.200269,-0.137289,-0.0335195
0.7,0.48,-0.197571,-0.146866,-0.0323253
0.71,0.48,-0.194354,-0.156046,-0.0311028
0.72,0.48,-0.190602,-0.164753,-0.029862
0.73,0.48,-0.186304,-0.172904,-0.028614
0.74,0.48,-0.181453,-0.180415,-0.0273706
0.75,0.48,-0.176048,-0.187201,-0.0261445
0.76,0.48,-0.170092,-0.193174,-0.0249487
0.77,0.48,-0.163598,-0.19825,-0.0237966
0.78,0.48,-0.156582,-0.202344,-0.0227019
0.79,0.48,-0.149071,-0.205376,-0.0216778
0.8,0.48,-0.1411,-0.207271,-0.0207374
0.81,0.48,-0.132711,-0.207961,-0.0198928
0.82,0.48,-0.123958,-0.207389,-0.0191552
0.83,0.48,-0.114902,-0.205505,-0.0185346
0.84,0.48,-0.105611,-0.202275,-0.0180392
0.85,0.48,-0.0961656,-0.197678,-0.0176757
0.86,0.48,-0.0866501,-0.191709,-0.0174484
0.87,0.48,-0.0771566,-0.18438,-0.0173598
0.88,0.48,-0.0677822,-0.175719,-0.0174102
0.89,0.48,-0.0586277,-0.165773,-0.0175975
0.9,0.48,-0.0497958,-0.154607,-0.0179176
0.91,0.48,-0.04139,-0.142301,-0.0183647
0.92,0.48,-0.0335123,-0.128954,-0.0189308
0.93,0.48,-0.0262617,-0.114676,-0.0196071
0.94,0.48,-0.019733,-0.0995907,-0.0203835
0.95,0.48,-0.0140149,-0.0838324,-0.0212489
0.96,0.48,-0.00919071,-0.0675418,-0.022196
0.97,0.48,-0.00533174,-0.0508648,-0.0232021
0.98,0.48,-0.00248886,-0.0339487,-0.0242452
0.99,0.48,-0.000884441,-0.016939,-0.0256892
1,0.48,0,0,-0.0256892
0,0.49,0,0,-0.0305575
0.01,0.49,-0.000358727,0.015034,-0.0305575
0.02,0.49,-0.000998484,0.0291021,-0.0311193
0.03,0.49,-0.00211317,0.0422257,-0.0315076
0.04,0.49,-0.00360416,0.0544276,-0.0318749
0.05,0.49,-0.00544632,0.0657344,-0.0322185
0.06,0.49,-0.00761068,0.0761753,-0.0325369
0.07,0.49,-0.0100677,0.0857817,-0.0328345
0.08,0.49,-0.01279,0.0945866,-0.0331145
0.09,0.49,-0.0157511,0.102624,-0.0333803
0.1,0.49,-0.0189264,0.109929,-0.0336351
0.11,0.49,-0.0222923,0.116536,-0.033882
0.12,0.49,-0.0258271,0.12248,-0.0341238
0.13,0.49,-0.0295102,0.127795,-0.0343634
0.14,0.49,-0.0333228,0.132515,-0.0346032
0.15,0.49,-0.0372474,0.13667,-0.0348457
0.16,0.49,-0.0412678,0.140293,-0.0350927
0.17,0.49,-0.0453694,0.143412,-0.0353462
0.18,0.49,-0.0495389,0.146053,-0.0356077
0.19,0.49,-0.053764,0.148244,-0.0358786
0.2,0.49,-0.0580339,0.150006,-0.03616
0.21,0.49,-0.0623387,0.151362,-0.0364528
0.22,0.49,-0.0666698,0.152331,-0.0367575
0.23,0.49,-0.0710192,0.152929,-0.0370747
0.24,0.49,-0.0753801,0.153173,-0.0374045
0.25,0.49,-0.0797464,0.153076,-0.037747
0.26,0.49,-0.0841125,0.152648,-0.0381019
0.27,0.49,-0.0884738,0.1519,-0.0384689
0.28,0.49,-0.092826,0.15084,-0.0388473
0.29,0.49,-0.0971653,0.149474,-0.0392362
0.3,0.49,-0.101489,0.147807,-0.0396348
0.31,0.49,-0.105792,0.145843,-0.0400418
0.32,0.49,-0.110075,0.143583,-0.0404557
0.33,0.49,-0.114332,0.141029,-0.0408751
0.34,0.49,-0.118562,0.138183,-0.0412981
0.35,0.49,-0.122763,0.135041,-0.0417227
0.36,0.49,-0.126933,0.131605,-0.0421468
0.37,0.49,-0.131067,0.127872,-0.0425679
0.38,0.49,-0.135165,0.123839,-0.0429836
0.39,0.49,-0.139222,0.119504,-0.0433911
0.4,0.49,-0.143237,0.114864,-0.0437875
0.41,0.49,-0.147204,0.109916,-0.0441696
0.42,0.49,-0.151121,0.104657,-0.0445343
0.43,0.49,-0.154983,0.0990844,-0.044878
0.44,0.49,-0.158785,0.0931958,-0.0451973
0.45,0.49,-0.162521,0.086989,-0.0454884
0.46,0.49,-0.166186,0.0804623,-0.0457475
0.47,0.49,-0.169772,0.0736148,-0.0459707
0.48,0.49,-0.173272,0.0664464,-0.046154
0.49,0.49,-0.176677,0.0589581,-0.0462935
0.5,0.49,-0.179977,0.0511517,-0.046385
0.51,0.49,-0.183163,0.0430306,-0.0464247
0.52,0.49,-0.186222,0.0345997,-0.0464085
0.53,0.49,-0.189143,0.0258653,-0.0463327
0.54,0.49,-0.191911,0.016836,-0.0461937
0.55,0.49,-0.194512,0.00752214,-0.0459879
0.56,0.49,-0.196929,-0.00206328,-0.0457122
0.57,0.49,-0.199145,-0.0119048,-0.0453638
0.58,0.49,-0.201142,-0.0219841,-0.0449403
0.59,0.49,-0.2029,-0.0322797,-0.0444397
0.6,0.49,-0.204398,-0.0427667,-0.0438607
0.61,0.49,-0.205613,-0.0534164,-0.0432025
0.62,0.49,-0.206523,-0.0641962,-0.0424652
0.63,0.49,-0.207103,-0.0750694,-0.0416493
0.64,0.49,-0.207329,-0.0859945,-0.0407566
0.65,0.49,-0.207174,-0.0969254,-0.0397897
0.66,0.49,-0.206614,-0.107811,-0.0387521
0.67,0.49,-0.205622,-0.118595,-0.0376484
0.68,0.49,-0.204173,-0.129216,-0.0364846
0.69,0.49,-0.202243,-0.139608,-0.0352674
0.7,0.49,-0.199809,-0.149698,-0.0340051
0.71,0.49,-0.196849,-0.15941,-0.0327069
0.72,0.49,-0.193346,-0.168663,-0.0313831
0.73,0.49,-0.189284,-0.177371,-0.0300454
0.74,0.49,-0.184653,-0.185446,-0.0287062
0.75,0.49,-0.179448,-0.192795,-0.0273788
0.76,0.49,-0.173668,-0.199327,-0.0260773
0.77,0.49,-0.16732,-0.204948,-0.024816
0.78,0.49,-0.16042,-0.209567,-0.0236097
0.79,0.49,-0.152989,-0.213095,-0.0224732
0.8,0.49,-0.14506,-0.215448,-0.0214207
0.81,0.49,-0.136674,-0.21655,-0.020466
0.82,0.49,-0.127881,-0.216332,-0.0196218
0.83,0.49,-0.118743,-0.214737,-0.0188996
0.84,0.49,-0.10933,-0.211721,-0.018309
0.85,0.49,-0.0997205,-0.207256,-0.0178581
0.86,0.49,-0.0900035,-0.201328,-0.0175526
0.87,0.49,-0.0802744,-0.193943,-0.0173961
0.88,0.49,-0.0706348,-0.185125,-0.0173895
0.89,0.49,-0.0611911,-0.174917,-0.0175315
0.9,0.49,-0.0520529,-0.163382,-0.0178185
0.91,0.49,-0.0433308,-0.150602,-0.0182445
0.92,0.49,-0.0351348,-0.136675,-0.0188019
0.93,0.49,-0.0275722,-0.121717,-0.0194812
0.94,0.49,-0.0207464,-0.105855,-0.0202717
0.95,0.49,-0.0147546,-0.0892312,-0.0211618
0.96,0.49,-0.00968879,-0.0719925,-0.0221436
0.97,0.49,-0.00562821,-0.0542933,-0.0231928
0.98,0.49,-0.00263079,-0.0362892,-0.0242861
0.99,0.49,-0.000935929,-0.0181337,-0.0258079
1,0.49,0,0,-0.0258079
0,0.5,0,0,-0.0315486
0.01,0.5,-0.000354666,0.0154983,-0.0315486
0.02,0.5,-0.000987501,0.029997,-0.0321048
0.03,0.5,-0.00209068,0.0435184,-0.03249
0.04,0.5,-0.00356685,0.0560864,-0.0328547
0.05,0.5,-0.00539125,0.0677287,-0.0331965
0.06,0.5,-0.00753518,0.0784757,-0.0335137
0.07,0.5,-0.00996932,0.0883599,-0.0338108
0.08,0.5,-0.0126662,0.0974158,-0.0340911
0.09,0.5,-0.0155997,0.105679,-0.0343577
0.1,0.5,-0.0187449,0.113185,-0.0346139
0.11,0.5,-0.0220783,0.119971,-0.0348629
0.12,0.5,-0.025578,0.126072,-0.0351075
0.13,0.5,-0.0292235,0.131525,-0.0353507
0.14,0.5,-0.0329958,0.136364,-0.0355949
0.15,0.5,-0.0368773,0.140622,-0.0358424
0.16,0.5,-0.0408518,0.144332,-0.0360955
0.17,0.5,-0.0449047,0.147524,-0.0363559
0.18,0.5,-0.0490226,0.150226,-0.0366254
0.19,0.5,-0.0531933,0.152466,-0.0369053
0.2,0.5,-0.0574062,0.154267,-0.0371967
0.21,0.5,-0.0616514,0.155652,-0.0375006
0.22,0.5,-0.0659203,0.156642,-0.0378177
0.23,0.5,-0.0702053,0.157254,-0.0381484
0.24,0.5,-0.0744997,0.157506,-0.038493
0.25,0.5,-0.0787975,0.15741,-0.0388516
0.26,0.5,-0.0830938,0.156979,-0.039224
0.27,0.5,-0.0873839,0.156224,-0.0396097
0.28,0.5,-0.091664,0.155153,-0.0400082
0.29,0.5,-0.0959307,0.153772,-0.0404187
0.3,0.5,-0.100181,0.152088,-0.0408402
0.31,0.5,-0.104413,0.150103,-0.0412715
0.32,0.5,-0.108623,0.147821,-0.0417112
0.33,0.5,-0.11281,0.145242,-0.0421576
0.34,0.5,-0.116971,0.142368,-0.0426091
0.35,0.5,-0.121106,0.139198,-0.0430634
0.36,0.5,-0.125211,0.13573,-0.0435186
0.37,0.5,-0.129285,0.131962,-0.043972
0.38,0.5,-0.133326,0.127893,-0.0444211
0.39,0.5,-0.137332,0.123519,-0.0448631
0.4,0.5,-0.141299,0.118836,-0.0452949
0.41,0.5,-0.145226,0.113843,-0.0457133
0.42,0.5,-0.149108,0.108535,-0.046115
0.43,0.5,-0.152942,0.102908,-0.0464964
0.44,0.5,-0.156724,0.0969612,-0.0468537
0.45,0.5,-0.160449,0.0906901,-0.047183
0.46,0.5,-0.164112,0.0840929,-0.0474803
0.47,0.5,-0.167705,0.077168,-0.0477415
0.48,0.5,-0.171223,0.0699144,-0.0479624
0.49,0.5,-0.174657,0.0623321,-0.0481387
0.5,0.5,-0.177999,0.0544221,-0.048266
0.51,0.5,-0.181238,0.0461868,-0.0483401
0.52,0.5,-0.184364,0.0376298,-0.0483566
0.53,0.5,-0.187365,0.0287566,-0.0483114
0.54,0.5,-0.190227,0.0195743,-0.0482005
0.55,0.5,-0.192937,0.0100922,-0.04802
0.56,0.5,-0.195479,0.000321981,-0.0477663
0.57,0.5,-0.197834,-0.00972224,-0.0474362
0.58,0.5,-0.199986,-0.0200234,-0.0470268
0.59,0.5,-0.201915,-0.0305613,-0.0465357
0.6,0.5,-0.203599,-0.0413123,-0.045961
0.61,0.5,-0.205015,-0.0522489,-0.0453015
0.62,0.5,-0.206141,-0.0633397,-0.0445567
0.63,0.5,-0.206951,-0.0745489,-0.043727
0.64,0.5,-0.207419,-0.0858357,-0.0428136
0.65,0.5,-0.207519,-0.0971548,-0.0418185
0.66,0.5,-0.207223,-0.108455,-0.0407452
0.67,0.5,-0.206504,-0.119681,-0.0395979
0.68,0.5,-0.205334,-0.130769,-0.0383823
0.69,0.5,-0.203686,-0.141653,-0.0371051
0.7,0.5,-0.201535,-0.15226,-0.0357745
0.71,0.5,-0.198856,-0.162509,-0.0343999
0.72,0.5,-0.195627,-0.172318,-0.032992
0.73,0.5,-0.19183,-0.181596,-0.0315625
0.74,0.5,-0.187449,-0.190251,-0.0301246
0.75,0.5,-0.182476,-0.198186,-0.0286923
0.76,0.5,-0.176905,-0.205302,-0.0272805
0.77,0.5,-0.17074,-0.211498,-0.0259047
0.78,0.5,-0.163991,-0.216675,-0.0245808
0.79,0.5,-0.156678,-0.220735,-0.0233249
0.8,0.5,-0.148827,-0.223586,-0.0221529
0.81,0.5,-0.140479,-0.22514,-0.02108
0.82,0.5,-0.13168,-0.22532,-0.0201206
0.83,0.5,-0.122492,-0.224057,-0.0192878
0.84,0.5,-0.112985,-0.221298,-0.018593
0.85,0.5,-0.103238,-0.217005,-0.0180456
0.86,0.5,-0.0933415,-0.211156,-0.017653
0.87,0.5,-0.0833951,-0.203749,-0.0174199
0.88,0.5,-0.0735048,-0.194802,-0.0173482
0.89,0.5,-0.0637826,-0.184355,-0.0174377
0.9,0.5,-0.0543449,-0.172467,-0.0176849
0.91,0.5,-0.0453097,-0.159219,-0.0180844
0.92,0.5,-0.0367953,-0.144712,-0.0186282
0.93,0.5,-0.0289182,-0.129064,-0.0193068
0.94,0.5,-0.0217907,-0.112408,-0.0201088
0.95,0.5,-0.0155192,-0.0948909,-0.0210221
0.96,0.5,-0.0102051,-0.0766682,-0.0220379
0.97,0.5,-0.00593636,-0.0579024,-0.0231306
0.98,0.5,-0.0027787,-0.0387578,-0.0242751
0.99,0.5,-0.000989695,-0.0193962,-0.0258776
1,0.5,0,0,-0.0258776
0,0.51,0,0,-0.0325735
0.01,0.51,-0.000350299,0.0159573,-0.0325735
0.02,0.51,-0.000975681,0.030882,-0.0331237
0.03,0.51,-0.00206643,0.0447974,-0.0335054
0.04,0.51,-0.00352658,0.0577282,-0.0338673
0.05,0.51,-0.00533167,0.069703,-0.034207
0.06,0.51,-0.00745329,0.0807533,-0.0345228
0.07,0.51,-0.00986229,0.0909128,-0.0348192
0.08,0.51,-0.0125313,0.100217,-0.0350993
0.09,0.51,-0.0154341,0.108703,-0.0353664
0.1,0.51,-0.0185458,0.116408,-0.0356237
0.11,0.51,-0.0218428,0.123369,-0.0358743
0.12,0.51,-0.0253031,0.129625,-0.0361214
0.13,0.51,-0.0289061,0.135213,-0.0363676
0.14,0.51,-0.0326326,0.140168,-0.0366155
0.15,0.51,-0.0364651,0.144526,-0.0368677
0.16,0.51,-0.0403873,0.14832,-0.0371262
0.17,0.51,-0.0443845,0.151582,-0.037393
0.18,0.51,-0.0484433,0.154342,-0.0376698
0.19,0.51,-0.0525517,0.156628,-0.037958
0.2,0.51,-0.056699,0.158464,-0.0382588
0.21,0.51,-0.0608754,0.159876,-0.0385733
0.22,0.51,-0.0650726,0.160885,-0.0389021
0.23,0.51,-0.0692831,0.161509,-0.0392458
0.24,0.51,-0.0735004,0.161765,-0.0396047
0.25,0.51,-0.0777188,0.16167,-0.0399789
0.26,0.51,-0.0819337,0.161234,-0.0403682
0.27,0.51,-0.0861407,0.160471,-0.0407723
0.28,0.51,-0.0903363,0.159387,-0.0411907
0.29,0.51,-0.0945177,0.157991,-0.0416224
0.3,0.51,-0.0986822,0.156289,-0.0420667
0.31,0.51,-0.102828,0.154284,-0.0425222
0.32,0.51,-0.106952,0.15198,-0.0429876
0.33,0.51,-0.111054,0.149378,-0.0434612
0.34,0.51,-0.115133,0.146478,-0.0439412
0.35,0.51,-0.119186,0.143281,-0.0444256
0.36,0.51,-0.123212,0.139785,-0.0449122
0.37,0.51,-0.12721,0.135987,-0.0453983
0.38,0.51,-0.131179,0.131885,-0.0458814
0.39,0.51,-0.135117,0.127476,-0.0463585
0.4,0.51,-0.139021,0.122757,-0.0468266
0.41,0.51,-0.14289,0.117724,-0.0472823
0.42,0.51,-0.146722,0.112373,-0.047722
0.43,0.51,-0.150512,0.106701,-0.0481421
0.44,0.51,-0.154258,0.100703,-0.0485387
0.45,0.51,-0.157955,0.0943763,-0.0489076
0.46,0.51,-0.161598,0.0877182,-0.0492447
0.47,0.51,-0.165183,0.0807261,-0.0495456
0.48,0.51,-0.168703,0.0733982,-0.0498059
0.49,0.51,-0.17215,0.0657336,-0.0500209
0.5,0.51,-0.175517,0.0577324,-0.050186
0.51,0.51,-0.178795,0.0493958,-0.0502967
0.52,0.51,-0.181973,0.0407266,-0.0503483
0.53,0.51,-0.18504,0.0317287,-0.0503362
0.54,0.51,-0.187983,0.0224083,-0.050256
0.55,0.51,-0.19079,0.0127733,-0.0501035
0.56,0.51,-0.193444,0.00283398,-0.0498746
0.57,0.51,-0.195929,-0.0073969,-0.0495656
0.58,0.51,-0.198227,-0.0179037,-0.0491731
0.59,0.51,-0.200318,-0.0286676,-0.0486944
0.6,0.51,-0.202181,-0.0396665,-0.0481269
0.61,0.51,-0.203794,-0.0508743,-0.047469
0.62,0.51,-0.205133,-0.0622607,-0.0467198
0.63,0.51,-0.206172,-0.0737913,-0.045879
0.64,0.51,-0.206885,-0.0854264,-0.0449473
0.65,0.51,-0.207243,-0.0971213,-0.0439266
0.66,0.51,-0.207219,-0.108826,-0.0428197
0.67,0.51,-0.206783,-0.120484,-0.0416305
0.68,0.51,-0.205904,-0.132034,-0.0403645
0.69,0.51,-0.204555,-0.143407,-0.0390283
0.7,0.51,-0.202705,-0.154529,-0.0376299
0.71,0.51,-0.200328,-0.165318,-0.0361787
0.72,0.51,-0.197398,-0.175689,-0.0346856
0.73,0.51,-0.193893,-0.185549,-0.0331628
0.74,0.51,-0.189793,-0.1948,-0.0316238
0.75,0.51,-0.185085,-0.20334,-0.0300834
0.76,0.51,-0.179758,-0.211063,-0.0285572
0.77,0.51,-0.173813,-0.217862,-0.0270618
0.78,0.51,-0.167253,-0.22363,-0.0256144
0.79,0.51,-0.160095,-0.228259,-0.0242325
0.8,0.51,-0.152361,-0.231647,-0.0229334
0.81,0.51,-0.144088,-0.233697,-0.0217341
0.82,0.51,-0.135321,-0.234318,-0.0206508
0.83,0.51,-0.126118,-0.233433,-0.0196982
0.84,0.51,-0.116549,-0.230976,-0.0188897
0.85,0.51,-0.106693,-0.226899,-0.0182365
0.86,0.51,-0.0966434,-0.221171,-0.0177473
0.87,0.51,-0.0865016,-0.21378,-0.0174285
0.88,0.51,-0.0763783,-0.204737,-0.0172832
0.89,0.51,-0.0663911,-0.194077,-0.017312
0.9,0.51,-0.0566631,-0.181855,-0.0175124
0.91,0.51,-0.0473202,-0.168151,-0.017879
0.92,0.51,-0.0384896,-0.153067,-0.0184041
0.93,0.51,-0.0302968,-0.136721,-0.0190777
0.94,0.51,-0.022864,-0.119254,-0.0198883
0.95,0.51,-0.0163077,-0.100818,-0.0208227
0.96,0.51,-0.0107391,-0.0815754,-0.0218717
0.97,0.51,-0.006256,-0.0616981,-0.0230078
0.98,0.51,-0.00293255,-0.0413593,-0.0242045
0.99,0.51,-0.00104574,-0.0207293,-0.0258904
1,0.51,0,0,-0.0258904
0,0.52,0,0,-0.0336312
0.01,0.52,-0.000345706,0.0164106,-0.0336312
0.02,0.52,-0.000963238,0.0317565,-0.034175
0.03,0.52,-0.00204088,0.0460617,-0.0345531
0.04,0.52,-0.00348406,0.0593517,-0.034912
0.05,0.52,-0.00526865,0.0716557,-0.0352495
0.06,0.52,-0.00736645,0.0830062,-0.0355636
0.07,0.52,-0.00974846,0.0934379,-0.0358589
0.08,0.52,-0.0123873,0.102988,-0.0361385
0.09,0.52,-0.0152568,0.111693,-0.0364057
0.1,0.52,-0.0183319,0.119594,-0.0366636
0.11,0.52,-0.021589,0.126728,-0.0369155
0.12,0.52,-0.0250059,0.133135,-0.0371644
0.13,0.52,-0.0285618,0.138854,-0.037413
0.14,0.52,-0.0322374,0.143923,-0.0376642
0.15,0.52,-0.0360152,0.148377,-0.0379203
0.16,0.52,-0.0398788,0.152251,-0.0381835
0.17,0.52,-0.0438134,0.15558,-0.0384559
0.18,0.52,-0.0478058,0.158393,-0.0387392
0.19,0.52,-0.0518438,0.160721,-0.0390349
0.2,0.52,-0.0559168,0.16259,-0.0393444
0.21,0.52,-0.0600153,0.164026,-0.0396686
0.22,0.52,-0.0641311,0.16505,-0.0400085
0.23,0.52,-0.0682568,0.165682,-0.0403644
0.24,0.52,-0.0723863,0.165941,-0.0407369
0.25,0.52,-0.0765141,0.165843,-0.0411261
0.26,0.52,-0.0806357,0.165401,-0.0415318
0.27,0.52,-0.0847474,0.164627,-0.0419537
0.28,0.52,-0.088846,0.16353,-0.0423914
0.29,0.52,-0.0929289,0.162118,-0.042844
0.3,0.52,-0.096994,0.160398,-0.0433106
0.31,0.52,-0.10104,0.158373,-0.0437901
0.32,0.52,-0.105064,0.156047,-0.0442809
0.33,0.52,-0.109067,0.153422,-0.0447816
0.34,0.52,-0.113047,0.150499,-0.0452902
0.35,0.52,-0.117003,0.147277,-0.0458047
0.36,0.52,-0.120935,0.143754,-0.0463228
0.37,0.52,-0.124841,0.139929,-0.046842
0.38,0.52,-0.128722,0.135799,-0.0473594
0.39,0.52,-0.132575,0.131361,-0.0478722
0.4,0.52,-0.1364,0.12661,-0.0483771
0.41,0.52,-0.140195,0.121543,-0.0488707
0.42,0.52,-0.143958,0.116156,-0.0493494
0.43,0.52,-0.147687,0.110444,-0.0498092
0.44,0.52,-0.15138,0.104404,-0.0502462
0.45,0.52,-0.155032,0.0980309,-0.050656
0.46,0.52,-0.15864,0.0913214,-0.0510343
0.47,0.52,-0.162198,0.0842724,-0.0513764
0.48,0.52,-0.165703,0.0768813,-0.0516776
0.49,0.52,-0.169147,0.0691464,-0.0519332
0.5,0.52,-0.172522,0.0610666,-0.0521381
0.51,0.52,-0.175822,0.0526423,-0.0522874
0.52,0.52,-0.179036,0.0438749,-0.0523762
0.53,0.52,-0.182154,0.0347673,-0.0523996
0.54,0.52,-0.185164,0.0253243,-0.0523526
0.55,0.52,-0.188053,0.0155526,-0.0522306
0.56,0.52,-0.190806,0.00546082,-0.0520292
0.57,0.52,-0.193408,-0.00493957,-0.0517441
0.58,0.52,-0.19584,-0.0156345,-0.0513715
0.59,0.52,-0.198084,-0.0266068,-0.0509081
0.6,0.52,-0.200119,-0.0378358,-0.0503508
0.61,0.52,-0.201922,-0.049297,-0.0496976
0.62,0.52,-0.20347,-0.0609618,-0.0489468
0.63,0.52,-0.204735,-0.072797,-0.0480978
0.64,0.52,-0.205692,-0.0847645,-0.0471507
0.65,0.52,-0.206312,-0.0968205,-0.0461069
0.66,0.52,-0.206564,-0.108916,-0.0449688
0.67,0.52,-0.206417,-0.120995,-0.0437399
0.68,0.52,-0.205841,-0.132997,-0.0424253
0.69,0.52,-0.204804,-0.144852,-0.0410314
0.7,0.52,-0.203273,-0.156486,-0.039566
0.71,0.52,-0.201219,-0.167816,-0.0380385
0.72,0.52,-0.198612,-0.178753,-0.0364598
0.73,0.52,-0.195425,-0.189201,-0.0348425
0.74,0.52,-0.191636,-0.19906,-0.0332005
0.75,0.52,-0.187225,-0.208221,-0.0315491
0.76,0.52,-0.182178,-0.216574,-0.0299048
0.77,0.52,-0.176489,-0.224003,-0.0282852
0.78,0.52,-0.170159,-0.230393,-0.0267088
0.79,0.52,-0.163196,-0.235627,-0.0251943
0.8,0.52,-0.155621,-0.239593,-0.0237609
0.81,0.52,-0.147464,-0.24218,-0.0224271
0.82,0.52,-0.138768,-0.24329,-0.021211
0.83,0.52,-0.129588,-0.24283,-0.0201294
0.84,0.52,-0.119992,-0.240724,-0.0191975
0.85,0.52,-0.110061,-0.23691,-0.0184284
0.86,0.52,-0.0998869,-0.231347,-0.0178329
0.87,0.52,-0.089575,-0.224014,-0.0174186
0.88,0.52,-0.0792397,-0.214913,-0.0171905
0.89,0.52,-0.069004,-0.20407,-0.0171501
0.9,0.52,-0.0589978,-0.191538,-0.0172957
0.91,0.52,-0.0493552,-0.177393,-0.0176226
0.92,0.52,-0.0402122,-0.161736,-0.0181231
0.93,0.52,-0.0317042,-0.14469,-0.0187872
0.94,0.52,-0.023964,-0.126397,-0.0196026
0.95,0.52,-0.0171186,-0.107017,-0.0205557
0.96,0.52,-0.0112902,-0.0867199,-0.0216366
0.97,0.52,-0.0065869,-0.0656862,-0.0228161
0.98,0.52,-0.00309229,-0.0440983,-0.0240657
0.99,0.52,-0.00110407,-0.0221357,-0.0258377
1,0.52,0,0,-0.0258377
0,0.53,0,0,-0.0347207
0.01,0.53,-0.000340973,0.0168579,-0.0347207
0.02,0.53,-0.000950412,0.03262,-0.035258
0.03,0.53,-0.00201452,0.0473107,-0.0356322
0.04,0.53,-0.00344012,0.060956,-0.0359881
0.05,0.53,-0.00520338,0.0735857,-0.036323
0.06,0.53,-0.00727628,0.085233,-0.0366353
0.07,0.53,-0.00962991,0.0959337,-0.0369293
0.08,0.53,-0.0122369,0.105725,-0.0372081
0.09,0.53,-0.0150709,0.114647,-0.0374749
0.1,0.53,-0.0181068,0.12274,-0.037733
0.11,0.53,-0.0213208,0.130043,-0.0379856
0.12,0.53,-0.0246905,0.136598,-0.0382356
0.13,0.53,-0.028195,0.142445,-0.038486
0.14,0.53,-0.0318149,0.147622,-0.0387396
0.15,0.53,-0.0355325,0.152168,-0.0389988
0.16,0.53,-0.0393314,0.156119,-0.0392658
0.17,0.53,-0.0431967,0.159509,-0.0395429
0.18,0.53,-0.0471151,0.162372,-0.0398319
0.19,0.53,-0.0510747,0.164739,-0.0401342
0.2,0.53,-0.0550649,0.166636,-0.0404514
0.21,0.53,-0.0590763,0.168091,-0.0407845
0.22,0.53,-0.0631008,0.169126,-0.0411343
0.23,0.53,-0.0671314,0.169764,-0.0415016
0.24,0.53,-0.0711621,0.170023,-0.0418868
0.25,0.53,-0.0751878,0.169919,-0.0422901
0.26,0.53,-0.0792043,0.169468,-0.0427113
0.27,0.53,-0.0832083,0.168681,-0.0431504
0.28,0.53,-0.0871968,0.167568,-0.0436067
0.29,0.53,-0.0911679,0.166139,-0.0440795
0.3,0.53,-0.0951197,0.1644,-0.044568
0.31,0.53,-0.0990511,0.162355,-0.0450709
0.32,0.53,-0.102961,0.160008,-0.0455869
0.33,0.53,-0.10685,0.157361,-0.0461143
0.34,0.53,-0.110716,0.154415,-0.0466513
0.35,0.53,-0.11456,0.151169,-0.0471958
0.36,0.53,-0.118381,0.147623,-0.0477455
0.37,0.53,-0.122179,0.143774,-0.0482977
0.38,0.53,-0.125955,0.139619,-0.0488498
0.39,0.53,-0.129707,0.135155,-0.0493985
0.4,0.53,-0.133435,0.130377,-0.0499407
0.41,0.53,-0.137139,0.125283,-0.0504728
0.42,0.53,-0.140816,0.119866,-0.050991
0.43,0.53,-0.144467,0.114122,-0.0514914
0.44,0.53,-0.148088,0.108047,-0.0519696
0.45,0.53,-0.151677,0.101636,-0.0524214
0.46,0.53,-0.155231,0.0948848,-0.052842
0.47,0.53,-0.158745,0.0877894,-0.0532266
0.48,0.53,-0.162217,0.0803464,-0.0535703
0.49,0.53,-0.165639,0.0725531,-0.053868
0.5,0.53,-0.169006,0.0644078,-0.0541144
0.51,0.53,-0.17231,0.0559094,-0.0543043
0.52,0.53,-0.175543,0.0470584,-0.0544324
0.53,0.53,-0.178695,0.0378566,-0.0544933
0.54,0.53,-0.181756,0.0283072,-0.0544819
0.55,0.53,-0.184711,0.0184156,-0.0543929
0.56,0.53,-0.187549,0.008189,-0.0542216
0.57,0.53,-0.190254,-0.00236273,-0.0539631
0.58,0.53,-0.192809,-0.0132271,-0.0536132
0.59,0.53,-0.195194,-0.0243887,-0.0531679
0.6,0.53,-0.19739,-0.0358285,-0.0526239
0.61,0.53,-0.199375,-0.0475238,-0.0519783
0.62,0.53,-0.201124,-0.0594477,-0.051229
0.63,0.53,-0.202612,-0.0715686,-0.0503748
0.64,0.53,-0.20381,-0.0838501,-0.0494153
0.65,0.53,-0.20469,-0.09625,-0.0483512
0.66,0.53,-0.205221,-0.10872,-0.0471845
0.67,0.53,-0.205371,-0.121206,-0.0459184
0.68,0.53,-0.205105,-0.133648,-0.0445573
0.69,0.53,-0.204391,-0.145975,-0.0431073
0.7,0.53,-0.203195,-0.158114,-0.0415762
0.71,0.53,-0.201482,-0.16998,-0.0399731
0.72,0.53,-0.19922,-0.181483,-0.038309
0.73,0.53,-0.196378,-0.192525,-0.0365965
0.74,0.53,-0.192928,-0.203,-0.03485
0.75,0.53,-0.188847,-0.212797,-0.0330852
0.76,0.53,-0.184116,-0.221798,-0.0313196
0.77,0.53,-0.178722,-0.229882,-0.0295717
0.78,0.53,-0.17266,-0.236924,-0.027861
0.79,0.53,-0.165935,-0.242798,-0.0262078
0.8,0.53,-0.158561,-0.24738,-0.0246328
0.81,0.53,-0.150563,-0.25055,-0.0231565
0.82,0.53,-0.141981,-0.252194,-0.0217989
0.83,0.53,-0.132865,-0.252209,-0.0205788
0.84,0.53,-0.123283,-0.250504,-0.0195135
0.85,0.53,-0.113312,-0.247004,-0.0186185
0.86,0.53,-0.103047,-0.241656,-0.0179062
0.87,0.53,-0.0925943,-0.234427,-0.0173864
0.88,0.53,-0.0820715,-0.225308,-0.0170656
0.89,0.53,-0.0716073,-0.214319,-0.0169467
0.9,0.53,-0.0613381,-0.201504,-0.0170292
0.91,0.53,-0.0514062,-0.186937,-0.0173088
0.92,0.53,-0.0419571,-0.170718,-0.0177782
0.93,0.53,-0.0331366,-0.15297,-0.0184274
0.94,0.53,-0.0250882,-0.13384,-0.0192438
0.95,0.53,-0.0179506,-0.113492,-0.0202128
0.96,0.53,-0.0118576,-0.0921071,-0.021324
0.97,0.53,-0.00692868,-0.0698721,-0.0225463
0.98,0.53,-0.00325779,-0.0469795,-0.0238494
0.99,0.53,-0.00116465,-0.0236183,-0.0257099
1,0.53,0,0,-0.0257099
0,0.54,0,0,-0.0358409
0.01,0.54,-0.000336202,0.0172991,-0.0358409
0.02,0.54,-0.000937478,0.0334723,-0.0363716
0.03,0.54,-0.00198792,0.0485441,-0.036742
0.04,0.54,-0.0033957,0.0625406,-0.0370946
0.05,0.54,-0.00513723,0.0754922,-0.037427
0.06,0.54,-0.00718462,0.0874327,-0.0377372
0.07,0.54,-0.00950896,0.0983986,-0.0380296
0.08,0.54,-0.0120828,0.108429,-0.0383073
0.09,0.54,-0.0148796,0.117563,-0.0385733
0.1,0.54,-0.0178741,0.125843,-0.038831
0.11,0.54,-0.0210423,0.133312,-0.0390836
0.12,0.54,-0.0243615,0.14001,-0.0393341
0.13,0.54,-0.0278107,0.145979,-0.0395855
0.14,0.54,-0.0313704,0.15126,-0.0398405
0.15,0.54,-0.0350225,0.155893,-0.0401018
0.16,0.54,-0.0387507,0.159916,-0.0403717
0.17,0.54,-0.0425401,0.163364,-0.0406525
0.18,0.54,-0.0463774,0.166271,-0.0409459
0.19,0.54,-0.0502506,0.168671,-0.0412538
0.2,0.54,-0.0541493,0.170592,-0.0415775
0.21,0.54,-0.0580643,0.172062,-0.0419182
0.22,0.54,-0.0619877,0.173105,-0.042277
0.23,0.54,-0.0659126,0.173743,-0.0426546
0.24,0.54,-0.0698335,0.173998,-0.0430514
0.25,0.54,-0.0737454,0.173886,-0.0434677
0.26,0.54,-0.0776446,0.173422,-0.0439036
0.27,0.54,-0.0815281,0.172619,-0.0443587
0.28,0.54,-0.0853934,0.171489,-0.0448328
0.29,0.54,-0.089239,0.170041,-0.0453251
0.3,0.54,-0.0930635,0.168281,-0.0458346
0.31,0.54,-0.0968662,0.166215,-0.0463604
0.32,0.54,-0.100647,0.163846,-0.0469009
0.33,0.54,-0.104406,0.161177,-0.0474546
0.34,0.54,-0.108142,0.158209,-0.0480196
0.35,0.54,-0.111858,0.154942,-0.0485938
0.36,0.54,-0.115552,0.151374,-0.0491748
0.37,0.54,-0.119225,0.147503,-0.04976
0.38,0.54,-0.122879,0.143327,-0.0503466
0.39,0.54,-0.126513,0.138841,-0.0509315
0.4,0.54,-0.130127,0.134042,-0.0515112
0.41,0.54,-0.133721,0.128925,-0.0520821
0.42,0.54,-0.137295,0.123484,-0.0526403
0.43,0.54,-0.140849,0.117716,-0.0531818
0.44,0.54,-0.14438,0.111614,-0.053702
0.45,0.54,-0.147887,0.105174,-0.0541965
0.46,0.54,-0.151369,0.0983902,-0.0546604
0.47,0.54,-0.154821,0.0912587,-0.0550887
0.48,0.54,-0.158241,0.0837751,-0.0554761
0.49,0.54,-0.161623,0.0759357,-0.0558173
0.5,0.54,-0.164963,0.0677378,-0.0561068
0.51,0.54,-0.168253,0.0591794,-0.0563389
0.52,0.54,-0.171487,0.0502598,-0.0565081
0.53,0.54,-0.174656,0.0409795,-0.0566086
0.54,0.54,-0.177749,0.0313404,-0.0566348
0.55,0.54,-0.180755,0.0213465,-0.0565812
0.56,0.54,-0.183661,0.0110035,-0.0564423
0.57,0.54,-0.186454,0.000319533,-0.0562131
0.58,0.54,-0.189116,-0.0106946,-0.0558886
0.59,0.54,-0.191629,-0.0220251,-0.0554643
0.6,0.54,-0.193975,-0.0336549,-0.0549364
0.61,0.54,-0.19613,-0.0455632,-0.0543014
0.62,0.54,-0.198072,-0.0577251,-0.0535566
0.63,0.54,-0.199775,-0.0701109,-0.0527003
0.64,0.54,-0.20121,-0.0826858,-0.0517314
0.65,0.54,-0.202349,-0.0954096,-0.05065
0.66,0.54,-0.203159,-0.108236,-0.0494576
0.67,0.54,-0.203607,-0.121111,-0.0481568
0.68,0.54,-0.203658,-0.133976,-0.0467516
0.69,0.54,-0.203278,-0.146763,-0.0452477
0.7,0.54,-0.202428,-0.159396,-0.0436524
0.71,0.54,-0.201073,-0.171791,-0.0419748
0.72,0.54,-0.199176,-0.183857,-0.0402258
0.73,0.54,-0.196703,-0.195493,-0.038418
0.74,0.54,-0.193622,-0.20659,-0.0365661
0.75,0.54,-0.189903,-0.217033,-0.0346862
0.76,0.54,-0.185522,-0.226699,-0.0327965
0.77,0.54,-0.180461,-0.235459,-0.0309165
0.78,0.54,-0.174709,-0.24318,-0.0290667
0.79,0.54,-0.168265,-0.249727,-0.0272691
0.8,0.54,-0.161136,-0.254965,-0.0255457
0.81,0.54,-0.153343,-0.25876,-0.0239191
0.82,0.54,-0.14492,-0.260987,-0.0224112
0.83,0.54,-0.135914,-0.261528,-0.0210431
0.84,0.54,-0.126387,-0.260277,-0.0198345
0.85,0.54,-0.116417,-0.257146,-0.0188028
0.86,0.54,-0.106098,-0.252065,-0.0179631
0.87,0.54,-0.0955367,-0.24499,-0.0173272
0.88,0.54,-0.0848547,-0.2359,-0.0169033
0.89,0.54,-0.0741854,-0.224804,-0.0166961
0.9,0.54,-0.0636716,-0.211739,-0.0167062
0.91,0.54,-0.053464,-0.196774,-0.0169304
0.92,0.54,-0.0437175,-0.180006,-0.0173617
0.93,0.54,-0.0345889,-0.161559,-0.0179901
0.94,0.54,-0.0262333,-0.141583,-0.0188027
0.95,0.54,-0.0188015,-0.120248,-0.0197843
0.96,0.54,-0.0124402,-0.0977418,-0.0209238
0.97,0.54,-0.0072809,-0.0742607,-0.0221881
0.98,0.54,-0.00342891,-0.0500071,-0.0235452
0.99,0.54,-0.00122745,-0.0251797,-0.0254965
1,0.54,0,0,-0.0254965
0,0.55,0,0,-0.0369907
0.01,0.55,-0.000331505,0.0177342,-0.0369907
0.02,0.55,-0.000924743,0.0343134,-0.037515
0.03,0.55,-0.0019617,0.0497617,-0.0378816
0.04,0.55,-0.00335185,0.0641054,-0.038231
0.05,0.55,-0.00507174,0.0773749,-0.0385607
0.06,0.55,-0.00709353,0.0896047,-0.0388687
0.07,0.55,-0.00938823,0.100832,-0.0391593
0.08,0.55,-0.0119282,0.111096,-0.0394354
0.09,0.55,-0.0146867,0.120439,-0.0397001
0.1,0.55,-0.0176382,0.128902,-0.0399569
0.11,0.55,-0.0207583,0.136531,-0.0402087
0.12,0.55,-0.0240242,0.143367,-0.0404588
0.13,0.55,-0.0274146,0.149453,-0.0407102
0.14,0.55,-0.0309097,0.154834,-0.0409657
0.15,0.55,-0.0344914,0.159548,-0.041228
0.16,0.55,-0.0381432,0.163636,-0.0414996
0.17,0.55,-0.0418503,0.167136,-0.0417827
0.18,0.55,-0.0455992,0.170083,-0.0420793
0.19,0.55,-0.0493781,0.17251,-0.0423914
0.2,0.55,-0.0531767,0.17445,-0.0427203
0.21,0.55,-0.056986,0.175929,-0.0430674
0.22,0.55,-0.0607982,0.176975,-0.0434338
0.23,0.55,-0.0646069,0.17761,-0.0438202
0.24,0.55,-0.0684066,0.177855,-0.0442274
0.25,0.55,-0.072193,0.17773,-0.0446555
0.26,0.55,-0.0759625,0.17725,-0.0451047
0.27,0.55,-0.0797126,0.17643,-0.0455749
0.28,0.55,-0.0834413,0.175279,-0.0460656
0.29,0.55,-0.0871474,0.173809,-0.0465763
0.3,0.55,-0.0908302,0.172027,-0.0471061
0.31,0.55,-0.0944895,0.169938,-0.0476538
0.32,0.55,-0.0981256,0.167547,-0.0482181
0.33,0.55,-0.101739,0.164856,-0.0487973
0.34,0.55,-0.10533,0.161866,-0.0493897
0.35,0.55,-0.108901,0.158578,-0.0499931
0.36,0.55,-0.112451,0.154991,-0.0506051
0.37,0.55,-0.115983,0.151101,-0.051223
0.38,0.55,-0.119497,0.146906,-0.051844
0.39,0.55,-0.122995,0.142402,-0.0524648
0.4,0.55,-0.126477,0.137586,-0.053082
0.41,0.55,-0.129944,0.132451,-0.0536918
0.42,0.55,-0.133396,0.126993,-0.0542903
0.43,0.55,-0.136834,0.121207,-0.0548732
0.44,0.55,-0.140257,0.115086,-0.055436
0.45,0.55,-0.143664,0.108625,-0.0559739
0.46,0.55,-0.147054,0.101819,-0.0564818
0.47,0.55,-0.150425,0.0946614,-0.0569546
0.48,0.55,-0.153773,0.0871484,-0.0573867
0.49,0.55,-0.157096,0.0792751,-0.0577725
0.5,0.55,-0.16039,0.0710379,-0.0581064
0.51,0.55,-0.163647,0.0624337,-0.0583822
0.52,0.55,-0.166863,0.0534606,-0.0585941
0.53,0.55,-0.170029,0.0441179,-0.058736
0.54,0.55,-0.173136,0.0344063,-0.0588018
0.55,0.55,-0.176175,0.0243282,-0.0587855
0.56,0.55,-0.179132,0.0138878,-0.0586814
0.57,0.55,-0.181995,0.00309153,-0.0584837
0.58,0.55,-0.184749,-0.00805152,-0.0581871
0.59,0.55,-0.187375,-0.0195295,-0.0577866
0.6,0.55,-0.189856,-0.0313273,-0.0572776
0.61,0.55,-0.19217,-0.0434261,-0.0566561
0.62,0.55,-0.194294,-0.0558031,-0.0559189
0.63,0.55,-0.196203,-0.0684307,-0.0550634
0.64,0.55,-0.197868,-0.0812763,-0.0540881
0.65,0.55,-0.19926,-0.0943016,-0.0529925
0.66,0.55,-0.200346,-0.107462,-0.0517774
0.67,0.55,-0.201094,-0.120707,-0.0504447
0.68,0.55,-0.201466,-0.133977,-0.048998
0.69,0.55,-0.201425,-0.147206,-0.0474425
0.7,0.55,-0.200933,-0.160318,-0.0457851
0.71,0.55,-0.199951,-0.173232,-0.0440346
0.72,0.55,-0.198438,-0.185853,-0.0422016
0.73,0.55,-0.196356,-0.198079,-0.0402988
0.74,0.55,-0.193669,-0.209801,-0.038341
0.75,0.55,-0.190342,-0.220897,-0.0363449
0.76,0.55,-0.186346,-0.23124,-0.0343289
0.77,0.55,-0.181657,-0.240695,-0.0323135
0.78,0.55,-0.176256,-0.24912,-0.0303205
0.79,0.55,-0.170136,-0.256371,-0.0283729
0.8,0.55,-0.163299,-0.262301,-0.0264947
0.81,0.55,-0.155759,-0.266766,-0.0247102
0.82,0.55,-0.147542,-0.269624,-0.0230434
0.83,0.55,-0.138692,-0.270742,-0.021518
0.84,0.55,-0.129267,-0.27,-0.0201558
0.85,0.55,-0.119343,-0.267293,-0.0189769
0.86,0.55,-0.10901,-0.262537,-0.0179987
0.87,0.55,-0.0983772,-0.25567,-0.0172355
0.88,0.55,-0.0875684,-0.24666,-0.0166977
0.89,0.55,-0.076721,-0.235502,-0.0163916
0.9,0.55,-0.0659847,-0.222226,-0.0163196
0.91,0.55,-0.0555179,-0.206892,-0.0164794
0.92,0.55,-0.0454857,-0.189593,-0.0168648
0.93,0.55,-0.0360557,-0.170454,-0.0174659
0.94,0.55,-0.0273957,-0.149627,-0.0182695
0.95,0.55,-0.0196694,-0.127287,-0.0192599
0.96,0.55,-0.0130368,-0.103628,-0.0204252
0.97,0.55,-0.00764299,-0.0788567,-0.0217305
0.98,0.55,-0.00360546,-0.0531854,-0.0231416
0.99,0.55,-0.00129241,-0.0268224,-0.0251859
1,0.55,0,0,-0.0251859
0,0.56,0,0,-0.038169
0.01,0.56,-0.000327008,0.0181635,-0.038169
0.02,0.56,-0.000912553,0.0351437,-0.0386872
0.03,0.56,-0.00193659,0.050964,-0.0390502
0.04,0.56,-0.00330975,0.0656507,-0.0393965
0.05,0.56,-0.00500863,0.0792342,-0.0397234
0.06,0.56,-0.00700532,0.0917491,-0.0400291
0.07,0.56,-0.00927065,0.103233,-0.0403176
0.08,0.56,-0.0117767,0.113727,-0.0405918
0.09,0.56,-0.0144964,0.123273,-0.0408547
0.1,0.56,-0.0174037,0.131915,-0.0411097
0.11,0.56,-0.0204741,0.139698,-0.04136
0.12,0.56,-0.0236843,0.146666,-0.0416088
0.13,0.56,-0.0270127,0.152864,-0.0418591
0.14,0.56,-0.0304394,0.158337,-0.0421138
0.15,0.56,-0.033946,0.163127,-0.0423758
0.16,0.56,-0.037516,0.167274,-0.0426477
0.17,0.56,-0.0411344,0.17082,-0.0429317
0.18,0.56,-0.0447878,0.173799,-0.0432301
0.19,0.56,-0.0484646,0.176249,-0.0435447
0.2,0.56,-0.0521545,0.1782,-0.0438772
0.21,0.56,-0.0558487,0.179683,-0.0442291
0.22,0.56,-0.0595397,0.180726,-0.0446015
0.23,0.56,-0.0632214,0.181352,-0.0449954
0.24,0.56,-0.0668887,0.181584,-0.0454113
0.25,0.56,-0.0705375,0.181441,-0.0458498
0.26,0.56,-0.0741647,0.180941,-0.046311
0.27,0.56,-0.0777683,0.180098,-0.0467948
0.28,0.56,-0.0813468,0.178924,-0.047301
0.29,0.56,-0.0848993,0.17743,-0.0478288
0.3,0.56,-0.0884258,0.175623,-0.0483776
0.31,0.56,-0.0919267,0.17351,-0.0489462
0.32,0.56,-0.0954026,0.171095,-0.0495333
0.33,0.56,-0.0988548,0.168382,-0.0501372
0.34,0.56,-0.102285,0.165371,-0.0507562
0.35,0.56,-0.105694,0.162063,-0.051388
0.36,0.56,-0.109084,0.158456,-0.0520303
0.37,0.56,-0.112456,0.154549,-0.0526805
0.38,0.56,-0.115814,0.150339,-0.0533354
0.39,0.56,-0.119157,0.145821,-0.0539919
0.4,0.56,-0.122489,0.140991,-0.0546464
0.41,0.56,-0.12581,0.135844,-0.0552951
0.42,0.56,-0.129122,0.130374,-0.0559339
0.43,0.56,-0.132426,0.124576,-0.0565584
0.44,0.56,-0.135721,0.118444,-0.0571639
0.45,0.56,-0.139008,0.111971,-0.0577455
0.46,0.56,-0.142287,0.105151,-0.0582979
0.47,0.56,-0.145557,0.097978,-0.0588158
0.48,0.56,-0.148815,0.0904468,-0.0592934
0.49,0.56,-0.152059,0.0825518,-0.0597248
0.5,0.56,-0.155285,0.0742885,-0.060104
0.51,0.56,-0.15849,0.0656527,-0.0604248
0.52,0.56,-0.161668,0.0566414,-0.0606807
0.53,0.56,-0.164812,0.0472528,-0.0608654
0.54,0.56,-0.167914,0.0374861,-0.0609725
0.55,0.56,-0.170965,0.0273423,-0.0609955
0.56,0.56,-0.173955,0.0168241,-0.0609281
0.57,0.56,-0.176871,0.00593612,-0.0607641
0.58,0.56,-0.179699,-0.00531433,-0.0604978
0.59,0.56,-0.182422,-0.0169173,-0.0601234
0.6,0.56,-0.185022,-0.0288599,-0.0596359
0.61,0.56,-0.187481,-0.0411252,-0.0590307
0.62,0.56,-0.189773,-0.0536928,-0.0583038
0.63,0.56,-0.191876,-0.0665374,-0.0574522
0.64,0.56,-0.193761,-0.0796288,-0.0564736
0.65,0.56,-0.195399,-0.0929309,-0.0553668
0.66,0.56,-0.196758,-0.106402,-0.0541319
0.67,0.56,-0.197802,-0.119992,-0.0527703
0.68,0.56,-0.198496,-0.133645,-0.0512849
0.69,0.56,-0.1988,-0.147295,-0.0496804
0.7,0.56,-0.198673,-0.16087,-0.0479631
0.71,0.56,-0.198075,-0.174287,-0.0461415
0.72,0.56,-0.196961,-0.187451,-0.044226
0.73,0.56,-0.195291,-0.200261,-0.0422291
0.74,0.56,-0.193023,-0.212604,-0.0401655
0.75,0.56,-0.190118,-0.224356,-0.0380523
0.76,0.56,-0.18654,-0.235385,-0.0359084
0.77,0.56,-0.182259,-0.245549,-0.033755
0.78,0.56,-0.177251,-0.2547,-0.0316149
0.79,0.56,-0.1715,-0.262684,-0.0295126
0.8,0.56,-0.165002,-0.269343,-0.0274735
0.81,0.56,-0.157762,-0.274518,-0.0255239
0.82,0.56,-0.149803,-0.278054,-0.02369
0.83,0.56,-0.14116,-0.279803,-0.0219978
0.84,0.56,-0.131886,-0.279627,-0.0204719
0.85,0.56,-0.122054,-0.277403,-0.0191349
0.86,0.56,-0.111752,-0.273031,-0.018007
0.87,0.56,-0.101089,-0.266432,-0.017105
0.88,0.56,-0.0901896,-0.257557,-0.0164417
0.89,0.56,-0.0791955,-0.246388,-0.0160258
0.9,0.56,-0.0682622,-0.232943,-0.0158612
0.91,0.56,-0.0575563,-0.217273,-0.0159471
0.92,0.56,-0.0472528,-0.199468,-0.0162781
0.93,0.56,-0.0375309,-0.179649,-0.0168447
0.94,0.56,-0.0285713,-0.157969,-0.0176335
0.95,0.56,-0.0205515,-0.134609,-0.0186282
0.96,0.56,-0.013646,-0.109768,-0.0198164
0.97,0.56,-0.00801427,-0.083664,-0.0211612
0.98,0.56,-0.00378719,-0.056518,-0.022626
0.99,0.56,-0.00135948,-0.0285491,-0.0247652
1,0.56,0,0,-0.0247652
0,0.57,0,0,-0.0393747
0.01,0.57,-0.000322855,0.0185872,-0.0393747
0.02,0.57,-0.000901299,0.0359636,-0.0398873
0.03,0.57,-0.00191339,0.0521519,-0.040247
0.04,0.57,-0.00327072,0.0671774,-0.0405904
0.05,0.57,-0.00494983,0.0810708,-0.0409147
0.06,0.57,-0.00692258,0.0938667,-0.041218
0.07,0.57,-0.00915948,0.105603,-0.0415041
0.08,0.57,-0.0116322,0.116322,-0.0417759
0.09,0.57,-0.0143131,0.126066,-0.0420364
0.1,0.57,-0.0171759,0.13488,-0.042289
0.11,0.57,-0.0201954,0.142811,-0.0425368
0.12,0.57,-0.0233481,0.149905,-0.0427831
0.13,0.57,-0.0266119,0.156209,-0.043031
0.14,0.57,-0.0299667,0.161767,-0.0432836
0.15,0.57,-0.0333939,0.166625,-0.0435438
0.16,0.57,-0.0368768,0.170824,-0.0438143
0.17,0.57,-0.0404004,0.174408,-0.0440976
0.18,0.57,-0.0439514,0.177413,-0.0443959
0.19,0.57,-0.0475182,0.179877,-0.0447114
0.2,0.57,-0.0510908,0.181834,-0.0450458
0.21,0.57,-0.0546605,0.183314,-0.0454006
0.22,0.57,-0.0582202,0.184347,-0.0457773
0.23,0.57,-0.0617641,0.184959,-0.0461767
0.24,0.57,-0.0652873,0.185171,-0.0465997
0.25,0.57,-0.0687864,0.185006,-0.0470469
0.26,0.57,-0.0722586,0.184481,-0.0475184
0.27,0.57,-0.0757024,0.183612,-0.0480143
0.28,0.57,-0.0791167,0.18241,-0.0485343
0.29,0.57,-0.0825014,0.180888,-0.0490779
0.3,0.57,-0.0858569,0.179054,-0.0496443
0.31,0.57,-0.089184,0.176915,-0.0502325
0.32,0.57,-0.0924842,0.174475,-0.0508412
0.33,0.57,-0.0957592,0.171738,-0.0514687
0.34,0.57,-0.0990109,0.168705,-0.0521133
0.35,0.57,-0.102242,0.165377,-0.0527727
0.36,0.57,-0.105454,0.161753,-0.0534445
0.37,0.57,-0.10865,0.157831,-0.0541261
0.38,0.57,-0.111833,0.153607,-0.0548143
0.39,0.57,-0.115005,0.149078,-0.0555059
0.4,0.57,-0.118168,0.144239,-0.0561973
0.41,0.57,-0.121325,0.139084,-0.0568846
0.42,0.57,-0.124478,0.133609,-0.0575634
0.43,0.57,-0.127628,0.127805,-0.0582294
0.44,0.57,-0.130776,0.121669,-0.0588777
0.45,0.57,-0.133924,0.115191,-0.0595031
0.46,0.57,-0.137072,0.108367,-0.0601003
0.47,0.57,-0.14022,0.101189,-0.0606637
0.48,0.57,-0.143367,0.0936503,-0.0611873
0.49,0.57,-0.146512,0.0857457,-0.0616649
0.5,0.57,-0.149652,0.0774693,-0.0620903
0.51,0.57,-0.152783,0.0688162,-0.0624568
0.52,0.57,-0.155902,0.0597822,-0.0627579
0.53,0.57,-0.159004,0.0503642,-0.0629866
0.54,0.57,-0.162081,0.0405601,-0.0631363
0.55,0.57,-0.165125,0.0303694,-0.0632
0.56,0.57,-0.168128,0.0197933,-0.0631711
0.57,0.57,-0.171077,0.00883479,-0.0630427
0.58,0.57,-0.173959,-0.00250082,-0.0628086
0.59,0.57,-0.176761,-0.0142056,-0.0624627
0.6,0.57,-0.179464,-0.0262685,-0.0619991
0.61,0.57,-0.18205,-0.0386753,-0.0614127
0.62,0.57,-0.184496,-0.0514076,-0.0606989
0.63,0.57,-0.18678,-0.0644427,-0.0598539
0.64,0.57,-0.188873,-0.077753,-0.0588748
0.65,0.57,-0.190748,-0.091305,-0.0577598
0.66,0.57,-0.192371,-0.105059,-0.0565081
0.67,0.57,-0.193708,-0.118969,-0.0551206
0.68,0.57,-0.194721,-0.132979,-0.0535994
0.69,0.57,-0.19537,-0.147028,-0.0519486
0.7,0.57,-0.195614,-0.161044,-0.050174
0.71,0.57,-0.195409,-0.174943,-0.0482835
0.72,0.57,-0.194708,-0.188636,-0.0462871
0.73,0.57,-0.193467,-0.202017,-0.0441972
0.74,0.57,-0.19164,-0.214974,-0.0420285
0.75,0.57,-0.189183,-0.22738,-0.0397979
0.76,0.57,-0.186055,-0.239099,-0.0375251
0.77,0.57,-0.182219,-0.249984,-0.0352316
0.78,0.57,-0.177644,-0.259879,-0.0329413
0.79,0.57,-0.172306,-0.26862,-0.0306798
0.8,0.57,-0.166194,-0.276039,-0.0284743
0.81,0.57,-0.159306,-0.281965,-0.0263528
0.82,0.57,-0.151656,-0.286226,-0.0243439
0.83,0.57,-0.143273,-0.288659,-0.0224759
0.84,0.57,-0.134203,-0.289106,-0.0207761
0.85,0.57,-0.124514,-0.287428,-0.0192701
0.86,0.57,-0.114292,-0.283502,-0.0179809
0.87,0.57,-0.103643,-0.277233,-0.0169282
0.88,0.57,-0.0926938,-0.268554,-0.0161276
0.89,0.57,-0.0815883,-0.25743,-0.0155902
0.9,0.57,-0.0704876,-0.243865,-0.0153219
0.91,0.57,-0.0595662,-0.227901,-0.0153236
0.92,0.57,-0.0490091,-0.209619,-0.015591
0.93,0.57,-0.0390075,-0.189136,-0.0161151
0.94,0.57,-0.0297553,-0.166606,-0.0168827
0.95,0.57,-0.0214449,-0.142213,-0.0178768
0.96,0.57,-0.0142661,-0.116165,-0.0190845
0.97,0.57,-0.00839391,-0.088686,-0.0204667
0.98,0.57,-0.00397378,-0.0600086,-0.0219848
0.99,0.57,-0.00142857,-0.0303621,-0.0242204
1,0.57,0,0,-0.0242204
0,0.58,0,0,-0.0406068
0.01,0.58,-0.000319206,0.0190059,-0.0406068
0.02,0.58,-0.000891415,0.0367743,-0.0411146
0.03,0.58,-0.00189298,0.0533265,-0.0414714
0.04,0.58,-0.00323624,0.0686872,-0.0418122
0.05,0.58,-0.00489747,0.0828863,-0.0421341
0.06,0.58,-0.00684817,0.0959587,-0.0424349
0.07,0.58,-0.00905835,0.107943,-0.0427184
0.08,0.58,-0.0114991,0.118881,-0.0429873
0.09,0.58,-0.0141422,0.128817,-0.0432448
0.1,0.58,-0.0169606,0.137797,-0.043494
0.11,0.58,-0.0199288,0.14587,-0.0437382
0.12,0.58,-0.0230226,0.153082,-0.0439807
0.13,0.58,-0.0262196,0.159483,-0.0442248
0.14,0.58,-0.0294994,0.165119,-0.0444737
0.15,0.58,-0.0328431,0.170037,-0.0447304
0.16,0.58,-0.036234,0.174281,-0.0449977
0.17,0.58,-0.0396569,0.177894,-0.0452783
0.18,0.58,-0.0430986,0.180917,-0.0455746
0.19,0.58,-0.0465478,0.183388,-0.0458889
0.2,0.58,-0.0499944,0.185342,-0.0462231
0.21,0.58,-0.0534302,0.186813,-0.0465788
0.22,0.58,-0.0568484,0.187829,-0.0469577
0.23,0.58,-0.0602434,0.188419,-0.0473607
0.24,0.58,-0.0636109,0.188606,-0.0477888
0.25,0.58,-0.0669479,0.188413,-0.0482427
0.26,0.58,-0.0702523,0.187857,-0.0487226
0.27,0.58,-0.0735227,0.186956,-0.0492288
0.28,0.58,-0.0767589,0.185723,-0.0497609
0.29,0.58,-0.0799612,0.18417,-0.0503186
0.3,0.58,-0.0831306,0.182305,-0.0509011
0.31,0.58,-0.0862686,0.180137,-0.0515075
0.32,0.58,-0.0893772,0.17767,-0.0521363
0.33,0.58,-0.0924588,0.174908,-0.0527861
0.34,0.58,-0.0955161,0.171853,-0.053455
0.35,0.58,-0.0985519,0.168506,-0.0541409
0.36,0.58,-0.101569,0.164865,-0.0548412
0.37,0.58,-0.104572,0.160928,-0.0555533
0.38,0.58,-0.107562,0.156693,-0.056274
0.39,0.58,-0.110544,0.152156,-0.0570001
0.4,0.58,-0.11352,0.147311,-0.0577277
0.41,0.58,-0.116494,0.142153,-0.0584529
0.42,0.58,-0.119468,0.136677,-0.0591714
0.43,0.58,-0.122445,0.130875,-0.0598785
0.44,0.58,-0.125427,0.12474,-0.0605693
0.45,0.58,-0.128416,0.118267,-0.0612384
0.46,0.58,-0.131414,0.111447,-0.0618804
0.47,0.58,-0.13442,0.104273,-0.0624893
0.48,0.58,-0.137436,0.0967384,-0.0630591
0.49,0.58,-0.14046,0.0888362,-0.0635833
0.5,0.58,-0.143492,0.0805599,-0.0640553
0.51,0.58,-0.14653,0.0719036,-0.0644682
0.52,0.58,-0.14957,0.0628622,-0.0648151
0.53,0.58,-0.152608,0.0534313,-0.0650888
0.54,0.58,-0.155639,0.0436076,-0.0652822
0.55,0.58,-0.158655,0.0333891,-0.0653879
0.56,0.58,-0.161649,0.0227754,-0.0653987
0.57,0.58,-0.164611,0.0117678,-0.0653076
0.58,0.58,-0.167529,0.000369813,-0.0651075
0.59,0.58,-0.170389,-0.0114127,-0.0647918
0.6,0.58,-0.173176,-0.0235709,-0.0643542
0.61,0.58,-0.175871,-0.0360929,-0.0637889
0.62,0.58,-0.178455,-0.0489627,-0.0630906
0.63,0.58,-0.180903,-0.0621604,-0.0622548
0.64,0.58,-0.183191,-0.0756609,-0.061278
0.65,0.58,-0.185289,-0.0894336,-0.0601575
0.66,0.58,-0.187166,-0.103442,-0.058892
0.67,0.58,-0.188788,-0.117642,-0.0574814
0.68,0.58,-0.190116,-0.131982,-0.0559273
0.69,0.58,-0.191109,-0.146402,-0.0542331
0.7,0.58,-0.191726,-0.160832,-0.0524037
0.71,0.58,-0.191919,-0.175193,-0.0504467
0.72,0.58,-0.191641,-0.189393,-0.0483716
0.73,0.58,-0.190844,-0.203329,-0.0461902
0.74,0.58,-0.189477,-0.216888,-0.0439173
0.75,0.58,-0.187493,-0.229941,-0.0415697
0.76,0.58,-0.184844,-0.242349,-0.0391673
0.77,0.58,-0.181487,-0.253961,-0.0367321
0.78,0.58,-0.177384,-0.264613,-0.034289
0.79,0.58,-0.172505,-0.274133,-0.0318646
0.8,0.58,-0.166827,-0.282343,-0.0294876
0.81,0.58,-0.160342,-0.289056,-0.0271879
0.82,0.58,-0.153054,-0.294088,-0.0249963
0.83,0.58,-0.144986,-0.297256,-0.0229437
0.84,0.58,-0.136176,-0.298385,-0.0210601
0.85,0.58,-0.126685,-0.297315,-0.0193742
0.86,0.58,-0.116595,-0.293902,-0.0179121
0.87,0.58,-0.106009,-0.288031,-0.0166966
0.88,0.58,-0.0950545,-0.279612,-0.0157463
0.89,0.58,-0.0838771,-0.268594,-0.0150752
0.9,0.58,-0.0726428,-0.254965,-0.0146915
0.91,0.58,-0.0615335,-0.238752,-0.014598
0.92,0.58,-0.050744,-0.220027,-0.0147919
0.93,0.58,-0.0404777,-0.198903,-0.0152649
0.94,0.58,-0.0309426,-0.175532,-0.016004
0.95,0.58,-0.0223463,-0.150099,-0.016992
0.96,0.58,-0.0148952,-0.122819,-0.0182151
0.97,0.58,-0.00878097,-0.0939253,-0.0196324
0.98,0.58,-0.00416488,-0.0636602,-0.0212029
0.99,0.58,-0.00149957,-0.0322635,-0.0235363
1,0.58,0,0,-0.0235363
0,0.59,0,0,-0.0418644
0.01,0.59,-0.00031624,0.0194203,-0.0418644
0.02,0.59,-0.00088339,0.0375771,-0.0423684
0.03,0.59,-0.00187638,0.0544898,-0.0427229
0.04,0.59,-0.00320795,0.070182,-0.0430615
0.05,0.59,-0.00485396,0.0846831,-0.0433812
0.06,0.59,-0.00678529,0.0980275,-0.0436795
0.07,0.59,-0.00897127,0.110254,-0.0439601
0.08,0.59,-0.0113822,0.121406,-0.0442257
0.09,0.59,-0.0139891,0.131527,-0.0444793
0.1,0.59,-0.0167642,0.140667,-0.0447241
0.11,0.59,-0.0196812,0.148873,-0.0449635
0.12,0.59,-0.0227154,0.156196,-0.0452008
0.13,0.59,-0.0258441,0.162685,-0.0454395
0.14,0.59,-0.0290462,0.16839,-0.0456828
0.15,0.59,-0.0323027,0.173359,-0.045934
0.16,0.59,-0.0355968,0.177638,-0.046196
0.17,0.59,-0.0389133,0.181272,-0.0464718
0.18,0.59,-0.042239,0.184304,-0.0467638
0.19,0.59,-0.0455627,0.186773,-0.0470746
0.2,0.59,-0.0488747,0.188716,-0.0474063
0.21,0.59,-0.0521671,0.190168,-0.0477607
0.22,0.59,-0.0554334,0.19116,-0.0481394
0.23,0.59,-0.0586684,0.191721,-0.0485437
0.24,0.59,-0.0618685,0.191876,-0.0489747
0.25,0.59,-0.0650309,0.191648,-0.0494331
0.26,0.59,-0.0681542,0.191056,-0.0499194
0.27,0.59,-0.0712376,0.190118,-0.0504337
0.28,0.59,-0.0742815,0.188849,-0.0509761
0.29,0.59,-0.0772867,0.18726,-0.051546
0.3,0.59,-0.0802549,0.185362,-0.0521428
0.31,0.59,-0.0831882,0.183161,-0.0527656
0.32,0.59,-0.0860893,0.180665,-0.053413
0.33,0.59,-0.0889611,0.177877,-0.0540836
0.34,0.59,-0.0918071,0.174798,-0.0547755
0.35,0.59,-0.0946309,0.171431,-0.0554864
0.36,0.59,-0.0974362,0.167773,-0.056214
0.37,0.59,-0.100227,0.163824,-0.0569555
0.38,0.59,-0.103007,0.159579,-0.0577077
0.39,0.59,-0.105781,0.155036,-0.0584671
0.4,0.59,-0.108552,0.150189,-0.0592302
0.41,0.59,-0.111324,0.145032,-0.0599926
0.42,0.59,-0.1141,0.13956,-0.06075
0.43,0.59,-0.116885,0.133765,-0.0614977
0.44,0.59,-0.119681,0.12764,-0.0622305
0.45,0.59,-0.122492,0.121178,-0.062943
0.46,0.59,-0.125318,0.11437,-0.0636294
0.47,0.59,-0.128162,0.107211,-0.0642837
0.48,0.59,-0.131026,0.0996905,-0.0648996
0.49,0.59,-0.13391,0.0918024,-0.0654703
0.5,0.59,-0.136814,0.0835391,-0.0659891
0.51,0.59,-0.139736,0.0748938,-0.0664488
0.52,0.59,-0.142675,0.0658602,-0.0668419
0.53,0.59,-0.145628,0.0564329,-0.0671612
0.54,0.59,-0.148591,0.0466073,-0.0673989
0.55,0.59,-0.151558,0.0363801,-0.0675475
0.56,0.59,-0.154522,0.0257492,-0.0675992
0.57,0.59,-0.157476,0.0147144,-0.0675464
0.58,0.59,-0.160407,0.00327713,-0.0673817
0.59,0.59,-0.163305,-0.00855863,-0.0670979
0.6,0.59,-0.166155,-0.0207864,-0.066688
0.61,0.59,-0.168941,-0.0333964,-0.0661457
0.62,0.59,-0.171642,-0.0463755,-0.065465
0.63,0.59,-0.174238,-0.0597064,-0.0646407
0.64,0.59,-0.176704,-0.0733669,-0.0636686
0.65,0.59,-0.179012,-0.0873295,-0.0625453
0.66,0.59,-0.18113,-0.10156,-0.0612686
0.67,0.59,-0.183026,-0.116019,-0.0598377
0.68,0.59,-0.18466,-0.130658,-0.0582536
0.69,0.59,-0.185993,-0.145418,-0.0565185
0.7,0.59,-0.186981,-0.160234,-0.0546372
0.71,0.59,-0.187575,-0.175028,-0.0526161
0.72,0.59,-0.187727,-0.189711,-0.0504644
0.73,0.59,-0.187385,-0.204181,-0.0481935
0.74,0.59,-0.186495,-0.218325,-0.0458176
0.75,0.59,-0.185005,-0.232013,-0.0433537
0.76,0.59,-0.182863,-0.245105,-0.0408216
0.77,0.59,-0.180018,-0.257444,-0.0382438
0.78,0.59,-0.176425,-0.268861,-0.0356458
0.79,0.59,-0.172046,-0.279178,-0.0330552
0.8,0.59,-0.16685,-0.288202,-0.0305023
0.81,0.59,-0.160819,-0.295738,-0.0280186
0.82,0.59,-0.153949,-0.301583,-0.0256372
0.83,0.59,-0.146252,-0.305538,-0.0233915
0.84,0.59,-0.13776,-0.307407,-0.0213144
0.85,0.59,-0.128524,-0.307009,-0.0194377
0.86,0.59,-0.118623,-0.304178,-0.017791
0.87,0.59,-0.108154,-0.298774,-0.0164003
0.88,0.59,-0.0972432,-0.290686,-0.0152877
0.89,0.59,-0.086038,-0.279842,-0.0144701
0.9,0.59,-0.0747082,-0.266209,-0.0139586
0.91,0.59,-0.0634426,-0.2498,-0.0137583
0.92,0.59,-0.0524456,-0.230675,-0.013868
0.93,0.59,-0.041933,-0.208937,-0.0142806
0.94,0.59,-0.0321272,-0.184737,-0.0149833
0.95,0.59,-0.0232519,-0.158262,-0.0159587
0.96,0.59,-0.0155311,-0.12973,-0.0171928
0.97,0.59,-0.00917438,-0.0993838,-0.0186423
0.98,0.59,-0.00436006,-0.0674754,-0.0202639
0.99,0.59,-0.00157234,-0.0342555,-0.022696
1,0.59,0,0,-0.022696
0,0.6,0,0,-0.0431466
0.01,0.6,-0.000314158,0.0198314,-0.0431466
0.02,0.6,-0.000877773,0.0383738,-0.0436481
0.03,0.6,-0.00186471,0.0556442,-0.0440011
0.04,0.6,-0.0031877,0.0716648,-0.0443381
0.05,0.6,-0.00482195,0.086464,-0.0446558
0.06,0.6,-0.00673751,0.100076,-0.0449517
0.07,0.6,-0.00890272,0.11254,-0.0452292
0.08,0.6,-0.0112869,0.123899,-0.0454909
0.09,0.6,-0.0138601,0.134199,-0.0457397
0.1,0.6,-0.0165936,0.143489,-0.045979
0.11,0.6,-0.0194604,0.151821,-0.0462121
0.12,0.6,-0.022435,0.159245,-0.0464426
0.13,0.6,-0.0254941,0.165814,-0.046674
0.14,0.6,-0.0286163,0.171578,-0.0469097
0.15,0.6,-0.0317823,0.176587,-0.0471531
0.16,0.6,-0.0349751,0.180891,-0.0474075
0.17,0.6,-0.0381795,0.184536,-0.0476759
0.18,0.6,-0.0413826,0.187567,-0.0479612
0.19,0.6,-0.0445732,0.190024,-0.0482659
0.2,0.6,-0.0477419,0.191947,-0.0485925
0.21,0.6,-0.0508812,0.193371,-0.0489428
0.22,0.6,-0.053985,0.19433,-0.0493188
0.23,0.6,-0.0570488,0.194854,-0.0497219
0.24,0.6,-0.0600693,0.194969,-0.0501533
0.25,0.6,-0.0630445,0.194698,-0.0506138
0.26,0.6,-0.0659734,0.194064,-0.0511041
0.27,0.6,-0.0688559,0.193084,-0.0516244
0.28,0.6,-0.071693,0.191772,-0.0521747
0.29,0.6,-0.0744862,0.190143,-0.0527548
0.3,0.6,-0.0772378,0.188207,-0.0533639
0.31,0.6,-0.0799507,0.185972,-0.0540012
0.32,0.6,-0.0826281,0.183443,-0.0546655
0.33,0.6,-0.0852738,0.180626,-0.0553551
0.34,0.6,-0.0878919,0.177523,-0.0560683
0.35,0.6,-0.0904865,0.174135,-0.0568029
0.36,0.6,-0.0930623,0.170461,-0.0575563
0.37,0.6,-0.0956238,0.166499,-0.0583259
0.38,0.6,-0.0981758,0.162247,-0.0591082
0.39,0.6,-0.100723,0.1577,-0.0599
0.4,0.6,-0.10327,0.152854,-0.0606974
0.41,0.6,-0.105822,0.147702,-0.061496
0.42,0.6,-0.108382,0.142238,-0.0622915
0.43,0.6,-0.110956,0.136456,-0.0630789
0.44,0.6,-0.113546,0.130347,-0.063853
0.45,0.6,-0.116158,0.123903,-0.0646082
0.46,0.6,-0.118793,0.117118,-0.0653385
0.47,0.6,-0.121455,0.109981,-0.0660378
0.48,0.6,-0.124147,0.102486,-0.0666994
0.49,0.6,-0.126869,0.0946235,-0.0673165
0.5,0.6,-0.129623,0.0863858,-0.0678819
0.51,0.6,-0.132408,0.0777652,-0.0683882
0.52,0.6,-0.135225,0.0687545,-0.0688278
0.53,0.6,-0.138072,0.0593471,-0.0691928
0.54,0.6,-0.140945,0.0495374,-0.0694752
0.55,0.6,-0.14384,0.0393205,-0.0696671
0.56,0.6,-0.146753,0.028693,-0.0697603
0.57,0.6,-0.149675,0.0176528,-0.0697467
0.58,0.6,-0.152599,0.00619962,-0.0696184
0.59,0.6,-0.155513,-0.00566456,-0.0693676
0.6,0.6,-0.158404,-0.0179355,-0.0689868
0.61,0.6,-0.161259,-0.0306059,-0.068469
0.62,0.6,-0.164058,-0.0436651,-0.0678077
0.63,0.6,-0.166782,-0.0570987,-0.0669968
0.64,0.6,-0.169407,-0.0708876,-0.0660315
0.65,0.6,-0.171907,-0.0850074,-0.0649076
0.66,0.6,-0.174252,-0.0994278,-0.0636221
0.67,0.6,-0.176408,-0.114112,-0.0621736
0.68,0.6,-0.178339,-0.129014,-0.0605619
0.69,0.6,-0.180003,-0.144082,-0.0587888
0.7,0.6,-0.181357,-0.15925,-0.056858
0.71,0.6,-0.182351,-0.174446,-0.0547754
0.72,0.6,-0.182936,-0.189583,-0.0525494
0.73,0.6,-0.183057,-0.204561,-0.0501909
0.74,0.6,-0.182657,-0.219267,-0.0477137
0.75,0.6,-0.18168,-0.233573,-0.0451344
0.76,0.6,-0.180068,-0.247337,-0.0424729
0.77,0.6,-0.177765,-0.260398,-0.039752
0.78,0.6,-0.174718,-0.272585,-0.0369975
0.79,0.6,-0.17088,-0.283708,-0.0342382
0.8,0.6,-0.166213,-0.293569,-0.0315054
0.81,0.6,-0.160689,-0.301957,-0.0288325
0.82,0.6,-0.154292,-0.308655,-0.0262546
0.83,0.6,-0.147025,-0.313446,-0.0238076
0.84,0.6,-0.13891,-0.316113,-0.0215277
0.85,0.6,-0.129991,-0.316452,-0.0194496
0.86,0.6,-0.120337,-0.314273,-0.0176065
0.87,0.6,-0.110043,-0.30941,-0.0160282
0.88,0.6,-0.0992298,-0.301728,-0.0147402
0.89,0.6,-0.0880455,-0.29113,-0.013763
0.9,0.6,-0.0766627,-0.277561,-0.0131108
0.91,0.6,-0.0652767,-0.261015,-0.0127913
0.92,0.6,-0.0541011,-0.241537,-0.0128054
0.93,0.6,-0.0433639,-0.219222,-0.0131473
0.94,0.6,-0.0333025,-0.194213,-0.013805
0.95,0.6,-0.0241575,-0.166697,-0.0147609
0.96,0.6,-0.0161714,-0.136897,-0.0160006
0.97,0.6,-0.00957289,-0.105062,-0.0174788
0.98,0.6,-0.00455883,-0.0714563,-0.0191498
0.99,0.6,-0.00164676,-0.0363399,-0.0216813
1,0.6,0,0,-0.0216813
0,0.61,0,0,-0.0444527
0.01,0.61,-0.000313189,0.0202405,-0.0444527
0.02,0.61,-0.000875179,0.0391668,-0.0449534
0.03,0.61,-0.00185922,0.0567929,-0.0453058
0.04,0.61,-0.00317756,0.0731393,-0.0456419
0.05,0.61,-0.00480444,0.0882332,-0.0459581
0.06,0.61,-0.00670877,0.102108,-0.0462516
0.07,0.61,-0.00885765,0.114804,-0.0465256
0.08,0.61,-0.0112191,0.126363,-0.0467828
0.09,0.61,-0.013762,0.136834,-0.0470259
0.1,0.61,-0.0164566,0.146267,-0.0472584
0.11,0.61,-0.0192748,0.154714,-0.0474837
0.12,0.61,-0.0221904,0.16223,-0.0477054
0.13,0.61,-0.0251793,0.168867,-0.0479273
0.14,0.61,-0.0282197,0.174679,-0.048153
0.15,0.61,-0.0312922,0.179718,-0.0483862
0.16,0.61,-0.0343794,0.184035,-0.0486303
0.17,0.61,-0.0374664,0.18768,-0.0488886
0.18,0.61,-0.0405401,0.190698,-0.0491642
0.19,0.61,-0.0435897,0.193132,-0.04946
0.2,0.61,-0.0466064,0.195024,-0.0497785
0.21,0.61,-0.0495828,0.196411,-0.050122
0.22,0.61,-0.0525136,0.197328,-0.0504924
0.23,0.61,-0.0553946,0.197805,-0.0508915
0.24,0.61,-0.0582233,0.197872,-0.0513205
0.25,0.61,-0.0609983,0.197552,-0.0517804
0.26,0.61,-0.0637191,0.196867,-0.0522721
0.27,0.61,-0.0663866,0.195838,-0.0527959
0.28,0.61,-0.0690023,0.194479,-0.0533518
0.29,0.61,-0.0715684,0.192805,-0.0539397
0.3,0.61,-0.0740879,0.190826,-0.054559
0.31,0.61,-0.0765645,0.188552,-0.0552087
0.32,0.61,-0.0790021,0.185988,-0.0558878
0.33,0.61,-0.081405,0.18314,-0.0565946
0.34,0.61,-0.0837782,0.180011,-0.0573274
0.35,0.61,-0.0861266,0.176601,-0.0580839
0.36,0.61,-0.0884555,0.17291,-0.0588616
0.37,0.61,-0.0907701,0.168937,-0.0596576
0.38,0.61,-0.0930761,0.164679,-0.0604688
0.39,0.61,-0.0953787,0.16013,-0.0612915
0.4,0.61,-0.0976835,0.155287,-0.0621219
0.41,0.61,-0.099996,0.150144,-0.0629556
0.42,0.61,-0.102321,0.144694,-0.0637881
0.43,0.61,-0.104664,0.138929,-0.0646142
0.44,0.61,-0.10703,0.132842,-0.0654286
0.45,0.61,-0.109423,0.126424,-0.0662256
0.46,0.61,-0.111848,0.119668,-0.0669991
0.47,0.61,-0.114308,0.112564,-0.0677426
0.48,0.61,-0.116806,0.105104,-0.0684493
0.49,0.61,-0.119346,0.0972784,-0.0691122
0.5,0.61,-0.121929,0.0890786,-0.0697237
0.51,0.61,-0.124556,0.0804963,-0.0702763
0.52,0.61,-0.127229,0.0715234,-0.070762
0.53,0.61,-0.129947,0.0621521,-0.0711726
0.54,0.61,-0.132708,0.0523757,-0.0714998
0.55,0.61,-0.135509,0.042188,-0.0717351
0.56,0.61,-0.138347,0.0315841,-0.0718701
0.57,0.61,-0.141216,0.0205604,-0.0718961
0.58,0.61,-0.144108,0.00911486,-0.0718047
0.59,0.61,-0.147016,-0.00275272,-0.0715877
0.6,0.61,-0.149927,-0.0150402,-0.0712369
0.61,0.61,-0.152828,-0.0277427,-0.0707447
0.62,0.61,-0.155703,-0.0408523,-0.070104
0.63,0.61,-0.158534,-0.0543573,-0.0693081
0.64,0.61,-0.161298,-0.0682418,-0.0683512
0.65,0.61,-0.163971,-0.0824848,-0.0672286
0.66,0.61,-0.166524,-0.0970595,-0.0659364
0.67,0.61,-0.168925,-0.111932,-0.0644723
0.68,0.61,-0.171138,-0.127063,-0.0628354
0.69,0.61,-0.173123,-0.1424,-0.0610266
0.7,0.61,-0.174835,-0.157886,-0.0590488
0.71,0.61,-0.176226,-0.173448,-0.0569071
0.72,0.61,-0.177243,-0.189005,-0.0546091
0.73,0.61,-0.177831,-0.20446,-0.052165
0.74,0.61,-0.177931,-0.219701,-0.0495882
0.75,0.61,-0.177481,-0.234602,-0.0468948
0.76,0.61,-0.17642,-0.24902,-0.0441046
0.77,0.61,-0.174685,-0.262794,-0.0412404
0.78,0.61,-0.172217,-0.275746,-0.0383284
0.79,0.61,-0.168961,-0.287682,-0.0353982
0.8,0.61,-0.164868,-0.298394,-0.0324821
0.81,0.61,-0.1599,-0.307659,-0.0296152
0.82,0.61,-0.154032,-0.315247,-0.0268347
0.83,0.61,-0.147255,-0.32092,-0.0241789
0.84,0.61,-0.13958,-0.324441,-0.021687
0.85,0.61,-0.131041,-0.325582,-0.0193971
0.86,0.61,-0.121698,-0.324127,-0.017346
0.87,0.61,-0.11164,-0.319882,-0.0155674
0.88,0.61,-0.100982,-0.312684,-0.0140908
0.89,0.61,-0.089872,-0.30241,-0.0129404
0.9,0.61,-0.0784836,-0.288978,-0.0121339
0.91,0.61,-0.0670176,-0.272362,-0.0116822
0.92,0.61,-0.0556964,-0.252588,-0.0115885
0.93,0.61,-0.0447602,-0.229736,-0.0118488
0.94,0.61,-0.0344615,-0.203944,-0.012452
0.95,0.61,-0.0250586,-0.175395,-0.0133807
0.96,0.61,-0.0168134,-0.144315,-0.0146201
0.97,0.61,-0.00997513,-0.110961,-0.0161231
0.98,0.61,-0.00476065,-0.0756046,-0.0178413
0.99,0.61,-0.00172264,-0.0385183,-0.0204723
1,0.61,0,0,-0.0204723
0,0.62,0,0,-0.0457822
0.01,0.62,-0.000313585,0.0206491,-0.0457822
0.02,0.62,-0.000876298,0.0399589,-0.0462841
0.03,0.62,-0.00186133,0.0579398,-0.0466371
0.04,0.62,-0.00317982,0.0746101,-0.0469732
0.05,0.62,-0.00480473,0.0899955,-0.0472883
0.06,0.62,-0.00670345,0.104129,-0.0475795
0.07,0.62,-0.00884152,0.11705,-0.0478498
0.08,0.62,-0.0111854,0.128803,-0.0481017
0.09,0.62,-0.0137025,0.139436,-0.048338
0.1,0.62,-0.0163616,0.149002,-0.0485621
0.11,0.62,-0.0191336,0.157555,-0.0487777
0.12,0.62,-0.0219913,0.16515,-0.0489885
0.13,0.62,-0.02491,0.171843,-0.0491985
0.14,0.62,-0.0278673,0.177691,-0.0494116
0.15,0.62,-0.0308434,0.182747,-0.0496317
0.16,0.62,-0.033821,0.187066,-0.0498625
0.17,0.62,-0.036785,0.190697,-0.0501076
0.18,0.62,-0.0397227,0.19369,-0.0503705
0.19,0.62,-0.0426236,0.19609,-0.0506541
0.2,0.62,-0.0454792,0.19794,-0.0509613
0.21,0.62,-0.0482828,0.199278,-0.0512947
0.22,0.62,-0.0510295,0.200142,-0.0516564
0.23,0.62,-0.0537161,0.200564,-0.0520483
0.24,0.62,-0.0563404,0.200572,-0.0524719
0.25,0.62,-0.0589018,0.200194,-0.0529285
0.26,0.62,-0.0614008,0.199452,-0.0534187
0.27,0.62,-0.0638389,0.198367,-0.0539432
0.28,0.62,-0.0662182,0.196954,-0.0545022
0.29,0.62,-0.0685419,0.195229,-0.0550954
0.3,0.62,-0.0708136,0.193203,-0.0557224
0.31,0.62,-0.0730378,0.190886,-0.0563824
0.32,0.62,-0.0752191,0.188284,-0.0570741
0.33,0.62,-0.0773627,0.185402,-0.057796
0.34,0.62,-0.0794742,0.182245,-0.0585464
0.35,0.62,-0.0815592,0.178812,-0.059323
0.36,0.62,-0.0836237,0.175104,-0.0601231
0.37,0.62,-0.0856739,0.17112,-0.060944
0.38,0.62,-0.087716,0.166856,-0.0617824
0.39,0.62,-0.0897561,0.162308,-0.0626346
0.4,0.62,-0.0918004,0.157471,-0.0634966
0.41,0.62,-0.0938553,0.15234,-0.064364
0.42,0.62,-0.0959266,0.146907,-0.0652321
0.43,0.62,-0.0980203,0.141165,-0.0660957
0.44,0.62,-0.100142,0.135106,-0.0669493
0.45,0.62,-0.102297,0.128721,-0.067787
0.46,0.62,-0.104491,0.122002,-0.0686025
0.47,0.62,-0.106729,0.11494,-0.0693892
0.48,0.62,-0.109014,0.107524,-0.0701401
0.49,0.62,-0.11135,0.0997461,-0.0708479
0.5,0.62,-0.113741,0.0915964,-0.0715049
0.51,0.62,-0.116189,0.0830656,-0.0721031
0.52,0.62,-0.118696,0.0741449,-0.0726343
0.53,0.62,-0.121263,0.0648255,-0.07309
0.54,0.62,-0.12389,0.0550996,-0.0734615
0.55,0.62,-0.126574,0.0449598,-0.07374
0.56,0.62,-0.129315,0.0343998,-0.0739165
0.57,0.62,-0.132107,0.0234144,-0.0739821
0.58,0.62,-0.134945,0.0119997,-0.0739278
0.59,0.62,-0.137822,0.000153771,-0.0737448
0.6,0.62,-0.140729,-0.0121235,-0.0734245
0.61,0.62,-0.143653,-0.0248296,-0.0729586
0.62,0.62,-0.146581,-0.0379593,-0.0723392
0.63,0.62,-0.149496,-0.0515038,-0.0715592
0.64,0.62,-0.152377,-0.0654502,-0.070612
0.65,0.62,-0.155202,-0.0797811,-0.0694921
0.66,0.62,-0.157944,-0.0944734,-0.0681948
0.67,0.62,-0.160572,-0.109497,-0.0667169
0.68,0.62,-0.163051,-0.124816,-0.0650568
0.69,0.62,-0.165341,-0.140385,-0.0632143
0.7,0.62,-0.1674,-0.156148,-0.0611917
0.71,0.62,-0.169179,-0.172038,-0.058993
0.72,0.62,-0.170625,-0.187977,-0.0566251
0.73,0.62,-0.171681,-0.203873,-0.0540974
0.74,0.62,-0.172285,-0.219617,-0.0514227
0.75,0.62,-0.172374,-0.235084,-0.0486166
0.76,0.62,-0.171881,-0.250133,-0.0456984
0.77,0.62,-0.170738,-0.264601,-0.042691
0.78,0.62,-0.168879,-0.278309,-0.0396209
0.79,0.62,-0.166241,-0.291057,-0.036518
0.8,0.62,-0.162765,-0.30263,-0.0334158
0.81,0.62,-0.158404,-0.312793,-0.0303507
0.82,0.62,-0.15312,-0.3213,-0.0273619
0.83,0.62,-0.146893,-0.327898,-0.0244902
0.84,0.62,-0.139721,-0.332327,-0.0217776
0.85,0.62,-0.131628,-0.334334,-0.0192657
0.86,0.62,-0.122663,-0.333675,-0.0169952
0.87,0.62,-0.112906,-0.330127,-0.0150037
0.88,0.62,-0.102466,-0.323496,-0.013325
0.89,0.62,-0.0914884,-0.313629,-0.0119874
0.9,0.62,-0.0801466,-0.300416,-0.0110126
0.91,0.62,-0.0686457,-0.283803,-0.0104149
0.92,0.62,-0.0572163,-0.263795,-0.0102005
0.93,0.62,-0.0461107,-0.240457,-0.0103674
0.94,0.62,-0.0355963,-0.213914,-0.0109058
0.95,0.62,-0.02595,-0.184347,-0.0117987
0.96,0.62,-0.0174541,-0.15198,-0.0130314
0.97,0.62,-0.0103796,-0.117078,-0.0145544
0.98,0.62,-0.00496489,-0.079921,-0.0163171
0.99,0.62,-0.0017998,-0.0407919,-0.0190472
1,0.62,0,0,-0.0190472
0,0.63,0,0,-0.0471348
0.01,0.63,-0.000315638,0.0210592,-0.0471348
0.02,0.63,-0.000881912,0.0407537,-0.0476403
0.03,0.63,-0.00187262,0.0590897,-0.0479953
0.04,0.63,-0.00319707,0.0760827,-0.0483324
0.05,0.63,-0.00482652,0.0917571,-0.048647
0.06,0.63,-0.00672644,0.106145,-0.048936
0.07,0.63,-0.00886038,0.119286,-0.0492023
0.08,0.63,-0.0111929,0.131224,-0.049448
0.09,0.63,-0.0136895,0.14201,-0.0496763
0.1,0.63,-0.0163177,0.151698,-0.0498904
0.11,0.63,-0.0190467,0.160344,-0.0500941
0.12,0.63,-0.0218484,0.168006,-0.0502916
0.13,0.63,-0.0246973,0.174743,-0.0504869
0.14,0.63,-0.0275705,0.180612,-0.0506843
0.15,0.63,-0.0304477,0.185672,-0.0508881
0.16,0.63,-0.0333116,0.189977,-0.0511023
0.17,0.63,-0.0361472,0.193582,-0.0513308
0.18,0.63,-0.0389421,0.196536,-0.0515773
0.19,0.63,-0.0416862,0.198889,-0.0518452
0.2,0.63,-0.0443715,0.200683,-0.0521377
0.21,0.63,-0.046992,0.201962,-0.0524574
0.22,0.63,-0.0495435,0.202761,-0.052807
0.23,0.63,-0.0520233,0.203116,-0.0531884
0.24,0.63,-0.0544304,0.203057,-0.0536033
0.25,0.63,-0.0567647,0.202612,-0.0540532
0.26,0.63,-0.0590277,0.201804,-0.054539
0.27,0.63,-0.0612215,0.200655,-0.0550614
0.28,0.63,-0.0633493,0.199182,-0.0556205
0.29,0.63,-0.0654149,0.1974,-0.0562164
0.3,0.63,-0.067423,0.195322,-0.0568486
0.31,0.63,-0.0693785,0.192957,-0.0575163
0.32,0.63,-0.071287,0.190313,-0.0582184
0.33,0.63,-0.0731545,0.187395,-0.0589533
0.34,0.63,-0.0749873,0.184207,-0.0597191
0.35,0.63,-0.0767917,0.180751,-0.0605137
0.36,0.63,-0.0785746,0.177025,-0.0613345
0.37,0.63,-0.0803428,0.173029,-0.0621784
0.38,0.63,-0.0821032,0.168761,-0.0630422
0.39,0.63,-0.0838629,0.164215,-0.0639222
0.4,0.63,-0.0856287,0.159387,-0.0648142
0.41,0.63,-0.0874077,0.15427,-0.0657137
0.42,0.63,-0.0892066,0.148859,-0.066616
0.43,0.63,-0.0910322,0.143144,-0.0675156
0.44,0.63,-0.092891,0.137119,-0.068407
0.45,0.63,-0.0947893,0.130774,-0.0692841
0.46,0.63,-0.0967331,0.1241,-0.0701404
0.47,0.63,-0.0987281,0.117087,-0.0709692
0.48,0.63,-0.10078,0.109725,-0.0717631
0.49,0.63,-0.102892,0.102006,-0.0725147
0.5,0.63,-0.105071,0.0939179,-0.073216
0.51,0.63,-0.107318,0.0854516,-0.0738589
0.52,0.63,-0.109638,0.0765972,-0.0744346
0.53,0.63,-0.112032,0.0673452,-0.0749346
0.54,0.63,-0.114501,0.0576867,-0.0753496
0.55,0.63,-0.117047,0.0476131,-0.0756706
0.56,0.63,-0.119666,0.0371167,-0.0758881
0.57,0.63,-0.122358,0.026191,-0.0759927
0.58,0.63,-0.125119,0.0148304,-0.0759751
0.59,0.63,-0.127941,0.00303106,-0.0758259
0.6,0.63,-0.13082,-0.00920924,-0.075536
0.61,0.63,-0.133743,-0.0218904,-0.0750964
0.62,0.63,-0.136699,-0.0350096,-0.0744988
0.63,0.63,-0.139674,-0.0485611,-0.0737352
0.64,0.63,-0.142649,-0.0625353,-0.0727983
0.65,0.63,-0.145603,-0.0769179,-0.0716818
0.66,0.63,-0.148512,-0.0916899,-0.0703805
0.67,0.63,-0.151345,-0.106826,-0.0688901
0.68,0.63,-0.154071,-0.122293,-0.0672081
0.69,0.63,-0.156651,-0.13805,-0.0653337
0.7,0.63,-0.159042,-0.154048,-0.0632678
0.71,0.63,-0.161198,-0.170223,-0.061014
0.72,0.63,-0.163064,-0.186503,-0.058578
0.73,0.63,-0.164584,-0.2028,-0.0559685
0.74,0.63,-0.165695,-0.219008,-0.0531974
0.75,0.63,-0.166329,-0.235007,-0.0502799
0.76,0.63,-0.166416,-0.250656,-0.0472348
0.77,0.63,-0.165885,-0.265795,-0.0440846
0.78,0.63,-0.164662,-0.280243,-0.0408558
0.79,0.63,-0.162675,-0.293796,-0.0375789
0.8,0.63,-0.159859,-0.306231,-0.0342881
0.81,0.63,-0.156152,-0.317305,-0.0310212
0.82,0.63,-0.151506,-0.326758,-0.0278189
0.83,0.63,-0.145889,-0.334318,-0.0247246
0.84,0.63,-0.139286,-0.339706,-0.0217829
0.85,0.63,-0.131707,-0.34264,-0.0190393
0.86,0.63,-0.123189,-0.34285,-0.0165379
0.87,0.63,-0.113801,-0.340079,-0.0143209
0.88,0.63,-0.103647,-0.334102,-0.0124264
0.89,0.63,-0.0928639,-0.32473,-0.0108874
0.9,0.63,-0.0816258,-0.311822,-0.00972977
0.91,0.63,-0.0701401,-0.295293,-0.00897182
0.92,0.63,-0.0586447,-0.275123,-0.00862301
0.93,0.63,-0.0474032,-0.251357,-0.00868394
0.94,0.63,-0.0366985,-0.224105,-0.00914643
0.95,0.63,-0.0268261,-0.193539,-0.00999418
0.96,0.63,-0.0180901,-0.159886,-0.0112126
0.97,0.63,-0.0107845,-0.123411,-0.0127504
0.98,0.63,-0.00517088,-0.0844057,-0.0145543
0.99,0.63,-0.00187803,-0.0431619,-0.0173827
1,0.63,0,0,-0.0173827
0,0.64,0,0,-0.0485105
0.01,0.64,-0.000319671,0.021473,-0.0485105
0.02,0.64,-0.000892898,0.0415553,-0.0490224
0.03,0.64,-0.00189488,0.0602482,-0.0493811
0.04,0.64,-0.0032322,0.077564,-0.0497204
0.05,0.64,-0.00487394,0.0935252,-0.0500353
0.06,0.64,-0.00678315,0.108163,-0.0503223
0.07,0.64,-0.00892093,0.121517,-0.050584
0.08,0.64,-0.0112495,0.133632,-0.0508227
0.09,0.64,-0.0137323,0.144561,-0.0510413
0.1,0.64,-0.0163348,0.154359,-0.0512434
0.11,0.64,-0.0190249,0.163086,-0.0514329
0.12,0.64,-0.0217732,0.1708,-0.0516142
0.13,0.64,-0.0245531,0.177565,-0.0517918
0.14,0.64,-0.0273413,0.183441,-0.0519702
0.15,0.64,-0.0301172,0.188488,-0.052154
0.16,0.64,-0.0328634,0.192765,-0.0523478
0.17,0.64,-0.0355651,0.196328,-0.0525558
0.18,0.64,-0.0382102,0.199229,-0.052782
0.19,0.64,-0.0407892,0.201519,-0.0530303
0.2,0.64,-0.0432946,0.203245,-0.0533041
0.21,0.64,-0.0457214,0.20445,-0.0536065
0.22,0.64,-0.0480659,0.205173,-0.0539401
0.23,0.64,-0.0503265,0.205451,-0.0543074
0.24,0.64,-0.0525029,0.205314,-0.0547102
0.25,0.64,-0.0545962,0.204792,-0.05515
0.26,0.64,-0.0566085,0.203909,-0.0556281
0.27,0.64,-0.058543,0.202688,-0.0561451
0.28,0.64,-0.0604037,0.201147,-0.0567015
0.29,0.64,-0.0621954,0.199303,-0.0572973
0.3,0.64,-0.0639235,0.197167,-0.0579319
0.31,0.64,-0.0655939,0.19475,-0.0586048
0.32,0.64,-0.0672129,0.19206,-0.0593147
0.33,0.64,-0.0687874,0.189103,-0.0600602
0.34,0.64,-0.0703244,0.185882,-0.0608393
0.35,0.64,-0.0718311,0.182399,-0.0616499
0.36,0.64,-0.073315,0.178655,-0.0624892
0.37,0.64,-0.0747837,0.174648,-0.0633542
0.38,0.64,-0.0762449,0.170376,-0.0642416
0.39,0.64,-0.0777063,0.165833,-0.0651475
0.4,0.64,-0.0791756,0.161016,-0.0660678
0.41,0.64,-0.0806607,0.155918,-0.0669978
0.42,0.64,-0.0821689,0.150531,-0.0679325
0.43,0.64,-0.0837079,0.144849,-0.0688666
0.44,0.64,-0.085285,0.138863,-0.0697943
0.45,0.64,-0.0869074,0.132563,-0.0707092
0.46,0.64,-0.0885819,0.125941,-0.0716049
0.47,0.64,-0.090315,0.118986,-0.0724742
0.48,0.64,-0.0921132,0.111688,-0.0733097
0.49,0.64,-0.0939821,0.104037,-0.0741037
0.5,0.64,-0.0959272,0.0960222,-0.0748481
0.51,0.64,-0.0979531,0.0876329,-0.0755342
0.52,0.64,-0.100064,0.0788586,-0.0761533
0.53,0.64,-0.102263,0.069689,-0.0766962
0.54,0.64,-0.104554,0.0601143,-0.0771536
0.55,0.64,-0.106937,0.0501247,-0.077516
0.56,0.64,-0.109413,0.0397116,-0.0777735
0.57,0.64,-0.111981,0.0288667,-0.0779163
0.58,0.64,-0.114639,0.017583,-0.0779346
0.59,0.64,-0.117384,0.0058548,-0.0778185
0.6,0.64,-0.120208,-0.00632202,-0.0775583
0.61,0.64,-0.123106,-0.0189497,-0.0771446
0.62,0.64,-0.126066,-0.032028,-0.0765684
0.63,0.64,-0.129076,-0.0455539,-0.075821
0.64,0.64,-0.132119,-0.059521,-0.0748945
0.65,0.64,-0.135178,-0.0739186,-0.0737818
0.66,0.64,-0.138229,-0.0887314,-0.0724768
0.67,0.64,-0.141246,-0.103938,-0.0709746
0.68,0.64,-0.144197,-0.119511,-0.0692716
0.69,0.64,-0.147046,-0.135413,-0.0673661
0.7,0.64,-0.149753,-0.1516,-0.0652583
0.71,0.64,-0.15227,-0.168016,-0.0629506
0.72,0.64,-0.154546,-0.184591,-0.0604479
0.73,0.64,-0.156523,-0.201243,-0.0577581
0.74,0.64,-0.158136,-0.217872,-0.054892
0.75,0.64,-0.159319,-0.234362,-0.0518642
0.76,0.64,-0.159996,-0.250576,-0.0486929
0.77,0.64,-0.160092,-0.266355,-0.0454002
0.78,0.64,-0.159527,-0.281518,-0.0420125
0.79,0.64,-0.158222,-0.295861,-0.0385605
0.8,0.64,-0.156102,-0.309153,-0.035079
0.81,0.64,-0.153095,-0.321145,-0.0316068
0.82,0.64,-0.149142,-0.331563,-0.0281863
0.83,0.64,-0.144194,-0.340118,-0.024863
0.84,0.64,-0.138225,-0.34651,-0.0216846
0.85,0.64,-0.131229,-0.350431,-0.0186995
0.86,0.64,-0.12323,-0.35158,-0.0159562
0.87,0.64,-0.114285,-0.349669,-0.0135011
0.88,0.64,-0.104486,-0.344434,-0.0113772
0.89,0.64,-0.0939658,-0.33565,-0.0096221
0.9,0.64,-0.0828935,-0.32314,-0.00826666
0.91,0.64,-0.0714782,-0.306785,-0.00733345
0.92,0.64,-0.0599638,-0.286532,-0.00683577
0.93,0.64,-0.0486246,-0.262404,-0.00677728
0.94,0.64,-0.0377589,-0.234491,-0.00715184
0.95,0.64,-0.0276811,-0.202957,-0.00794422
0.96,0.64,-0.018718,-0.168022,-0.00914018
0.97,0.64,-0.0111881,-0.129957,-0.0106867
0.98,0.64,-0.00537785,-0.0890581,-0.012528
0.99,0.64,-0.00195709,-0.0456288,-0.0154533
1,0.64,0,0,-0.0154533
0,0.65,0,0,-0.0499096
0.01,0.65,-0.000326057,0.0218933,-0.0499096
0.02,0.65,-0.000910255,0.0423689,-0.0504314
0.03,0.65,-0.00193011,0.0614221,-0.0507957
0.04,0.65,-0.00328845,0.0790619,-0.0511386
0.05,0.65,-0.0049516,0.0953084,-0.0514546
0.06,0.65,-0.00687961,0.110192,-0.0517397
0.07,0.65,-0.00903058,0.123752,-0.0519963
0.08,0.65,-0.0113639,0.136035,-0.0522268
0.09,0.65,-0.0138406,0.147096,-0.0524341
0.1,0.65,-0.0164238,0.156991,-0.0526218
0.11,0.65,-0.0190798,0.165783,-0.0527944
0.12,0.65,-0.0217776,0.173534,-0.0529563
0.13,0.65,-0.0244899,0.180311,-0.0531125
0.14,0.65,-0.0271926,0.186176,-0.0532681
0.15,0.65,-0.0298649,0.191194,-0.053428
0.16,0.65,-0.0324892,0.195425,-0.0535972
0.17,0.65,-0.0350512,0.198928,-0.0537804
0.18,0.65,-0.0375392,0.20176,-0.0539821
0.19,0.65,-0.0399442,0.203973,-0.0542065
0.2,0.65,-0.0422598,0.205616,-0.0544574
0.21,0.65,-0.0444815,0.206733,-0.0547382
0.22,0.65,-0.0466069,0.207366,-0.0550518
0.23,0.65,-0.0486351,0.207553,-0.055401
0.24,0.65,-0.050567,0.207327,-0.0557878
0.25,0.65,-0.0524046,0.206718,-0.056214
0.26,0.65,-0.0541512,0.205751,-0.0566809
0.27,0.65,-0.0558107,0.20445,-0.0571893
0.28,0.65,-0.0573884,0.202834,-0.0577398
0.29,0.65,-0.0588899,0.20092,-0.0583324
0.3,0.65,-0.0603215,0.19872,-0.0589667
0.31,0.65,-0.06169,0.196247,-0.0596421
0.32,0.65,-0.0630027,0.193507,-0.0603573
0.33,0.65,-0.0642671,0.190507,-0.0611109
0.34,0.65,-0.0654911,0.187251,-0.061901
0.35,0.65,-0.0666828,0.183741,-0.0627253
0.36,0.65,-0.0678503,0.179978,-0.063581
0.37,0.65,-0.0690021,0.175959,-0.0644651
0.38,0.65,-0.0701466,0.171683,-0.065374
0.39,0.65,-0.0712922,0.167145,-0.066304
0.4,0.65,-0.0724474,0.162341,-0.0672507
0.41,0.65,-0.0736206,0.157264,-0.0682093
0.42,0.65,-0.0748202,0.151906,-0.0691748
0.43,0.65,-0.0760544,0.14626,-0.0701416
0.44,0.65,-0.0773315,0.140318,-0.0711038
0.45,0.65,-0.0786592,0.134071,-0.0720549
0.46,0.65,-0.0800455,0.127507,-0.0729882
0.47,0.65,-0.0814978,0.120618,-0.0738964
0.48,0.65,-0.0830231,0.113393,-0.0747719
0.49,0.65,-0.0846284,0.10582,-0.0756067
0.5,0.65,-0.08632,0.0978888,-0.0763924
0.51,0.65,-0.0881037,0.0895885,-0.0771202
0.52,0.65,-0.0899849,0.0809076,-0.077781
0.53,0.65,-0.0919683,0.071835,-0.0783654
0.54,0.65,-0.0940576,0.06236,-0.0788637
0.55,0.65,-0.0962558,0.052472,-0.079266
0.56,0.65,-0.098565,0.0421609,-0.079562
0.57,0.65,-0.100986,0.0314175,-0.0797416
0.58,0.65,-0.103518,0.0202331,-0.0797944
0.59,0.65,-0.106159,0.0086003,-0.0797102
0.6,0.65,-0.108906,-0.00348687,-0.0794787
0.61,0.65,-0.111752,-0.0160328,-0.07909
0.62,0.65,-0.11469,-0.0290398,-0.0785342
0.63,0.65,-0.117709,-0.0425075,-0.0778024
0.64,0.65,-0.120796,-0.0564326,-0.0768857
0.65,0.65,-0.123933,-0.070808,-0.0757763
0.66,0.65,-0.127102,-0.0856222,-0.0744675
0.67,0.65,-0.130277,-0.100858,-0.0729533
0.68,0.65,-0.133429,-0.116492,-0.0712295
0.69,0.65,-0.136526,-0.132494,-0.0692934
0.7,0.65,-0.139527,-0.148824,-0.0671442
0.71,0.65,-0.142388,-0.16543,-0.0647833
0.72,0.65,-0.145058,-0.182251,-0.0622147
0.73,0.65,-0.147481,-0.199209,-0.0594454
0.74,0.65,-0.149591,-0.216212,-0.0564852
0.75,0.65,-0.15132,-0.233147,-0.0533479
0.76,0.65,-0.152591,-0.249883,-0.050051
0.77,0.65,-0.153325,-0.266264,-0.046616
0.78,0.65,-0.153436,-0.282112,-0.0430691
0.79,0.65,-0.15284,-0.29722,-0.039441
0.8,0.65,-0.151451,-0.311357,-0.0357667
0.81,0.65,-0.149188,-0.324265,-0.0320861
0.82,0.65,-0.145977,-0.335659,-0.0284431
0.83,0.65,-0.141758,-0.345235,-0.024885
0.84,0.65,-0.136487,-0.352671,-0.0214621
0.85,0.65,-0.130145,-0.357635,-0.0182265
0.86,0.65,-0.122739,-0.359794,-0.0152303
0.87,0.65,-0.114313,-0.358823,-0.0125247
0.88,0.65,-0.104945,-0.354422,-0.0101575
0.89,0.65,-0.0947598,-0.346323,-0.00817148
0.9,0.65,-0.0839207,-0.33431,-0.00660271
0.91,0.65,-0.0726363,-0.318223,-0.00547863
0.92,0.65,-0.0611551,-0.297977,-0.00481687
0.93,0.65,-0.049761,-0.273562,-0.00462464
0.94,0.65,-0.0387674,-0.245048,-0.00489834
0.95,0.65,-0.0285083,-0.212582,-0.0056242
0.96,0.65,-0.0193338,-0.176379,-0.00678866
0.97,0.65,-0.0115884,-0.136709,-0.00833711
0.98,0.65,-0.005585,-0.0938767,-0.0102113
0.99,0.65,-0.00203673,-0.0481931,-0.0132314
1,0.65,0,0,-0.0132314
0,0.66,0,0,-0.0513329
0.01,0.66,-0.000335217,0.0223232,-0.0513329
0.02,0.66,-0.00093511,0.0432002,-0.0518687
0.03,0.66,-0.00198058,0.0626193,-0.0522408
0.04,0.66,-0.00336947,0.0805856,-0.0525889
0.05,0.66,-0.00506465,0.0971168,-0.0529069
0.06,0.66,-0.0070225,0.112242,-0.0531901
0.07,0.66,-0.00919748,0.126001,-0.0534411
0.08,0.66,-0.0115457,0.138442,-0.053662
0.09,0.66,-0.014025,0.149621,-0.0538558
0.1,0.66,-0.0165963,0.159599,-0.0540267
0.11,0.66,-0.0192237,0.168439,-0.054179
0.12,0.66,-0.0218747,0.176211,-0.0543179
0.13,0.66,-0.024521,0.18298,-0.0544488
0.14,0.66,-0.0271376,0.188816,-0.0545772
0.15,0.66,-0.0297037,0.193785,-0.0547087
0.16,0.66,-0.0322018,0.197951,-0.0548486
0.17,0.66,-0.0346179,0.201377,-0.0550023
0.18,0.66,-0.036941,0.204122,-0.0551748
0.19,0.66,-0.0391628,0.20624,-0.0553705
0.2,0.66,-0.0412778,0.207783,-0.0555939
0.21,0.66,-0.0432826,0.208797,-0.0558486
0.22,0.66,-0.0451758,0.209327,-0.0561379
0.23,0.66,-0.0469579,0.209411,-0.0564649
0.24,0.66,-0.0486307,0.209083,-0.0568317
0.25,0.66,-0.0501974,0.208376,-0.0572404
0.26,0.66,-0.0516624,0.207315,-0.0576924
0.27,0.66,-0.0530309,0.205925,-0.0581888
0.28,0.66,-0.0543091,0.204227,-0.0587301
0.29,0.66,-0.0555036,0.202236,-0.0593164
0.3,0.66,-0.0566217,0.199967,-0.0599474
0.31,0.66,-0.0576713,0.197431,-0.0606224
0.32,0.66,-0.0586604,0.194637,-0.0613404
0.33,0.66,-0.0595976,0.191591,-0.0620996
0.34,0.66,-0.0604914,0.188298,-0.0628982
0.35,0.66,-0.0613507,0.184759,-0.0637339
0.36,0.66,-0.0621845,0.180975,-0.0646038
0.37,0.66,-0.063002,0.176945,-0.0655048
0.38,0.66,-0.0638123,0.172666,-0.0664334
0.39,0.66,-0.0646246,0.168134,-0.0673854
0.4,0.66,-0.0654481,0.163344,-0.0683565
0.41,0.66,-0.0662918,0.15829,-0.0693419
0.42,0.66,-0.067165,0.152965,-0.0703362
0.43,0.66,-0.0680767,0.14736,-0.0713339
0.44,0.66,-0.0690356,0.141468,-0.0723287
0.45,0.66,-0.0700506,0.135277,-0.0733142
0.46,0.66,-0.0711303,0.128779,-0.0742832
0.47,0.66,-0.0722828,0.121964,-0.0752285
0.48,0.66,-0.0735163,0.114819,-0.0761421
0.49,0.66,-0.0748386,0.107334,-0.0770158
0.5,0.66,-0.076257,0.0994976,-0.077841
0.51,0.66,-0.0777783,0.0912978,-0.0786087
0.52,0.66,-0.0794092,0.0827231,-0.0793094
0.53,0.66,-0.0811553,0.0737617,-0.0799334
0.54,0.66,-0.0830218,0.0644018,-0.0804706
0.55,0.66,-0.0850132,0.0546322,-0.0809109
0.56,0.66,-0.0871328,0.0444417,-0.0812436
0.57,0.66,-0.0893831,0.0338197,-0.0814582
0.58,0.66,-0.0917651,0.0227564,-0.0815438
0.59,0.66,-0.0942788,0.0112428,-0.0814898
0.6,0.66,-0.0969222,-0.000729054,-0.0812853
0.61,0.66,-0.0996916,-0.0131654,-0.0809198
0.62,0.66,-0.102581,-0.026071,-0.0803831
0.63,0.66,-0.105583,-0.0394482,-0.0796654
0.64,0.66,-0.108686,-0.0532965,-0.0787572
0.65,0.66,-0.111876,-0.0676124,-0.0776502
0.66,0.66,-0.115135,-0.082388,-0.0763365
0.67,0.66,-0.118442,-0.0976107,-0.0748097
0.68,0.66,-0.121771,-0.113262,-0.0730645
0.69,0.66,-0.12509,-0.129316,-0.0710973
0.7,0.66,-0.128362,-0.145738,-0.0689065
0.71,0.66,-0.131547,-0.162484,-0.0664924
0.72,0.66,-0.134593,-0.179498,-0.0638581
0.73,0.66,-0.137446,-0.19671,-0.0610095
0.74,0.66,-0.140042,-0.214033,-0.0579555
0.75,0.66,-0.142311,-0.231362,-0.054709
0.76,0.66,-0.144177,-0.248571,-0.0512866
0.77,0.66,-0.145555,-0.26551,-0.0477093
0.78,0.66,-0.146357,-0.282003,-0.0440026
0.79,0.66,-0.146491,-0.297846,-0.0401972
0.8,0.66,-0.145864,-0.312806,-0.0363283
0.81,0.66,-0.144383,-0.326619,-0.0324364
0.82,0.66,-0.141964,-0.338993,-0.0285665
0.83,0.66,-0.13853,-0.349608,-0.0247679
0.84,0.66,-0.134023,-0.358123,-0.0210934
0.85,0.66,-0.128406,-0.364179,-0.0175981
0.86,0.66,-0.121669,-0.367413,-0.0143385
0.87,0.66,-0.11384,-0.367463,-0.0113699
0.88,0.66,-0.104983,-0.363988,-0.00874546
0.89,0.66,-0.0952096,-0.356676,-0.00651346
0.9,0.66,-0.0846764,-0.345264,-0.00471546
0.91,0.66,-0.0735889,-0.329551,-0.00338428
0.92,0.66,-0.0621983,-0.309408,-0.00254245
0.93,0.66,-0.0507973,-0.284792,-0.00220126
0.94,0.66,-0.0397136,-0.255744,-0.00236022
0.95,0.66,-0.0293008,-0.222393,-0.00300744
0.96,0.66,-0.0199335,-0.184942,-0.00413041
0.97,0.66,-0.0119831,-0.143662,-0.00567315
0.98,0.66,-0.00579147,-0.0988591,-0.0075751
0.99,0.66,-0.00211668,-0.0508547,-0.0106872
1,0.66,0,0,-0.0106872
0,0.67,0,0,-0.0527817
0.01,0.67,-0.000347632,0.0227666,-0.0527817
0.02,0.67,-0.000968751,0.0440562,-0.0533361
0.03,0.67,-0.00204888,0.0638492,-0.0537187
0.04,0.67,-0.00347938,0.0821461,-0.0540738
0.05,0.67,-0.00521889,0.0989619,-0.0543947
0.06,0.67,-0.00721928,0.114325,-0.0546762
0.07,0.67,-0.00943067,0.128275,-0.0549207
0.08,0.67,-0.0118052,0.140863,-0.0551303
0.09,0.67,-0.0142973,0.152146,-0.0553084
0.1,0.67,-0.0168649,0.16219,-0.0554591
0.11,0.67,-0.0194699,0.171061,-0.0555876
0.12,0.67,-0.0220781,0.178832,-0.0556993
0.13,0.67,-0.0246599,0.185574,-0.0558003
0.14,0.67,-0.02719,0.191359,-0.0558967
0.15,0.67,-0.0296472,0.196258,-0.0559947
0.16,0.67,-0.0320142,0.200339,-0.0561002
0.17,0.67,-0.0342776,0.203667,-0.0562192
0.18,0.67,-0.0364271,0.206305,-0.0563572
0.19,0.67,-0.0384555,0.20831,-0.0565192
0.2,0.67,-0.0403583,0.209735,-0.0567101
0.21,0.67,-0.0421335,0.210631,-0.0569338
0.22,0.67,-0.0437808,0.211042,-0.0571942
0.23,0.67,-0.045302,0.211008,-0.0574944
0.24,0.67,-0.0467002,0.210567,-0.057837
0.25,0.67,-0.0479801,0.209749,-0.0582242
0.26,0.67,-0.0491471,0.208585,-0.0586576
0.27,0.67,-0.0502077,0.207097,-0.0591383
0.28,0.67,-0.0511693,0.205307,-0.059667
0.29,0.67,-0.0520395,0.203233,-0.0602438
0.3,0.67,-0.0528269,0.200888,-0.0608685
0.31,0.67,-0.05354,0.198285,-0.0615403
0.32,0.67,-0.0541881,0.195433,-0.0622582
0.33,0.67,-0.0547804,0.192338,-0.0630205
0.34,0.67,-0.0553265,0.189004,-0.0638253
0.35,0.67,-0.0558361,0.185434,-0.06467
0.36,0.67,-0.0563188,0.181629,-0.0655519
0.37,0.67,-0.0567846,0.177587,-0.0664677
0.38,0.67,-0.0572434,0.173306,-0.0674137
0.39,0.67,-0.057705,0.168781,-0.0683857
0.4,0.67,-0.0581794,0.164008,-0.0693793
0.41,0.67,-0.0586763,0.15898,-0.0703894
0.42,0.67,-0.0592057,0.153691,-0.0714107
0.43,0.67,-0.0597772,0.148131,-0.0724372
0.44,0.67,-0.0604003,0.142292,-0.0734627
0.45,0.67,-0.0610847,0.136165,-0.0744805
0.46,0.67,-0.0618396,0.129739,-0.0754834
0.47,0.67,-0.0626742,0.123004,-0.0764637
0.48,0.67,-0.0635973,0.115948,-0.0774134
0.49,0.67,-0.0646177,0.10856,-0.078324
0.5,0.67,-0.0657435,0.100829,-0.0791866
0.51,0.67,-0.0669828,0.0927407,-0.079992
0.52,0.67,-0.0683431,0.0842846,-0.0807304
0.53,0.67,-0.0698314,0.0754477,-0.0813917
0.54,0.67,-0.071454,0.066218,-0.0819658
0.55,0.67,-0.0732167,0.056583,-0.0824419
0.56,0.67,-0.0751244,0.0465308,-0.0828091
0.57,0.67,-0.077181,0.0360498,-0.0830564
0.58,0.67,-0.0793894,0.0251288,-0.0831726
0.59,0.67,-0.0817511,0.0137574,-0.0831464
0.6,0.67,-0.0842663,0.00192605,-0.0829668
0.61,0.67,-0.0869333,-0.0103735,-0.0826225
0.62,0.67,-0.0897487,-0.0231482,-0.0821027
0.63,0.67,-0.0927066,-0.0364027,-0.081397
0.64,0.67,-0.0957985,-0.0501398,-0.0804955
0.65,0.67,-0.0990131,-0.0643588,-0.0793889
0.66,0.67,-0.102336,-0.0790559,-0.0780687
0.67,0.67,-0.105747,-0.0942225,-0.0765277
0.68,0.67,-0.109224,-0.109845,-0.0747597
0.69,0.67,-0.11274,-0.125902,-0.0727603
0.7,0.67,-0.116259,-0.142366,-0.0705268
0.71,0.67,-0.119743,-0.159199,-0.0680587
0.72,0.67,-0.123144,-0.176351,-0.065358
0.73,0.67,-0.126409,-0.19376,-0.0624296
0.74,0.67,-0.129476,-0.211346,-0.0592814
0.75,0.67,-0.132276,-0.229012,-0.0559253
0.76,0.67,-0.134731,-0.246639,-0.052377
0.77,0.67,-0.136755,-0.264084,-0.0486566
0.78,0.67,-0.138257,-0.281175,-0.0447893
0.79,0.67,-0.139139,-0.297714,-0.0408051
0.8,0.67,-0.1393,-0.313465,-0.0367395
0.81,0.67,-0.138638,-0.328165,-0.0326332
0.82,0.67,-0.137055,-0.341512,-0.0285323
0.83,0.67,-0.134461,-0.353176,-0.0244877
0.84,0.67,-0.130782,-0.362796,-0.0205544
0.85,0.67,-0.125961,-0.369989,-0.0167908
0.86,0.67,-0.119972,-0.374359,-0.013257
0.87,0.67,-0.112821,-0.375509,-0.0100131
0.88,0.67,-0.104557,-0.373052,-0.00711744
0.89,0.67,-0.0952774,-0.366631,-0.00462406
0.9,0.67,-0.0851279,-0.355931,-0.00258046
0.91,0.67,-0.0743089,-0.340702,-0.00102532
0.92,0.67,-0.0630721,-0.32077,1.33885e-05
0.93,0.67,-0.0517174,-0.296048,0.00051966
0.94,0.67,-0.040586,-0.266545,0.000490336
0.95,0.67,-0.0300512,-0.232364,-6.51162e-05
0.96,0.67,-0.0205125,-0.193697,-0.00113564
0.97,0.67,-0.0123702,-0.150806,-0.00266416
0.98,0.67,-0.00599631,-0.104002,-0.00458791
0.99,0.67,-0.00219665,-0.053613,-0.00778877
1,0.67,0,0,-0.00778877
0,0.68,0,0,-0.054258
0.01,0.68,-0.000363856,0.023228,-0.054258
0.02,0.68,-0.00101265,0.044945,-0.0548364
0.03,0.68,-0.00213792,0.0651224,-0.0552324
0.04,0.68,-0.00362281,0.0837558,-0.0555966
0.05,0.68,-0.00542077,0.100857,-0.0559214
0.06,0.68,-0.00747823,0.116454,-0.0562011
0.07,0.68,-0.0097401,0.130587,-0.0564381
0.08,0.68,-0.0121538,0.143309,-0.0566345
0.09,0.68,-0.01467,0.154681,-0.0567939
0.1,0.68,-0.017243,0.164771,-0.0569209
0.11,0.68,-0.0198323,0.173653,-0.0570213
0.12,0.68,-0.0224019,0.181401,-0.0571011
0.13,0.68,-0.024921,0.188092,-0.057167
0.14,0.68,-0.0273636,0.193803,-0.0572259
0.15,0.68,-0.0297085,0.198609,-0.0572847
0.16,0.68,-0.0319389,0.202582,-0.0573501
0.17,0.68,-0.0340419,0.20579,-0.0574287
0.18,0.68,-0.0360083,0.2083,-0.0575265
0.19,0.68,-0.0378321,0.210171,-0.0576493
0.2,0.68,-0.0395101,0.211461,-0.0578022
0.21,0.68,-0.0410417,0.21222,-0.0579899
0.22,0.68,-0.0424281,0.212495,-0.0582164
0.23,0.68,-0.0436727,0.21233,-0.0584852
0.24,0.68,-0.04478,0.211761,-0.0587991
0.25,0.68,-0.045756,0.210822,-0.0591606
0.26,0.68,-0.0466076,0.209543,-0.0595713
0.27,0.68,-0.0473428,0.207948,-0.0600326
0.28,0.68,-0.0479698,0.206058,-0.0605452
0.29,0.68,-0.0484979,0.203893,-0.0611093
0.3,0.68,-0.0489365,0.201467,-0.0617246
0.31,0.68,-0.0492953,0.198792,-0.0623904
0.32,0.68,-0.0495844,0.195877,-0.0631055
0.33,0.68,-0.0498141,0.192729,-0.0638683
0.34,0.68,-0.0499947,0.189353,-0.0646767
0.35,0.68,-0.0501369,0.185751,-0.0655282
0.36,0.68,-0.050251,0.181923,-0.0664198
0.37,0.68,-0.0503477,0.177869,-0.0673481
0.38,0.68,-0.0504377,0.173586,-0.0683094
0.39,0.68,-0.0505314,0.16907,-0.0692994
0.4,0.68,-0.0506395,0.164316,-0.0703134
0.41,0.68,-0.0507725,0.159317,-0.0713463
0.42,0.68,-0.0509408,0.154066,-0.0723924
0.43,0.68,-0.0511548,0.148555,-0.0734458
0.44,0.68,-0.0514249,0.142775,-0.0745
0.45,0.68,-0.0517612,0.136717,-0.0755481
0.46,0.68,-0.0521738,0.130369,-0.0765826
0.47,0.68,-0.0526726,0.123721,-0.0775959
0.48,0.68,-0.0532672,0.116762,-0.0785794
0.49,0.68,-0.0539672,0.10948,-0.0795247
0.5,0.68,-0.0547818,0.101863,-0.0804224
0.51,0.68,-0.0557199,0.0938975,-0.0812631
0.52,0.68,-0.0567901,0.0855717,-0.0820368
0.53,0.68,-0.0580004,0.0768726,-0.0827332
0.54,0.68,-0.0593584,0.0677872,-0.0833415
0.55,0.68,-0.0608712,0.0583026,-0.0838508
0.56,0.68,-0.0625451,0.048406,-0.0842499
0.57,0.68,-0.0643855,0.0380847,-0.0845273
0.58,0.68,-0.0663969,0.0273265,-0.0846714
0.59,0.68,-0.0685828,0.0161197,-0.0846705
0.6,0.68,-0.070945,0.00445325,-0.0845129
0.61,0.68,-0.0734843,-0.00768294,-0.084187
0.62,0.68,-0.0761992,-0.0202977,-0.0836815
0.63,0.68,-0.0790864,-0.0333983,-0.0829853
0.64,0.68,-0.08214,-0.0469899,-0.0820878
0.65,0.68,-0.0853514,-0.0610753,-0.080979
0.66,0.68,-0.0887088,-0.075654,-0.0796499
0.67,0.68,-0.0921964,-0.0907216,-0.0780923
0.68,0.68,-0.0957944,-0.106269,-0.0762993
0.69,0.68,-0.0994778,-0.122281,-0.0742655
0.7,0.68,-0.103216,-0.138735,-0.0719875
0.71,0.68,-0.106974,-0.155599,-0.0694636
0.72,0.68,-0.110706,-0.172832,-0.0666949
0.73,0.68,-0.114361,-0.190377,-0.0636852
0.74,0.68,-0.117882,-0.208166,-0.0604415
0.75,0.68,-0.121198,-0.226107,-0.0569746
0.76,0.68,-0.124233,-0.244091,-0.0532991
0.77,0.68,-0.126901,-0.261983,-0.0494344
0.78,0.68,-0.129108,-0.279619,-0.0454048
0.79,0.68,-0.13075,-0.296803,-0.04124
0.8,0.68,-0.13172,-0.313307,-0.0369751
0.81,0.68,-0.131908,-0.328864,-0.0326512
0.82,0.68,-0.131204,-0.343169,-0.028315
0.83,0.68,-0.129503,-0.355881,-0.0240188
0.84,0.68,-0.126713,-0.366623,-0.0198197
0.85,0.68,-0.122759,-0.37499,-0.0157789
0.86,0.68,-0.117595,-0.380553,-0.0119603
0.87,0.68,-0.111206,-0.382878,-0.00842874
0.88,0.68,-0.103623,-0.381531,-0.00524773
0.89,0.68,-0.094923,-0.376106,-0.00247729
0.9,0.68,-0.0852408,-0.366233,-0.000171237
0.91,0.68,-0.0747677,-0.351607,0.0016254
0.92,0.68,-0.0637538,-0.332001,0.00287863
0.93,0.68,-0.0525042,-0.307279,0.00356711
0.94,0.68,-0.0413725,-0.277411,0.00368338
0.95,0.68,-0.0307514,-0.242469,0.00323391
0.96,0.68,-0.0210661,-0.202624,0.00222786
0.97,0.68,-0.012747,-0.158131,0.000723004
0.98,0.68,-0.00619857,-0.109301,-0.00121582
0.99,0.68,-0.00227635,-0.0564672,-0.00450127
1,0.68,0,0,-0.00450127
0,0.69,0,0,-0.0557645
0.01,0.69,-0.000384522,0.0237124,-0.0557645
0.02,0.69,-0.00106847,0.0458759,-0.0563731
0.03,0.69,-0.00225102,0.0664515,-0.0567859
0.04,0.69,-0.00380501,0.0854291,-0.0571614
0.05,0.69,-0.00567754,0.102818,-0.0574912
0.06,0.69,-0.00780854,0.118644,-0.057769
0.07,0.69,-0.0101367,0.132951,-0.0579971
0.08,0.69,-0.0126041,0.145793,-0.0581778
0.09,0.69,-0.0151566,0.157236,-0.0583151
0.1,0.69,-0.0177449,0.167352,-0.0584143
0.11,0.69,-0.0203257,0.17622,-0.0584815
0.12,0.69,-0.0228608,0.18392,-0.0585239
0.13,0.69,-0.0253185,0.190535,-0.0585489
0.14,0.69,-0.0276721,0.196146,-0.0585642
0.15,0.69,-0.0299006,0.200833,-0.0585775
0.16,0.69,-0.0319877,0.204672,-0.0585964
0.17,0.69,-0.0339214,0.207737,-0.0586283
0.18,0.69,-0.0356938,0.210095,-0.0586798
0.19,0.69,-0.0373004,0.211812,-0.0587573
0.2,0.69,-0.0387396,0.212945,-0.0588666
0.21,0.69,-0.0400123,0.213549,-0.0590127
0.22,0.69,-0.0411217,0.213673,-0.0592
0.23,0.69,-0.0420725,0.21336,-0.0594324
0.24,0.69,-0.0428712,0.21265,-0.059713
0.25,0.69,-0.0435252,0.211577,-0.0600444
0.26,0.69,-0.0440431,0.210171,-0.0604285
0.27,0.69,-0.044434,0.208459,-0.0608666
0.28,0.69,-0.044708,0.206462,-0.0613596
0.29,0.69,-0.0448751,0.204199,-0.0619076
0.3,0.69,-0.0449462,0.201685,-0.0625104
0.31,0.69,-0.0449321,0.198933,-0.0631673
0.32,0.69,-0.0448439,0.195952,-0.0638769
0.33,0.69,-0.0446927,0.192748,-0.0646377
0.34,0.69,-0.04449,0.189327,-0.0654473
0.35,0.69,-0.0442468,0.185691,-0.0663032
0.36,0.69,-0.0439747,0.18184,-0.0672023
0.37,0.69,-0.0436849,0.177774,-0.0681411
0.38,0.69,-0.0433887,0.173489,-0.0691156
0.39,0.69,-0.0430974,0.168983,-0.0701215
0.4,0.69,-0.0428221,0.164249,-0.0711538
0.41,0.69,-0.0425741,0.159282,-0.0722074
0.42,0.69,-0.0423645,0.154073,-0.0732763
0.43,0.69,-0.0422042,0.148615,-0.0743546
0.44,0.69,-0.0421042,0.142899,-0.0754353
0.45,0.69,-0.0420754,0.136914,-0.0765115
0.46,0.69,-0.0421285,0.130651,-0.0775756
0.47,0.69,-0.0422741,0.124098,-0.0786195
0.48,0.69,-0.0425226,0.117243,-0.0796346
0.49,0.69,-0.0428844,0.110075,-0.0806121
0.5,0.69,-0.0433696,0.102581,-0.0815425
0.51,0.69,-0.0439879,0.094749,-0.0824161
0.52,0.69,-0.0447489,0.086565,-0.0832224
0.53,0.69,-0.0456617,0.0780161,-0.083951
0.54,0.69,-0.0467352,0.0690889,-0.0845908
0.55,0.69,-0.0479775,0.0597697,-0.0851306
0.56,0.69,-0.0493963,0.0500451,-0.0855586
0.57,0.69,-0.0509985,0.0399017,-0.085863
0.58,0.69,-0.0527904,0.0293261,-0.0860319
0.59,0.69,-0.0547769,0.0183056,-0.086053
0.6,0.69,-0.0569621,0.00682765,-0.0859143
0.61,0.69,-0.0593486,-0.00511931,-0.0856036
0.62,0.69,-0.0619372,-0.017546,-0.0851091
0.63,0.69,-0.0647271,-0.0304618,-0.084419
0.64,0.69,-0.0677151,-0.0438746,-0.0835222
0.65,0.69,-0.0708954,-0.0577899,-0.0824081
0.66,0.69,-0.0742591,-0.0722108,-0.0810668
0.67,0.69,-0.077794,-0.0871368,-0.0794894
0.68,0.69,-0.0814833,-0.102563,-0.0776683
0.69,0.69,-0.085306,-0.11848,-0.0755972
0.7,0.69,-0.0892352,-0.13487,-0.0732717
0.71,0.69,-0.093238,-0.15171,-0.0706893
0.72,0.69,-0.0972744,-0.168963,-0.0678501
0.73,0.69,-0.101297,-0.186584,-0.0647567
0.74,0.69,-0.105248,-0.204509,-0.0614151
0.75,0.69,-0.109063,-0.22266,-0.0578351
0.76,0.69,-0.112666,-0.240935,-0.0540302
0.77,0.69,-0.11597,-0.259209,-0.0500191
0.78,0.69,-0.11888,-0.277327,-0.0458249
0.79,0.69,-0.121291,-0.295101,-0.0414768
0.8,0.69,-0.123088,-0.312307,-0.0370096
0.81,0.69,-0.124153,-0.328681,-0.0324642
0.82,0.69,-0.124365,-0.343917,-0.027888
0.83,0.69,-0.123605,-0.357667,-0.0233344
0.84,0.69,-0.121764,-0.369539,-0.0188622
0.85,0.69,-0.118748,-0.379107,-0.0145354
0.86,0.69,-0.114488,-0.385913,-0.0104214
0.87,0.69,-0.108947,-0.389482,-0.00658949
0.88,0.69,-0.102133,-0.389336,-0.0031087
0.89,0.69,-0.0941046,-0.385013,-4.51392e-05
0.9,0.69,-0.0849783,-0.376087,0.00254077
0.91,0.69,-0.0749348,-0.36219,0.00459718
0.92,0.69,-0.0642191,-0.343034,0.00608348
0.93,0.69,-0.0531393,-0.31843,0.00697234
0.94,0.69,-0.04206,-0.288298,0.00725131
0.95,0.69,-0.0313931,-0.252673,0.00692323
0.96,0.69,-0.0215894,-0.211702,0.00599478
0.97,0.69,-0.0131112,-0.165625,0.00452407
0.98,0.69,-0.00639724,-0.11475,0.00257774
0.99,0.69,-0.00235548,-0.0594158,-0.000787378
1,0.69,0,0,-0.000787378
0,0.7,0,0,-0.057305
0.01,0.7,-0.000410363,0.0242259,-0.057305
0.02,0.7,-0.00113816,0.0468597,-0.057951
0.03,0.7,-0.00239197,0.0678507,-0.0583844
0.04,0.7,-0.00403189,0.0871825,-0.0587737
0.05,0.7,-0.00599734,0.104861,-0.0591095
0.06,0.7,-0.00822042,0.120913,-0.0593849
0.07,0.7,-0.0106326,0.135383,-0.0596023
0.08,0.7,-0.0131694,0.148329,-0.0597643
0.09,0.7,-0.0157716,0.159822,-0.0598755
0.1,0.7,-0.0183857,0.16994,-0.0599417
0.11,0.7,-0.0209651,0.178769,-0.0599702
0.12,0.7,-0.0234698,0.186393,-0.0599689
0.13,0.7,-0.0258666,0.192903,-0.0599462
0.14,0.7,-0.0281288,0.198385,-0.059911
0.15,0.7,-0.0302354,0.202925,-0.0598718
0.16,0.7,-0.032171,0.206602,-0.0598373
0.17,0.7,-0.0339251,0.209496,-0.0598155
0.18,0.7,-0.035491,0.211679,-0.059814
0.19,0.7,-0.0368661,0.213217,-0.0598398
0.2,0.7,-0.0380507,0.214173,-0.0598993
0.21,0.7,-0.0390476,0.214602,-0.0599979
0.22,0.7,-0.0398619,0.214556,-0.0601406
0.23,0.7,-0.0405003,0.21408,-0.0603315
0.24,0.7,-0.0409712,0.213214,-0.060574
0.25,0.7,-0.0412837,0.211994,-0.0608709
0.26,0.7,-0.0414481,0.210452,-0.0612241
0.27,0.7,-0.0414751,0.208612,-0.0616353
0.28,0.7,-0.0413761,0.206499,-0.062105
0.29,0.7,-0.0411627,0.204132,-0.0626337
0.3,0.7,-0.0408469,0.201524,-0.063221
0.31,0.7,-0.0404407,0.19869,-0.0638661
0.32,0.7,-0.0399561,0.195638,-0.0645676
0.33,0.7,-0.0394054,0.192375,-0.0653238
0.34,0.7,-0.0388007,0.188907,-0.0661323
0.35,0.7,-0.0381542,0.185236,-0.0669904
0.36,0.7,-0.037478,0.181361,-0.0678948
0.37,0.7,-0.0367841,0.177283,-0.0688419
0.38,0.7,-0.0360844,0.172999,-0.0698276
0.39,0.7,-0.0353909,0.168503,-0.0708473
0.4,0.7,-0.0347153,0.163792,-0.071896
0.41,0.7,-0.0340696,0.158859,-0.0729682
0.42,0.7,-0.0334653,0.153696,-0.074058
0.43,0.7,-0.032914,0.148295,-0.0751589
0.44,0.7,-0.0324273,0.142646,-0.0762641
0.45,0.7,-0.0320167,0.136741,-0.0773663
0.46,0.7,-0.0316936,0.130568,-0.0784576
0.47,0.7,-0.0314692,0.124116,-0.0795298
0.48,0.7,-0.0313546,0.117373,-0.0805741
0.49,0.7,-0.0313609,0.110327,-0.0815813
0.5,0.7,-0.0314991,0.102966,-0.0825418
0.51,0.7,-0.0317797,0.0952768,-0.0834454
0.52,0.7,-0.0322132,0.0872456,-0.0842816
0.53,0.7,-0.0328097,0.0788589,-0.0850395
0.54,0.7,-0.0335793,0.070103,-0.0857078
0.55,0.7,-0.0345312,0.0609638,-0.0862747
0.56,0.7,-0.0356744,0.0514271,-0.0867284
0.57,0.7,-0.0370174,0.0414789,-0.0870565
0.58,0.7,-0.0385677,0.031105,-0.0872467
0.59,0.7,-0.0403322,0.0202915,-0.0872864
0.6,0.7,-0.0423168,0.00902495,-0.0871629
0.61,0.7,-0.0445261,-0.00270779,-0.0868637
0.62,0.7,-0.0469632,-0.0149191,-0.0863762
0.63,0.7,-0.0496298,-0.0276203,-0.0856884
0.64,0.7,-0.0525252,-0.0408215,-0.0847884
0.65,0.7,-0.0556465,-0.0545311,-0.0836649
0.66,0.7,-0.0589882,-0.0687553,-0.0823074
0.67,0.7,-0.0625411,-0.0834973,-0.0807063
0.68,0.7,-0.0662922,-0.0987568,-0.0788531
0.69,0.7,-0.0702243,-0.114529,-0.0767408
0.7,0.7,-0.0743143,-0.130802,-0.074364
0.71,0.7,-0.0785335,-0.14756,-0.0717193
0.72,0.7,-0.082846,-0.164773,-0.0688058
0.73,0.7,-0.0872078,-0.182403,-0.0656251
0.74,0.7,-0.0915662,-0.200399,-0.0621823
0.75,0.7,-0.0958585,-0.218689,-0.0584859
0.76,0.7,-0.100012,-0.237184,-0.0545485
0.77,0.7,-0.10394,-0.255768,-0.0503875
0.78,0.7,-0.107549,-0.274298,-0.0460254
0.79,0.7,-0.11073,-0.292595,-0.0414905
0.8,0.7,-0.113366,-0.310444,-0.036817
0.81,0.7,-0.115331,-0.327586,-0.0320457
0.82,0.7,-0.116492,-0.343716,-0.0272242
0.83,0.7,-0.116719,-0.358481,-0.0224067
0.84,0.7,-0.115885,-0.37148,-0.0176538
0.85,0.7,-0.113874,-0.382266,-0.0130317
0.86,0.7,-0.110597,-0.390355,-0.00861129
0.87,0.7,-0.105991,-0.395232,-0.00446622
0.88,0.7,-0.10004,-0.396374,-0.000670866
0.89,0.7,-0.0927777,-0.393261,0.0027024
0.9,0.7,-0.0843019,-0.385404,0.00558623
0.91,0.7,-0.0747776,-0.372367,0.00792152
0.92,0.7,-0.064442,-0.353797,0.00966046
0.93,0.7,-0.0536031,-0.329439,0.010769
0.94,0.7,-0.0426349,-0.299157,0.0112291
0.95,0.7,-0.031967,-0.262942,0.011039
0.96,0.7,-0.0220771,-0.220906,0.0102026
0.97,0.7,-0.01346,-0.173273,0.00877758
0.98,0.7,-0.0065913,-0.120343,0.00683224
0.99,0.7,-0.00243373,-0.0624571,0.0033932
1,0.7,0,0,0.0033932
0,0.71,0,0,-0.0588842
0.01,0.71,-0.000442227,0.0247754,-0.0588842
0.02,0.71,-0.00122393,0.047909,-0.0595761
0.03,0.71,-0.0025651,0.0693364,-0.0600342
0.04,0.71,-0.00431016,0.0890346,-0.0604399
0.05,0.71,-0.00638927,0.107007,-0.0607827
0.06,0.71,-0.00872522,0.12328,-0.061055
0.07,0.71,-0.0112408,0.1379,-0.0612594
0.08,0.71,-0.0138644,0.150932,-0.0613991
0.09,0.71,-0.0165305,0.162452,-0.0614792
0.1,0.71,-0.019181,0.172546,-0.0615066
0.11,0.71,-0.0217661,0.181304,-0.0614897
0.12,0.71,-0.0242435,0.188822,-0.0614374
0.13,0.71,-0.026579,0.195194,-0.0613595
0.14,0.71,-0.0287457,0.200515,-0.0612659
0.15,0.71,-0.0307233,0.204875,-0.0611665
0.16,0.71,-0.0324975,0.208362,-0.0610707
0.17,0.71,-0.0340593,0.211057,-0.0609878
0.18,0.71,-0.0354041,0.213036,-0.060926
0.19,0.71,-0.0365312,0.214371,-0.0608932
0.2,0.71,-0.0374432,0.215126,-0.0608962
0.21,0.71,-0.0381452,0.21536,-0.0609413
0.22,0.71,-0.0386445,0.215125,-0.0610336
0.23,0.71,-0.0389501,0.214469,-0.0611777
0.24,0.71,-0.0390721,0.213433,-0.0613771
0.25,0.71,-0.039022,0.212054,-0.0616349
0.26,0.71,-0.0388116,0.210363,-0.0619532
0.27,0.71,-0.0384536,0.208387,-0.0623335
0.28,0.71,-0.0379607,0.20615,-0.0627766
0.29,0.71,-0.0373461,0.20367,-0.0632828
0.3,0.71,-0.0366229,0.200963,-0.0638515
0.31,0.71,-0.0358044,0.198042,-0.0644821
0.32,0.71,-0.0349039,0.194916,-0.0651729
0.33,0.71,-0.0339344,0.191593,-0.0659221
0.34,0.71,-0.0329089,0.188076,-0.0667272
0.35,0.71,-0.0318406,0.184368,-0.0675852
0.36,0.71,-0.0307421,0.18047,-0.0684929
0.37,0.71,-0.0296263,0.17638,-0.0694464
0.38,0.71,-0.0285058,0.172096,-0.0704413
0.39,0.71,-0.0273929,0.167614,-0.0714728
0.4,0.71,-0.0263003,0.162928,-0.0725359
0.41,0.71,-0.0252401,0.158032,-0.0736248
0.42,0.71,-0.0242246,0.152918,-0.0747333
0.43,0.71,-0.0232661,0.147577,-0.0758548
0.44,0.71,-0.0223765,0.142002,-0.0769824
0.45,0.71,-0.0215679,0.13618,-0.0781083
0.46,0.71,-0.0208523,0.130103,-0.0792245
0.47,0.71,-0.0202415,0.123759,-0.0803227
0.48,0.71,-0.0197473,0.117135,-0.0813936
0.49,0.71,-0.0193815,0.11022,-0.082428
0.5,0.71,-0.0191557,0.103,-0.0834158
0.51,0.71,-0.0190814,0.0954631,-0.0843467
0.52,0.71,-0.0191698,0.0875951,-0.0852098
0.53,0.71,-0.0194322,0.0793823,-0.0859939
0.54,0.71,-0.0198793,0.0708103,-0.0866873
0.55,0.71,-0.0205217,0.0618649,-0.0872781
0.56,0.71,-0.0213697,0.0525314,-0.0877539
0.57,0.71,-0.022433,0.042795,-0.088102
0.58,0.71,-0.0237208,0.0326411,-0.0883097
0.59,0.71,-0.0252415,0.0220548,-0.0883639
0.6,0.71,-0.0270029,0.0110216,-0.0882515
0.61,0.71,-0.0290114,-0.000472828,-0.0879595
0.62,0.71,-0.0312726,-0.0124422,-0.0874749
0.63,0.71,-0.0337904,-0.0248998,-0.0867848
0.64,0.71,-0.0365669,-0.0378577,-0.085877
0.65,0.71,-0.0396022,-0.0513268,-0.0847395
0.66,0.71,-0.0428936,-0.0653162,-0.0833611
0.67,0.71,-0.0464356,-0.0798326,-0.0817314
0.68,0.71,-0.050219,-0.0948798,-0.0798414
0.69,0.71,-0.0542303,-0.110458,-0.077683
0.7,0.71,-0.0584508,-0.126561,-0.07525
0.71,0.71,-0.0628561,-0.143178,-0.0725383
0.72,0.71,-0.0674148,-0.160289,-0.0695458
0.73,0.71,-0.0720876,-0.177863,-0.0662733
0.74,0.71,-0.076826,-0.195858,-0.0627245
0.75,0.71,-0.0815715,-0.214215,-0.0589072
0.76,0.71,-0.0862542,-0.232853,-0.0548327
0.77,0.71,-0.0907919,-0.251671,-0.0505175
0.78,0.71,-0.0950897,-0.270536,-0.045983
0.79,0.71,-0.0990395,-0.289283,-0.0412565
0.8,0.71,-0.102521,-0.307706,-0.0363717
0.81,0.71,-0.105401,-0.325555,-0.0313691
0.82,0.71,-0.107541,-0.342529,-0.0262961
0.83,0.71,-0.108796,-0.358274,-0.0212077
0.84,0.71,-0.109021,-0.372384,-0.0161656
0.85,0.71,-0.108084,-0.384395,-0.0112384
0.86,0.71,-0.105867,-0.393796,-0.00650001
0.87,0.71,-0.102284,-0.400039,-0.00202831
0.88,0.71,-0.097291,-0.40255,0.002097
0.89,0.71,-0.0908954,-0.400752,0.00579723
0.9,0.71,-0.0831701,-0.394088,0.00899787
0.91,0.71,-0.0742615,-0.382051,0.0116321
0.92,0.71,-0.0643946,-0.364209,0.0136444
0.93,0.71,-0.0538746,-0.340238,0.0149933
0.94,0.71,-0.0430822,-0.309934,0.0156542
0.95,0.71,-0.0324638,-0.273234,0.0156203
0.96,0.71,-0.0225237,-0.23021,0.0148916
0.97,0.71,-0.0137907,-0.181058,0.0135251
0.98,0.71,-0.00677973,-0.126072,0.0115902
0.99,0.71,-0.00251081,-0.0655887,0.00808388
1,0.71,0,0,0.00808388
0,0.72,0,0,-0.0605086
0.01,0.72,-0.000481098,0.025369,-0.0605086
0.02,0.72,-0.00132834,0.049038,-0.0612557
0.03,0.72,-0.00277534,0.0709274,-0.0617433
0.04,0.72,-0.00464743,0.0910069,-0.0621683
0.05,0.72,-0.00686356,0.109277,-0.0625189
0.06,0.72,-0.00933544,0.125765,-0.0627868
0.07,0.72,-0.0119758,0.140522,-0.0629753
0.08,0.72,-0.0147045,0.153619,-0.063088
0.09,0.72,-0.0174493,0.165139,-0.0631311
0.1,0.72,-0.020147,0.175176,-0.0631128
0.11,0.72,-0.022744,0.183831,-0.0630426
0.12,0.72,-0.0251961,0.191206,-0.0629311
0.13,0.72,-0.0274682,0.197406,-0.0627893
0.14,0.72,-0.0295334,0.20253,-0.0626286
0.15,0.72,-0.0313724,0.206676,-0.0624602
0.16,0.72,-0.0329726,0.209938,-0.0622947
0.17,0.72,-0.0343269,0.212403,-0.0621423
0.18,0.72,-0.0354331,0.214151,-0.0620124
0.19,0.72,-0.0362931,0.215256,-0.0619135
0.2,0.72,-0.036912,0.215786,-0.0618533
0.21,0.72,-0.0372975,0.215803,-0.0618383
0.22,0.72,-0.0374595,0.21536,-0.0618743
0.23,0.72,-0.0374093,0.214507,-0.0619661
0.24,0.72,-0.0371596,0.213286,-0.0621175
0.25,0.72,-0.0367237,0.211734,-0.0623317
0.26,0.72,-0.0361157,0.209883,-0.0626109
0.27,0.72,-0.0353498,0.207762,-0.0629566
0.28,0.72,-0.0344406,0.205392,-0.0633696
0.29,0.72,-0.0334027,0.202794,-0.06385
0.3,0.72,-0.0322507,0.199982,-0.0643974
0.31,0.72,-0.030999,0.196971,-0.0650108
0.32,0.72,-0.029662,0.193768,-0.0656885
0.33,0.72,-0.0282537,0.190381,-0.0664284
0.34,0.72,-0.0267881,0.186813,-0.0672279
0.35,0.72,-0.025279,0.183069,-0.068084
0.36,0.72,-0.02374,0.179147,-0.0689929
0.37,0.72,-0.0221843,0.175047,-0.0699508
0.38,0.72,-0.0206253,0.170765,-0.070953
0.39,0.72,-0.0190761,0.166298,-0.0719946
0.4,0.72,-0.0175495,0.16164,-0.0730701
0.41,0.72,-0.0160584,0.156783,-0.0741737
0.42,0.72,-0.0146156,0.151722,-0.075299
0.43,0.72,-0.0132337,0.146447,-0.0764392
0.44,0.72,-0.0119253,0.140948,-0.0775869
0.45,0.72,-0.010703,0.135217,-0.0787343
0.46,0.72,-0.00957911,0.129241,-0.0798732
0.47,0.72,-0.0085662,0.123011,-0.0809948
0.48,0.72,-0.00767664,0.116513,-0.0820899
0.49,0.72,-0.00692277,0.109736,-0.0831487
0.5,0.72,-0.00631687,0.102666,-0.084161
0.51,0.72,-0.00587118,0.0952909,-0.0851162
0.52,0.72,-0.0055978,0.0875963,-0.086003
0.53,0.72,-0.00550876,0.0795684,-0.08681
0.54,0.72,-0.00561589,0.0711926,-0.0875252
0.55,0.72,-0.00593083,0.0624543,-0.0881362
0.56,0.72,-0.00646497,0.0533384,-0.0886303
0.57,0.72,-0.00722935,0.04383,-0.0889945
0.58,0.72,-0.00823458,0.0339135,-0.0892155
0.59,0.72,-0.00949074,0.0235736,-0.08928
0.6,0.72,-0.0110072,0.0127949,-0.0891743
0.61,0.72,-0.0127927,0.00156207,-0.0888848
0.62,0.72,-0.0148546,-0.01014,-0.0883982
0.63,0.72,-0.0171993,-0.0223259,-0.0877009
0.64,0.72,-0.0198316,-0.0350096,-0.0867802
0.65,0.72,-0.0227543,-0.0482043,-0.0856234
0.66,0.72,-0.0259682,-0.0619217,-0.0842187
0.67,0.72,-0.029471,-0.0761718,-0.082555
0.68,0.72,-0.0332574,-0.090962,-0.0806224
0.69,0.72,-0.0373179,-0.106297,-0.0784123
0.7,0.72,-0.0416384,-0.122176,-0.0759175
0.71,0.72,-0.046199,-0.138595,-0.0731328
0.72,0.72,-0.0509733,-0.155541,-0.0700555
0.73,0.72,-0.0559269,-0.172992,-0.0666852
0.74,0.72,-0.0610165,-0.190915,-0.0630248
0.75,0.72,-0.0661884,-0.209261,-0.0590807
0.76,0.72,-0.071377,-0.227963,-0.0548634
0.77,0.72,-0.076504,-0.246932,-0.0503881
0.78,0.72,-0.0814768,-0.26605,-0.0456753
0.79,0.72,-0.0861882,-0.285164,-0.0407513
0.8,0.72,-0.0905163,-0.304082,-0.0356489
0.81,0.72,-0.0943251,-0.322565,-0.0304082
0.82,0.72,-0.0974668,-0.340322,-0.0250764
0.83,0.72,-0.099785,-0.357001,-0.0197088
0.84,0.72,-0.101121,-0.372192,-0.0143683
0.85,0.72,-0.101319,-0.38542,-0.00912528
0.86,0.72,-0.10024,-0.396154,-0.00405648
0.87,0.72,-0.09777,-0.403808,0.000756122
0.88,0.72,-0.0938331,-0.407763,0.00522765
0.89,0.72,-0.0884078,-0.407382,0.00927303
0.9,0.72,-0.0815389,-0.402038,0.0128104
0.91,0.72,-0.0733491,-0.391144,0.015765
0.92,0.72,-0.0640472,-0.374185,0.0180727
0.93,0.72,-0.0539314,-0.350752,0.019684
0.94,0.72,-0.0433861,-0.320568,0.020567
0.95,0.72,-0.0328733,-0.283503,0.020709
0.96,0.72,-0.0229234,-0.23958,0.0201053
0.97,0.72,-0.0141007,-0.188963,0.0188115
0.98,0.72,-0.0069615,-0.131927,0.0168977
0.99,0.72,-0.00258645,-0.0688078,0.0133315
1,0.72,0,0,0.0133315
0,0.73,0,0,-0.0621861
0.01,0.73,-0.000528121,0.0260161,-0.0621861
0.02,0.73,-0.00145434,0.0502635,-0.0629995
0.03,0.73,-0.00302837,0.0726452,-0.0635217
0.04,0.73,-0.00505229,0.0931232,-0.0639689
0.05,0.73,-0.00743161,0.111695,-0.0643277
0.06,0.73,-0.0100649,0.128392,-0.0645895
0.07,0.73,-0.0128531,0.143269,-0.0647581
0.08,0.73,-0.0157064,0.156406,-0.0648381
0.09,0.73,-0.0185448,0.167895,-0.0648372
0.1,0.73,-0.0212997,0.17784,-0.0647648
0.11,0.73,-0.0239136,0.186353,-0.0646323
0.12,0.73,-0.0263404,0.193546,-0.0644519
0.13,0.73,-0.0285444,0.199532,-0.0642364
0.14,0.73,-0.0304993,0.204419,-0.0639988
0.15,0.73,-0.0321872,0.208315,-0.0637516
0.16,0.73,-0.0335975,0.211316,-0.063507
0.17,0.73,-0.0347257,0.213517,-0.0632763
0.18,0.73,-0.0355726,0.215002,-0.0630698
0.19,0.73,-0.036143,0.21585,-0.062897
0.2,0.73,-0.0364451,0.216131,-0.0627661
0.21,0.73,-0.0364895,0.215907,-0.0626844
0.22,0.73,-0.0362889,0.215237,-0.062658
0.23,0.73,-0.0358576,0.214169,-0.0626919
0.24,0.73,-0.0352106,0.212748,-0.0627903
0.25,0.73,-0.0343636,0.21101,-0.0629563
0.26,0.73,-0.0333329,0.208989,-0.0631923
0.27,0.73,-0.0321346,0.206712,-0.0634997
0.28,0.73,-0.0307851,0.204203,-0.0638792
0.29,0.73,-0.0293006,0.20148,-0.064331
0.3,0.73,-0.027697,0.19856,-0.0648543
0.31,0.73,-0.02599,0.195454,-0.065448
0.32,0.73,-0.0241951,0.192171,-0.0661103
0.33,0.73,-0.0223274,0.188719,-0.0668389
0.34,0.73,-0.0204016,0.185101,-0.0676309
0.35,0.73,-0.0184324,0.18132,-0.0684831
0.36,0.73,-0.0164339,0.177375,-0.0693915
0.37,0.73,-0.0144203,0.173266,-0.070352
0.38,0.73,-0.0124053,0.168988,-0.0713597
0.39,0.73,-0.0104025,0.164538,-0.0724096
0.4,0.73,-0.00842532,0.15991,-0.0734958
0.41,0.73,-0.00648708,0.155098,-0.0746123
0.42,0.73,-0.00460097,0.150093,-0.0757525
0.43,0.73,-0.00278008,0.144887,-0.0769093
0.44,0.73,-0.00103743,0.139471,-0.0780751
0.45,0.73,0.000613988,0.133834,-0.0792419
0.46,0.73,0.00216123,0.127966,-0.0804011
0.47,0.73,0.00359135,0.121856,-0.0815438
0.48,0.73,0.00489145,0.115491,-0.0826604
0.49,0.73,0.00604861,0.10886,-0.0837409
0.5,0.73,0.00704991,0.101948,-0.0847748
0.51,0.73,0.00788247,0.094744,-0.0857511
0.52,0.73,0.00853343,0.0872327,-0.0866585
0.53,0.73,0.00898995,0.0794004,-0.087485
0.54,0.73,0.0092393,0.0712324,-0.0882183
0.55,0.73,0.00926881,0.062714,-0.0888457
0.56,0.73,0.00906602,0.0538299,-0.0893542
0.57,0.73,0.00861863,0.0445647,-0.0897302
0.58,0.73,0.00791466,0.0349025,-0.0899602
0.59,0.73,0.00694252,0.0248275,-0.0900303
0.6,0.73,0.00569109,0.0143236,-0.0899265
0.61,0.73,0.00414991,0.00337459,-0.0896346
0.62,0.73,0.00230933,-0.00803553,-0.0891407
0.63,0.73,0.000160715,-0.0199227,-0.0884309
0.64,0.73,-0.00230328,-0.0323026,-0.0874916
0.65,0.73,-0.0050884,-0.0451901,-0.0863097
0.66,0.73,-0.00819845,-0.0585993,-0.0848726
0.67,0.73,-0.0116348,-0.0725432,-0.0831688
0.68,0.73,-0.0153958,-0.0870327,-0.0811873
0.69,0.73,-0.0194762,-0.102076,-0.0789189
0.7,0.73,-0.0238665,-0.11768,-0.0763555
0.71,0.73,-0.0285516,-0.133843,-0.0734913
0.72,0.73,-0.0335104,-0.150561,-0.0703222
0.73,0.73,-0.0387139,-0.16782,-0.0668473
0.74,0.73,-0.0441244,-0.185596,-0.0630681
0.75,0.73,-0.0496938,-0.203854,-0.0589902
0.76,0.73,-0.055362,-0.222537,-0.0546229
0.77,0.73,-0.0610553,-0.241571,-0.0499803
0.78,0.73,-0.0666851,-0.260852,-0.0450818
0.79,0.73,-0.0721466,-0.280243,-0.0399528
0.8,0.73,-0.0773182,-0.299569,-0.0346251
0.81,0.73,-0.0820615,-0.318604,-0.0291381
0.82,0.73,-0.086223,-0.337068,-0.0235388
0.83,0.73,-0.0896363,-0.35462,-0.0178824
0.84,0.73,-0.0921278,-0.370849,-0.0122328
0.85,0.73,-0.0935233,-0.385275,-0.00666191
0.86,0.73,-0.093658,-0.397345,-0.00124911
0.87,0.73,-0.0923888,-0.406446,0.00391985
0.88,0.73,-0.0896084,-0.411912,0.00875504
0.89,0.73,-0.0852616,-0.413046,0.013165
0.9,0.73,-0.0793606,-0.409147,0.0170605
0.91,0.73,-0.072,-0.399543,0.0203581
0.92,0.73,-0.0633672,-0.383628,0.022985
0.93,0.73,-0.0537487,-0.3609,0.0248827
0.94,0.73,-0.0435295,-0.330993,0.026011
0.95,0.73,-0.0331845,-0.2937,0.0263503
0.96,0.73,-0.02327,-0.248983,0.0258906
0.97,0.73,-0.014387,-0.196965,0.0246851
0.98,0.73,-0.00713565,-0.137899,0.0228042
0.99,0.73,-0.00266041,-0.0721112,0.0191867
1,0.73,0,0,0.0191867
0,0.74,0,0,-0.0639271
0.01,0.74,-0.000584637,0.0267276,-0.0639271
0.02,0.74,-0.00160539,0.0516044,-0.0648191
0.03,0.74,-0.0033307,0.0745141,-0.0653818
0.04,0.74,-0.00553452,0.0954105,-0.065854
0.05,0.74,-0.00810618,0.11429,-0.0662212
0.06,0.74,-0.0109287,0.131186,-0.0664741
0.07,0.74,-0.0138894,0.146164,-0.0666177
0.08,0.74,-0.0168872,0.159311,-0.066658
0.09,0.74,-0.0198339,0.170732,-0.0666042
0.1,0.74,-0.0226546,0.180545,-0.066468
0.11,0.74,-0.0252884,0.188872,-0.0662625
0.12,0.74,-0.0276871,0.195837,-0.0660022
0.13,0.74,-0.029815,0.201564,-0.0657018
0.14,0.74,-0.0316469,0.206172,-0.065376
0.15,0.74,-0.033167,0.209774,-0.0650394
0.16,0.74,-0.0343674,0.212477,-0.0647053
0.17,0.74,-0.0352469,0.214378,-0.0643865
0.18,0.74,-0.0358097,0.215568,-0.0640945
0.19,0.74,-0.036064,0.216128,-0.0638394
0.2,0.74,-0.0360216,0.216133,-0.0636302
0.21,0.74,-0.0356967,0.215647,-0.0634748
0.22,0.74,-0.0351051,0.214729,-0.0633797
0.23,0.74,-0.034264,0.213429,-0.0633502
0.24,0.74,-0.0331914,0.211792,-0.0633905
0.25,0.74,-0.0319054,0.209856,-0.0635039
0.26,0.74,-0.0304246,0.207654,-0.0636927
0.27,0.74,-0.0287674,0.205214,-0.0639583
0.28,0.74,-0.0269518,0.202558,-0.0643013
0.29,0.74,-0.0249956,0.199706,-0.0647216
0.3,0.74,-0.0229163,0.196672,-0.0652183
0.31,0.74,-0.0207308,0.193469,-0.0657901
0.32,0.74,-0.0184556,0.190105,-0.066435
0.33,0.74,-0.0161069,0.186587,-0.0671503
0.34,0.74,-0.0137003,0.182919,-0.0679331
0.35,0.74,-0.0112511,0.179101,-0.0687796
0.36,0.74,-0.00877422,0.175135,-0.0696859
0.37,0.74,-0.00628423,0.171018,-0.0706474
0.38,0.74,-0.00379546,0.166747,-0.0716591
0.39,0.74,-0.00132199,0.162318,-0.0727156
0.4,0.74,0.00112233,0.157724,-0.0738109
0.41,0.74,0.00352378,0.152959,-0.0749386
0.42,0.74,0.00586881,0.148015,-0.0760918
0.43,0.74,0.00814393,0.142883,-0.0772633
0.44,0.74,0.0103357,0.137554,-0.0784451
0.45,0.74,0.0124309,0.132018,-0.0796291
0.46,0.74,0.014416,0.126264,-0.0808064
0.47,0.74,0.0162776,0.12028,-0.0819677
0.48,0.74,0.0180025,0.114056,-0.0831031
0.49,0.74,0.0195773,0.107577,-0.0842026
0.5,0.74,0.0209883,0.100832,-0.0852551
0.51,0.74,0.0222222,0.0938074,-0.0862496
0.52,0.74,0.0232654,0.0864889,-0.0871741
0.53,0.74,0.0241043,0.0788625,-0.0880166
0.54,0.74,0.0247253,0.0709138,-0.0887643
0.55,0.74,0.0251149,0.0626276,-0.0894042
0.56,0.74,0.0252596,0.0539887,-0.0899228
0.57,0.74,0.0251458,0.0449814,-0.0903064
0.58,0.74,0.0247603,0.0355897,-0.0905408
0.59,0.74,0.0240901,0.0257972,-0.0906116
0.6,0.74,0.0231224,0.0155876,-0.0905046
0.61,0.74,0.021845,0.0049439,-0.0902049
0.62,0.74,0.0202462,-0.0061507,-0.0896982
0.63,0.74,0.0183151,-0.0177132,-0.08897
0.64,0.74,0.0160418,-0.0297604,-0.0880062
0.65,0.74,0.0134179,-0.042309,-0.0867929
0.66,0.74,0.0104364,-0.0553752,-0.085317
0.67,0.74,0.00709245,-0.0689743,-0.0835662
0.68,0.74,0.00338394,-0.0831204,-0.0815288
0.69,0.74,-0.000688162,-0.097826,-0.0791949
0.7,0.74,-0.00511885,-0.113101,-0.0765556
0.71,0.74,-0.00989825,-0.128951,-0.073604
0.72,0.74,-0.0150105,-0.145379,-0.0703355
0.73,0.74,-0.0204327,-0.162378,-0.0667477
0.74,0.74,-0.026133,-0.179934,-0.0628417
0.75,0.74,-0.0320697,-0.198023,-0.0586216
0.76,0.74,-0.0381889,-0.216601,-0.0540957
0.77,0.74,-0.0444228,-0.235609,-0.0492772
0.78,0.74,-0.050688,-0.254958,-0.0441842
0.79,0.74,-0.0568836,-0.27453,-0.038841
0.8,0.74,-0.0628904,-0.294167,-0.0332786
0.81,0.74,-0.0685694,-0.31366,-0.0275354
0.82,0.74,-0.0737632,-0.332746,-0.0216581
0.83,0.74,-0.0782976,-0.351096,-0.0157018
0.84,0.74,-0.0819859,-0.368304,-0.00973077
0.85,0.74,-0.0846353,-0.38389,-0.00381835
0.86,0.74,-0.0860567,-0.397288,0.00195368
0.87,0.74,-0.0860771,-0.407858,0.00749606
0.88,0.74,-0.0845553,-0.414891,0.012714
0.89,0.74,-0.0813989,-0.417631,0.0175097
0.9,0.74,-0.0765837,-0.4153,0.0217863
0.91,0.74,-0.0701702,-0.407138,0.0254516
0.92,0.74,-0.0623191,-0.392437,0.0284234
0.93,0.74,-0.0533001,-0.370591,0.0306335
0.94,0.74,-0.0434939,-0.341133,0.0320325
0.95,0.74,-0.033386,-0.303766,0.0325929
0.96,0.74,-0.0235574,-0.258379,0.0322981
0.97,0.74,-0.0146467,-0.205041,0.0311985
0.98,0.74,-0.00730129,-0.143975,0.0293636
0.99,0.74,-0.00273251,-0.0754951,0.0257042
1,0.74,0,0,0.0257042
0,0.75,0,0,-0.0657444
0.01,0.75,-0.000652219,0.027516,-0.0657444
0.02,0.75,-0.00178546,0.0530828,-0.0667295
0.03,0.75,-0.0036898,0.0765618,-0.0673388
0.04,0.75,-0.00610515,0.0978991,-0.0678387
0.05,0.75,-0.00890145,0.117091,-0.0682136
0.06,0.75,-0.0119433,0.134175,-0.0684537
0.07,0.75,-0.0151023,0.149228,-0.0685657
0.08,0.75,-0.0182647,0.162351,-0.0685575
0.09,0.75,-0.021333,0.173662,-0.0684404
0.1,0.75,-0.0242261,0.183295,-0.0682285
0.11,0.75,-0.0268792,0.191386,-0.0679375
0.12,0.75,-0.0292432,0.198073,-0.0675845
0.13,0.75,-0.0312825,0.203491,-0.0671863
0.14,0.75,-0.0329739,0.207771,-0.0667601
0.15,0.75,-0.0343044,0.211035,-0.0663219
0.16,0.75,-0.0352697,0.213396,-0.0658872
0.17,0.75,-0.0358726,0.214959,-0.0654698
0.18,0.75,-0.0361212,0.215819,-0.0650824
0.19,0.75,-0.0360283,0.216062,-0.0647362
0.2,0.75,-0.0356094,0.215763,-0.0644409
0.21,0.75,-0.0348826,0.214991,-0.0642047
0.22,0.75,-0.0338675,0.213804,-0.0640345
0.23,0.75,-0.0325846,0.212255,-0.0639359
0.24,0.75,-0.0310547,0.210389,-0.0639132
0.25,0.75,-0.0292989,0.208243,-0.0639697
0.26,0.75,-0.0273382,0.205851,-0.0641075
0.27,0.75,-0.025193,0.203239,-0.064328
0.28,0.75,-0.0228834,0.200431,-0.0646315
0.29,0.75,-0.0204289,0.197445,-0.0650178
0.3,0.75,-0.0178482,0.194295,-0.0654858
0.31,0.75,-0.0151597,0.190993,-0.0660337
0.32,0.75,-0.0123809,0.187547,-0.0666593
0.33,0.75,-0.00952889,0.183964,-0.0673598
0.34,0.75,-0.00662015,0.180245,-0.0681317
0.35,0.75,-0.00367065,0.176394,-0.0689712
0.36,0.75,-0.0006959,0.172408,-0.0698739
0.37,0.75,0.00228898,0.168287,-0.070835
0.38,0.75,0.00526921,0.164026,-0.0718493
0.39,0.75,0.00823032,0.15962,-0.0729109
0.4,0.75,0.0111581,0.155065,-0.0740137
0.41,0.75,0.0140384,0.150351,-0.0751509
0.42,0.75,0.0168575,0.145473,-0.0763155
0.43,0.75,0.0196015,0.14042,-0.0774998
0.44,0.75,0.0222568,0.135184,-0.0786958
0.45,0.75,0.0248095,0.129754,-0.0798949
0.46,0.75,0.027246,0.12412,-0.0810879
0.47,0.75,0.0295527,0.11827,-0.0822654
0.48,0.75,0.0317156,0.112192,-0.0834172
0.49,0.75,0.033721,0.105874,-0.0845327
0.5,0.75,0.035555,0.0993036,-0.085601
0.51,0.75,0.0372034,0.092467,-0.0866103
0.52,0.75,0.0386521,0.0853507,-0.0875486
0.53,0.75,0.0398868,0.0779404,-0.0884035
0.54,0.75,0.0408933,0.0702218,-0.0891618
0.55,0.75,0.0416571,0.0621798,-0.0898101
0.56,0.75,0.0421636,0.0537991,-0.0903347
0.57,0.75,0.0423983,0.0450639,-0.0907212
0.58,0.75,0.0423468,0.0359582,-0.0909552
0.59,0.75,0.0419947,0.0264654,-0.0910218
0.6,0.75,0.0413275,0.0165687,-0.0909063
0.61,0.75,0.0403315,0.00625091,-0.0905934
0.62,0.75,0.0389929,-0.00450551,-0.0900681
0.63,0.75,0.0372987,-0.0157183,-0.0893154
0.64,0.75,0.0352367,-0.0274053,-0.0883206
0.65,0.75,0.0327955,-0.0395845,-0.0870693
0.66,0.75,0.0299654,-0.0522738,-0.0855476
0.67,0.75,0.0267379,-0.0654906,-0.0837426
0.68,0.75,0.0231073,-0.079252,-0.0816419
0.69,0.75,0.0190702,-0.0935735,-0.0792346
0.7,0.75,0.0146271,-0.108469,-0.0765112
0.71,0.75,0.00978266,-0.123951,-0.0734639
0.72,0.75,0.00454707,-0.140026,-0.0700871
0.73,0.75,-0.0010627,-0.156697,-0.0663777
0.74,0.75,-0.00702153,-0.173959,-0.0623354
0.75,0.75,-0.0132944,-0.191797,-0.0579636
0.76,0.75,-0.0198344,-0.210184,-0.0532695
0.77,0.75,-0.0265808,-0.229071,-0.0482648
0.78,0.75,-0.0334566,-0.24839,-0.0429669
0.79,0.75,-0.0403666,-0.26804,-0.0373988
0.8,0.75,-0.0471953,-0.287882,-0.0315904
0.81,0.75,-0.0538058,-0.30773,-0.0255794
0.82,0.75,-0.0600388,-0.327339,-0.0194116
0.83,0.75,-0.0657146,-0.346397,-0.0131421
0.84,0.75,-0.0706352,-0.364511,-0.00683535
0.85,0.75,-0.0745911,-0.381203,-0.000565783
0.86,0.75,-0.0773694,-0.395903,0.00558275
0.87,0.75,-0.0787672,-0.407947,0.0115177
0.88,0.75,-0.0786071,-0.41659,0.0171395
0.89,0.75,-0.0767572,-0.421018,0.0223444
0.9,0.75,-0.0731514,-0.420376,0.0270274
0.91,0.75,-0.0678112,-0.413808,0.0310876
0.92,0.75,-0.0608638,-0.400499,0.0344325
0.93,0.75,-0.0525558,-0.379727,0.0369835
0.94,0.75,-0.0432588,-0.350908,0.0386812
0.95,0.75,-0.0334649,-0.31364,0.039489
0.96,0.75,-0.0237787,-0.267724,0.0393827
0.97,0.75,-0.0148772,-0.213164,0.0384082
0.98,0.75,-0.00745762,-0.150142,0.0366342
0.99,0.75,-0.00280262,-0.0789556,0.0329433
1,0.75,0,0,0.0329433
0,0.76,0,0,-0.0676544
0.01,0.76,-0.000732719,0.028396,-0.0676544
0.02,0.76,-0.00199924,0.0547236,-0.0687488
0.03,0.76,-0.00411428,0.0788199,-0.0694113
0.04,0.76,-0.00677669,0.100623,-0.0699414
0.05,0.76,-0.00983311,0.120129,-0.0703222
0.06,0.76,-0.0131265,0.137387,-0.0705442
0.07,0.76,-0.0165102,0.152486,-0.0706161
0.08,0.76,-0.0198564,0.165542,-0.0705482
0.09,0.76,-0.0230574,0.176694,-0.0703549
0.1,0.76,-0.0260257,0.186091,-0.0700533
0.11,0.76,-0.0286933,0.193889,-0.0696623
0.12,0.76,-0.0310103,0.200241,-0.0692016
0.13,0.76,-0.0329426,0.205295,-0.0686912
0.14,0.76,-0.0344695,0.209194,-0.0681503
0.15,0.76,-0.0355822,0.21207,-0.0675975
0.16,0.76,-0.0362807,0.214045,-0.0670496
0.17,0.76,-0.0365728,0.215229,-0.0665223
0.18,0.76,-0.0364714,0.215724,-0.0660293
0.19,0.76,-0.0359942,0.215616,-0.0655828
0.2,0.76,-0.0351614,0.214987,-0.065193
0.21,0.76,-0.0339954,0.213905,-0.0648688
0.22,0.76,-0.0325198,0.21243,-0.0646172
0.23,0.76,-0.0307587,0.210616,-0.064444
0.24,0.76,-0.0287364,0.208506,-0.0643535
0.25,0.76,-0.0264768,0.20614,-0.0643489
0.26,0.76,-0.0240033,0.203548,-0.0644323
0.27,0.76,-0.0213388,0.200759,-0.0646046
0.28,0.76,-0.0185051,0.197794,-0.0648662
0.29,0.76,-0.0155236,0.19467,-0.0652162
0.3,0.76,-0.0124144,0.191403,-0.0656534
0.31,0.76,-0.00919709,0.188001,-0.0661758
0.32,0.76,-0.00589026,0.184474,-0.0667806
0.33,0.76,-0.00251186,0.180826,-0.0674648
0.34,0.76,0.000920894,0.17706,-0.0682246
0.35,0.76,0.00439139,0.173177,-0.0690559
0.36,0.76,0.00788358,0.169175,-0.0699538
0.37,0.76,0.0113819,0.165053,-0.0709134
0.38,0.76,0.0148712,0.160806,-0.0719289
0.39,0.76,0.0183366,0.156429,-0.0729944
0.4,0.76,0.0217637,0.151916,-0.0741033
0.41,0.76,0.0251381,0.14726,-0.0752486
0.42,0.76,0.0284457,0.142452,-0.076423
0.43,0.76,0.0316725,0.137484,-0.0776184
0.44,0.76,0.0348045,0.132346,-0.0788266
0.45,0.76,0.0378277,0.127029,-0.0800387
0.46,0.76,0.0407282,0.121521,-0.0812453
0.47,0.76,0.043492,0.115811,-0.0824366
0.48,0.76,0.046105,0.109887,-0.0836021
0.49,0.76,0.0485528,0.103738,-0.084731
0.5,0.76,0.0508213,0.0973499,-0.0858119
0.51,0.76,0.0528958,0.0907103,-0.086833
0.52,0.76,0.0547617,0.0838054,-0.0877817
0.53,0.76,0.0564041,0.0766213,-0.0886453
0.54,0.76,0.057808,0.0691435,-0.0894103
0.55,0.76,0.0589581,0.0613573,-0.0900629
0.56,0.76,0.059839,0.0532474,-0.090589
0.57,0.76,0.0604351,0.0447981,-0.0909739
0.58,0.76,0.060731,0.0359934,-0.0912026
0.59,0.76,0.0607108,0.0268166,-0.0912599
0.6,0.76,0.0603588,0.0172508,-0.0911305
0.61,0.76,0.0596594,0.00727863,-0.0907986
0.62,0.76,0.0585972,-0.00311785,-0.0902487
0.63,0.76,0.0571571,-0.0139569,-0.0894653
0.64,0.76,0.0553244,-0.0252571,-0.088433
0.65,0.76,0.0530854,-0.0370376,-0.0871368
0.66,0.76,0.050427,-0.0493175,-0.0855621
0.67,0.76,0.0473379,-0.0621161,-0.0836953
0.68,0.76,0.0438084,-0.0754525,-0.0815233
0.69,0.76,0.039831,-0.0893456,-0.0790344
0.7,0.76,0.0354016,-0.103813,-0.0762183
0.71,0.76,0.0305197,-0.118871,-0.0730663
0.72,0.76,0.0251898,-0.134533,-0.0695719
0.73,0.76,0.0194226,-0.150809,-0.0657309
0.74,0.76,0.0132363,-0.167702,-0.0615423
0.75,0.76,0.00665871,-0.185209,-0.0570082
0.76,0.76,-0.00027104,-0.203314,-0.0521347
0.77,0.76,-0.00750002,-0.221986,-0.0469326
0.78,0.76,-0.014959,-0.241172,-0.0414178
0.79,0.76,-0.0225599,-0.260791,-0.0356123
0.8,0.76,-0.0301931,-0.280727,-0.029545
0.81,0.76,-0.0377254,-0.300816,-0.0232524
0.82,0.76,-0.0449988,-0.320837,-0.0167797
0.83,0.76,-0.0518301,-0.340499,-0.0101814
0.84,0.76,-0.0580129,-0.359427,-0.00352229
0.85,0.76,-0.0633227,-0.377155,0.00312255
0.86,0.76,-0.0675245,-0.393112,0.0096674
0.87,0.76,-0.0703855,-0.40662,0.0160167
0.88,0.76,-0.0716914,-0.416901,0.0220664
0.89,0.76,-0.0712672,-0.423086,0.0277065
0.9,0.76,-0.0690011,-0.424247,0.0328243
0.91,0.76,-0.0648687,-0.419426,0.0373095
0.92,0.76,-0.0589572,-0.407693,0.041059
0.93,0.76,-0.0514828,-0.388197,0.0439829
0.94,0.76,-0.0428015,-0.360225,0.0460105
0.95,0.76,-0.0334076,-0.32325,0.0470951
0.96,0.76,-0.0239268,-0.276968,0.0472034
0.97,0.76,-0.0150756,-0.221303,0.0463762
0.98,0.76,-0.00760402,-0.156386,0.0446795
0.99,0.76,-0.00287073,-0.0824881,0.0409688
1,0.76,0,0,0.0409688
0,0.77,0,0,-0.0696775
0.01,0.77,-0.000828332,0.0293845,-0.0696775
0.02,0.77,-0.00225217,0.0565559,-0.0708998
0.03,0.77,-0.00461407,0.0813237,-0.0716224
0.04,0.77,-0.00756325,0.103619,-0.0721845
0.05,0.77,-0.0109184,0.123441,-0.0725682
0.06,0.77,-0.0144972,0.140853,-0.0727644
0.07,0.77,-0.0181318,0.155958,-0.072785
0.08,0.77,-0.0216789,0.168898,-0.0726436
0.09,0.77,-0.0250199,0.179832,-0.0723584
0.1,0.77,-0.0280611,0.188931,-0.0719503
0.11,0.77,-0.0307319,0.19637,-0.071442
0.12,0.77,-0.0329825,0.202322,-0.0708566
0.13,0.77,-0.0347813,0.206951,-0.0702172
0.14,0.77,-0.036112,0.210411,-0.069546
0.15,0.77,-0.0369705,0.212846,-0.0688638
0.16,0.77,-0.0373627,0.214387,-0.0681894
0.17,0.77,-0.037302,0.21515,-0.06754
0.18,0.77,-0.0368076,0.215241,-0.0669305
0.19,0.77,-0.0359023,0.214752,-0.066374
0.2,0.77,-0.034612,0.213764,-0.0658813
0.21,0.77,-0.0329637,0.212349,-0.0654617
0.22,0.77,-0.0309856,0.210568,-0.0651224
0.23,0.77,-0.0287056,0.208472,-0.0648693
0.24,0.77,-0.0261515,0.206107,-0.0647065
0.25,0.77,-0.0233503,0.20351,-0.064637
0.26,0.77,-0.0203282,0.200713,-0.0646627
0.27,0.77,-0.0171102,0.197741,-0.0647842
0.28,0.77,-0.0137203,0.194616,-0.0650015
0.29,0.77,-0.0101813,0.191354,-0.0653134
0.3,0.77,-0.00651491,0.187968,-0.0657183
0.31,0.77,-0.00274177,0.184469,-0.0662137
0.32,0.77,0.00111845,0.180862,-0.0667967
0.33,0.77,0.00504705,0.177152,-0.0674636
0.34,0.77,0.00902611,0.173342,-0.0682103
0.35,0.77,0.0130385,0.169431,-0.0690323
0.36,0.77,0.0170677,0.165418,-0.0699246
0.37,0.77,0.0210978,0.161299,-0.0708816
0.38,0.77,0.0251134,0.157071,-0.0718974
0.39,0.77,0.0290993,0.152728,-0.0729656
0.4,0.77,0.0330409,0.148263,-0.0740794
0.41,0.77,0.0369236,0.143669,-0.0752314
0.42,0.77,0.0407333,0.138938,-0.0764141
0.43,0.77,0.0444556,0.134061,-0.077619
0.44,0.77,0.0480764,0.129029,-0.0788377
0.45,0.77,0.0515817,0.12383,-0.0800608
0.46,0.77,0.0549572,0.118455,-0.0812788
0.47,0.77,0.0581888,0.112893,-0.0824815
0.48,0.77,0.061262,0.107131,-0.0836582
0.49,0.77,0.0641624,0.101158,-0.0847977
0.5,0.77,0.0668753,0.0949606,-0.0858884
0.51,0.77,0.0693856,0.0885266,-0.0869179
0.52,0.77,0.0716784,0.0818424,-0.0878736
0.53,0.77,0.073738,0.0748942,-0.0887422
0.54,0.77,0.075549,0.0676679,-0.0895101
0.55,0.77,0.0770953,0.0601489,-0.0901629
0.56,0.77,0.0783607,0.052322,-0.0906861
0.57,0.77,0.0793288,0.0441719,-0.0910647
0.58,0.77,0.0799829,0.0356826,-0.0912833
0.59,0.77,0.080306,0.0268377,-0.0913261
0.6,0.77,0.0802812,0.0176201,-0.0911773
0.61,0.77,0.0798912,0.00801255,-0.0908207
0.62,0.77,0.0791188,-0.0020031,-0.0902402
0.63,0.77,0.0779471,-0.0124454,-0.0894197
0.64,0.77,0.0763592,-0.0233334,-0.0883431
0.65,0.77,0.0743387,-0.034687,-0.086995
0.66,0.77,0.0718699,-0.0465262,-0.08536
0.67,0.77,0.0689382,-0.0588718,-0.0834236
0.68,0.77,0.0655304,-0.0717449,-0.0811722
0.69,0.77,0.061635,-0.0851665,-0.0785932
0.7,0.77,0.0572431,-0.0991577,-0.0756754
0.71,0.77,0.0523493,-0.113739,-0.0724093
0.72,0.77,0.0469523,-0.128928,-0.0687874
0.73,0.77,0.0410564,-0.144743,-0.0648046
0.74,0.77,0.0346728,-0.161195,-0.0604588
0.75,0.77,0.0278216,-0.17829,-0.0557509
0.76,0.77,0.0205337,-0.196024,-0.0506861
0.77,0.77,0.0128533,-0.214383,-0.0452738
0.78,0.77,0.00484085,-0.23333,-0.0395288
0.79,0.77,-0.00342422,-0.252805,-0.0334719
0.8,0.77,-0.0118401,-0.272716,-0.0271308
0.81,0.77,-0.0202798,-0.292924,-0.020541
0.82,0.77,-0.0285887,-0.313234,-0.0137466
0.83,0.77,-0.0365832,-0.333382,-0.0068017
0.84,0.77,-0.0440517,-0.353018,0.000229186
0.85,0.77,-0.0507571,-0.371691,0.00727028
0.86,0.77,-0.0564444,-0.388839,0.0142343
0.87,0.77,-0.0608521,-0.40378,0.021023
0.88,0.77,-0.0637281,-0.415708,0.0275279
0.89,0.77,-0.0648523,-0.423708,0.033633
0.9,0.77,-0.0640621,-0.426775,0.0392177
0.91,0.77,-0.0612815,-0.423853,0.044162
0.92,0.77,-0.0565494,-0.413886,0.0483515
0.93,0.77,-0.0500435,-0.395884,0.0516843
0.94,0.77,-0.0420963,-0.368984,0.0540773
0.95,0.77,-0.0331984,-0.332518,0.0554719
0.96,0.77,-0.023994,-0.286057,0.0558248
0.97,0.77,-0.015239,-0.229426,0.0551696
0.98,0.77,-0.00774004,-0.162691,0.0535691
0.99,0.77,-0.00293694,-0.0860882,0.0498514
1,0.77,0,0,0.0498514
0,0.78,0,0,-0.0718394
0.01,0.78,-0.000941668,0.0305013,-0.0718394
0.02,0.78,-0.00255068,0.0586127,-0.0732108
0.03,0.78,-0.00520058,0.0841134,-0.0740005
0.04,0.78,-0.00848069,0.106928,-0.0745953
0.05,0.78,-0.0121763,0.127065,-0.0749766
0.06,0.78,-0.016075,0.144601,-0.0751366
0.07,0.78,-0.0199853,0.159668,-0.0750916
0.08,0.78,-0.0237466,0.17243,-0.0748595
0.09,0.78,-0.0272293,0.183076,-0.0744632
0.1,0.78,-0.0303336,0.191803,-0.0739284
0.11,0.78,-0.0329874,0.19881,-0.0732824
0.12,0.78,-0.0351426,0.20429,-0.0725524
0.13,0.78,-0.0367718,0.208424,-0.0717652
0.14,0.78,-0.0378641,0.211383,-0.070946
0.15,0.78,-0.0384221,0.213321,-0.0701181
0.16,0.78,-0.0384588,0.214376,-0.0693025
0.17,0.78,-0.0379945,0.214674,-0.068518
0.18,0.78,-0.0370553,0.214324,-0.0677805
0.19,0.78,-0.0356705,0.213421,-0.0671041
0.2,0.78,-0.0338718,0.212048,-0.0665
0.21,0.78,-0.0316918,0.210278,-0.0659777
0.22,0.78,-0.0291633,0.208172,-0.0655447
0.23,0.78,-0.0263186,0.205782,-0.0652064
0.24,0.78,-0.023189,0.203151,-0.0649671
0.25,0.78,-0.0198049,0.200316,-0.0648293
0.26,0.78,-0.016195,0.197308,-0.0647944
0.27,0.78,-0.0123868,0.194151,-0.0648629
0.28,0.78,-0.00840608,0.190865,-0.0650341
0.29,0.78,-0.00427735,0.187465,-0.0653065
0.3,0.78,-2.36259e-05,0.183963,-0.0656779
0.31,0.78,0.00433334,0.180368,-0.0661454
0.32,0.78,0.00877303,0.176685,-0.0667056
0.33,0.78,0.013276,0.172919,-0.0673545
0.34,0.78,0.0178238,0.169069,-0.0680875
0.35,0.78,0.0223988,0.165135,-0.0688997
0.36,0.78,0.0269843,0.161116,-0.0697856
0.37,0.78,0.031564,0.157007,-0.0707393
0.38,0.78,0.0361222,0.152805,-0.0717545
0.39,0.78,0.0406438,0.148502,-0.0728245
0.4,0.78,0.045114,0.144092,-0.0739422
0.41,0.78,0.0495181,0.139567,-0.0750998
0.42,0.78,0.0538418,0.13492,-0.0762893
0.43,0.78,0.0580708,0.130141,-0.0775023
0.44,0.78,0.062191,0.12522,-0.0787297
0.45,0.78,0.0661881,0.120148,-0.079962
0.46,0.78,0.0700478,0.114914,-0.0811894
0.47,0.78,0.0737558,0.109506,-0.0824012
0.48,0.78,0.0772975,0.103914,-0.0835866
0.49,0.78,0.0806582,0.0981246,-0.084734
0.5,0.78,0.0838229,0.0921267,-0.0858314
0.51,0.78,0.0867764,0.0859072,-0.0868662
0.52,0.78,0.0895031,0.079453,-0.0878255
0.53,0.78,0.0919871,0.0727507,-0.0886956
0.54,0.78,0.0942122,0.0657863,-0.0894623
0.55,0.78,0.0961619,0.0585456,-0.0901112
0.56,0.78,0.0978192,0.0510139,-0.0906272
0.57,0.78,0.0991668,0.043176,-0.0909949
0.58,0.78,0.100187,0.0350162,-0.0911984
0.59,0.78,0.100862,0.0265184,-0.0912215
0.6,0.78,0.101173,0.0176658,-0.0910479
0.61,0.78,0.101102,0.00844106,-0.0906609
0.62,0.78,0.10063,-0.0011737,-0.0900438
0.63,0.78,0.0997376,-0.0111971,-0.0891799
0.64,0.78,0.0984065,-0.0216486,-0.0880525
0.65,0.78,0.0966179,-0.0325482,-0.0866454
0.66,0.78,0.0943533,-0.0439169,-0.0849427
0.67,0.78,0.0915951,-0.0557764,-0.0829291
0.68,0.78,0.0883264,-0.068149,-0.0805902
0.69,0.78,0.0845321,-0.0810581,-0.0779125
0.7,0.78,0.0801989,-0.0945271,-0.074884
0.71,0.78,0.0753162,-0.10858,-0.0714942
0.72,0.78,0.069877,-0.12324,-0.0677347
0.73,0.78,0.0638794,-0.138529,-0.0635994
0.74,0.78,0.0573273,-0.154467,-0.0590849
0.75,0.78,0.0502328,-0.17107,-0.0541913
0.76,0.78,0.0426183,-0.188346,-0.0489224
0.77,0.78,0.0345184,-0.206293,-0.0432863
0.78,0.78,0.0259839,-0.224894,-0.0372968
0.79,0.78,0.0170841,-0.244109,-0.0309731
0.8,0.78,0.00791126,-0.263871,-0.0243417
0.81,0.78,-0.00141604,-0.284066,-0.0174369
0.82,0.78,-0.0107495,-0.304533,-0.0103019
0.83,0.78,-0.0199085,-0.325035,-0.00298981
0.84,0.78,-0.0286789,-0.345253,0.00443507
0.85,0.78,-0.036815,-0.364761,0.0118966
0.86,0.78,-0.0440444,-0.383016,0.0193063
0.87,0.78,-0.0500785,-0.399335,0.0265632
0.88,0.78,-0.0546281,-0.4129,0.0335548
0.89,0.78,-0.0574259,-0.422752,0.0401591
0.9,0.78,-0.0582545,-0.427818,0.0462476
0.91,0.78,-0.0569795,-0.42694,0.0516901
0.92,0.78,-0.0535828,-0.418933,0.0563604
0.93,0.78,-0.048194,-0.402652,0.0601433
0.94,0.78,-0.0411131,-0.377071,0.0629422
0.95,0.78,-0.0328195,-0.341356,0.0646851
0.96,0.78,-0.0239717,-0.294929,0.0653169
0.97,0.78,-0.0153647,-0.237496,0.0648623
0.98,0.78,-0.0078655,-0.169039,0.0633795
0.99,0.78,-0.00300156,-0.089751,0.059669
1,0.78,0,0,0.059669
0,0.79,0,0,-0.0741723
0.01,0.79,-0.00107585,0.0317694,-0.0741723
0.02,0.79,-0.00290235,0.0609322,-0.0757168
0.03,0.79,-0.00588701,0.0872339,-0.0765805
0.04,0.79,-0.00954679,0.110595,-0.0772071
0.05,0.79,-0.0136268,0.131037,-0.0775779
0.06,0.79,-0.0178798,0.148662,-0.0776877
0.07,0.79,-0.0220872,0.16363,-0.0775583
0.08,0.79,-0.02607,0.176142,-0.0772137
0.09,0.79,-0.0296873,0.186419,-0.0766827
0.1,0.79,-0.0328346,0.194689,-0.0759971
0.11,0.79,-0.0354397,0.201179,-0.0751895
0.12,0.79,-0.0374583,0.206106,-0.0742919
0.13,0.79,-0.0388688,0.209672,-0.0733353
0.14,0.79,-0.0396681,0.212061,-0.0723483
0.15,0.79,-0.0398673,0.213441,-0.0713569
0.16,0.79,-0.0394876,0.213959,-0.0703843
0.17,0.79,-0.0385581,0.213746,-0.0694508
0.18,0.79,-0.0371126,0.212917,-0.0685734
0.19,0.79,-0.0351878,0.211568,-0.0677668
0.2,0.79,-0.032822,0.209786,-0.0670427
0.21,0.79,-0.0300537,0.207641,-0.0664107
0.22,0.79,-0.0269208,0.205194,-0.0658779
0.23,0.79,-0.0234601,0.202498,-0.0654499
0.24,0.79,-0.0197068,0.199593,-0.0651302
0.25,0.79,-0.0156943,0.196516,-0.064921
0.26,0.79,-0.0114543,0.193295,-0.0648234
0.27,0.79,-0.00701645,0.189952,-0.0648371
0.28,0.79,-0.00240838,0.186506,-0.0649608
0.29,0.79,0.00234391,0.182971,-0.0651927
0.3,0.79,0.00721616,0.179358,-0.0655299
0.31,0.79,0.0121857,0.175672,-0.065969
0.32,0.79,0.0172312,0.171919,-0.0665061
0.33,0.79,0.0223327,0.168102,-0.0671366
0.34,0.79,0.0274713,0.164219,-0.0678556
0.35,0.79,0.0326291,0.16027,-0.0686576
0.36,0.79,0.0377891,0.156253,-0.0695367
0.37,0.79,0.042935,0.152161,-0.0704866
0.38,0.79,0.0480511,0.147991,-0.0715007
0.39,0.79,0.0531221,0.143736,-0.0725719
0.4,0.79,0.0581332,0.139389,-0.0736925
0.41,0.79,0.0630698,0.134942,-0.0748546
0.42,0.79,0.0679177,0.130386,-0.0760499
0.43,0.79,0.0726625,0.125712,-0.0772694
0.44,0.79,0.0772902,0.120911,-0.078504
0.45,0.79,0.0817864,0.115973,-0.0797437
0.46,0.79,0.086137,0.110888,-0.0809783
0.47,0.79,0.0903274,0.105643,-0.0821971
0.48,0.79,0.094343,0.100229,-0.0833887
0.49,0.79,0.0981689,0.0946323,-0.0845413
0.5,0.79,0.10179,0.0888424,-0.0856426
0.51,0.79,0.105191,0.0828464,-0.0866797
0.52,0.79,0.108356,0.0766317,-0.0876391
0.53,0.79,0.111268,0.0701851,-0.0885071
0.54,0.79,0.113911,0.0634931,-0.0892689
0.55,0.79,0.116268,0.0565419,-0.0899099
0.56,0.79,0.118321,0.0493172,-0.0904144
0.57,0.79,0.120052,0.0418042,-0.0907666
0.58,0.79,0.121443,0.0339876,-0.0909502
0.59,0.79,0.122474,0.0258517,-0.0909487
0.6,0.79,0.123127,0.0173802,-0.090745
0.61,0.79,0.12338,0.00855594,-0.090322
0.62,0.79,0.123215,-0.000638655,-0.0896624
0.63,0.79,0.12261,-0.0102221,-0.0887489
0.64,0.79,0.121544,-0.0202136,-0.0875643
0.65,0.79,0.119997,-0.0306336,-0.0860915
0.66,0.79,0.117947,-0.0415032,-0.084314
0.67,0.79,0.115375,-0.0528448,-0.0822156
0.68,0.79,0.11226,-0.0646818,-0.0797812
0.69,0.79,0.108582,-0.0770388,-0.0769965
0.7,0.79,0.104326,-0.0899415,-0.0738484
0.71,0.79,0.0994738,-0.103417,-0.0703255
0.72,0.79,0.0940148,-0.117491,-0.0664184
0.73,0.79,0.0879399,-0.132193,-0.0621198
0.74,0.79,0.0812462,-0.147548,-0.0574254
0.75,0.79,0.0739376,-0.16358,-0.0523337
0.76,0.79,0.0660274,-0.18031,-0.0468475
0.77,0.79,0.0575404,-0.197748,-0.0409736
0.78,0.79,0.0485165,-0.215895,-0.0347241
0.79,0.79,0.0390141,-0.234732,-0.0281171
0.8,0.79,0.0291138,-0.254215,-0.0211775
0.81,0.79,0.0189236,-0.274262,-0.0139383
0.82,0.79,0.0085827,-0.294741,-0.00644142
0.83,0.79,-0.00173453,-0.315452,0.00126096
0.84,0.79,-0.0118156,-0.33611,0.00910514
0.85,0.79,-0.0214098,-0.356324,0.0170149
0.86,0.79,-0.0302311,-0.375575,0.0249007
0.87,0.79,-0.0379666,-0.393196,0.0326592
0.88,0.79,-0.0442913,-0.40836,0.0401742
0.89,0.79,-0.0488897,-0.420082,0.0473175
0.9,0.79,-0.0514862,-0.427222,0.0539525
0.91,0.79,-0.0518808,-0.428525,0.0599385
0.92,0.79,-0.0499896,-0.422673,0.0651368
0.93,0.79,-0.0458828,-0.408355,0.0694179
0.94,0.79,-0.0398166,-0.384359,0.0726698
0.95,0.79,-0.0322501,-0.349664,0.0748057
0.96,0.79,-0.02385,-0.303514,0.0757563
0.97,0.79,-0.0154498,-0.24547,0.0755358
0.98,0.79,-0.00798051,-0.175411,0.0741956
0.99,0.79,-0.00306507,-0.0934718,0.070508
1,0.79,0,0,0.070508
0,0.8,0,0,-0.0767169
0.01,0.8,-0.00123466,0.0332157,-0.0767169
0.02,0.8,-0.00331615,0.0635579,-0.0784617
0.03,0.8,-0.0066886,0.0907352,-0.0794056
0.04,0.8,-0.0107813,0.114669,-0.0800604
0.05,0.8,-0.0152911,0.135399,-0.0804087
0.06,0.8,-0.0199306,0.153062,-0.080449
0.07,0.8,-0.0244506,0.167858,-0.080211
0.08,0.8,-0.0286527,0.18003,-0.0797265
0.09,0.8,-0.0323857,0.189841,-0.0790321
0.1,0.8,-0.0355418,0.197556,-0.0781666
0.11,0.8,-0.0380512,0.203434,-0.0771691
0.12,0.8,-0.0398758,0.207719,-0.0760774
0.13,0.8,-0.0410029,0.210634,-0.0749269
0.14,0.8,-0.0414392,0.212381,-0.07375
0.15,0.8,-0.0412063,0.21314,-0.0725755
0.16,0.8,-0.040336,0.213067,-0.0714289
0.17,0.8,-0.038867,0.212299,-0.0703317
0.18,0.8,-0.0368424,0.210953,-0.0693021
0.19,0.8,-0.034307,0.20913,-0.068355
0.2,0.8,-0.0313065,0.206914,-0.0675024
0.21,0.8,-0.0278855,0.204377,-0.0667537
0.22,0.8,-0.0240876,0.201578,-0.0661159
0.23,0.8,-0.0199541,0.198568,-0.0655937
0.24,0.8,-0.0155241,0.195385,-0.0651904
0.25,0.8,-0.0108343,0.192064,-0.0649076
0.26,0.8,-0.00591891,0.18863,-0.0647454
0.27,0.8,-0.000809659,0.185105,-0.0647031
0.28,0.8,0.00446396,0.181504,-0.0647787
0.29,0.8,0.00987468,0.17784,-0.0649696
0.3,0.8,0.0153972,0.174121,-0.0652724
0.31,0.8,0.021008,0.170353,-0.0656831
0.32,0.8,0.0266854,0.166538,-0.0661971
0.33,0.8,0.0324088,0.162679,-0.0668093
0.34,0.8,0.0381592,0.158772,-0.0675143
0.35,0.8,0.0439186,0.154818,-0.0683061
0.36,0.8,0.0496699,0.15081,-0.0691783
0.37,0.8,0.0553968,0.146746,-0.0701243
0.38,0.8,0.0610837,0.142618,-0.0711369
0.39,0.8,0.0667154,0.138419,-0.0722086
0.4,0.8,0.0722773,0.134144,-0.0733315
0.41,0.8,0.077755,0.129783,-0.0744973
0.42,0.8,0.0831343,0.125327,-0.0756972
0.43,0.8,0.0884011,0.120768,-0.0769221
0.44,0.8,0.0935413,0.116096,-0.0781623
0.45,0.8,0.0985408,0.111301,-0.0794077
0.46,0.8,0.103385,0.106373,-0.0806477
0.47,0.8,0.108061,0.1013,-0.0818712
0.48,0.8,0.112552,0.096072,-0.0830667
0.49,0.8,0.116845,0.0906775,-0.084222
0.5,0.8,0.120923,0.0851048,-0.0853243
0.51,0.8,0.124772,0.0793418,-0.0863606
0.52,0.8,0.128375,0.0733762,-0.087317
0.53,0.8,0.131715,0.0671954,-0.0881793
0.54,0.8,0.134776,0.0607863,-0.0889326
0.55,0.8,0.13754,0.0541357,-0.0895616
0.56,0.8,0.139989,0.0472297,-0.0900505
0.57,0.8,0.142103,0.0400541,-0.0903829
0.58,0.8,0.143865,0.0325941,-0.0905421
0.59,0.8,0.145254,0.0248346,-0.090511
0.6,0.8,0.146248,0.0167597,-0.0902722
0.61,0.8,0.146828,0.0083529,-0.0898079
0.62,0.8,0.146972,-0.000403043,-0.0891003
0.63,0.8,0.146657,-0.00952622,-0.0881315
0.64,0.8,0.145861,-0.0190357,-0.0868835
0.65,0.8,0.144561,-0.0289514,-0.0853386
0.66,0.8,0.142733,-0.0392948,-0.0834796
0.67,0.8,0.140355,-0.0500884,-0.0812894
0.68,0.8,0.137403,-0.0613562,-0.0787521
0.69,0.8,0.133855,-0.0731237,-0.0758523
0.7,0.8,0.129689,-0.0854183,-0.0725763
0.71,0.8,0.124885,-0.0982687,-0.0689113
0.72,0.8,0.119425,-0.111705,-0.064847
0.73,0.8,0.113295,-0.12576,-0.0603749
0.74,0.8,0.106484,-0.140464,-0.0554893
0.75,0.8,0.0989886,-0.15585,-0.0501875
0.76,0.8,0.0908127,-0.171948,-0.0444708
0.77,0.8,0.0819709,-0.188781,-0.0383447
0.78,0.8,0.0724916,-0.206367,-0.0318195
0.79,0.8,0.0624208,-0.224706,-0.024912
0.8,0.8,0.0518263,-0.243779,-0.0176453
0.81,0.8,0.040803,-0.263534,-0.0100508
0.82,0.8,0.0294783,-0.283873,-0.00216888
0.83,0.8,0.0180167,-0.304635,0.0059494
0.84,0.8,0.00662494,-0.325576,0.0142413
0.85,0.8,-0.00444579,-0.346345,0.0226307
0.86,0.8,-0.0149005,-0.366458,0.0310275
0.87,0.8,-0.024406,-0.385274,0.0393262
0.88,0.8,-0.0326038,-0.401976,0.0474069
0.89,0.8,-0.0391307,-0.415557,0.0551356
0.9,0.8,-0.0436497,-0.424826,0.0623672
0.91,0.8,-0.0458892,-0.428436,0.0689502
0.92,0.8,-0.0456889,-0.424931,0.0747322
0.93,0.8,-0.0430474,-0.412826,0.079568
0.94,0.8,-0.0381637,-0.390705,0.0833288
0.95,0.8,-0.0314646,-0.357327,0.0859105
0.96,0.8,-0.0236172,-0.311732,0.0872274
0.97,0.8,-0.015491,-0.253302,0.0872804
0.98,0.8,-0.00808557,-0.181787,0.0861121
0.99,0.8,-0.00312829,-0.097246,0.0824652
1,0.8,0,0,0.0824652
0,0.81,0,0,-0.0795245
0.01,0.81,-0.00142269,0.0348717,-0.0795245
0.02,0.81,-0.0038028,0.0665397,-0.0815002
0.03,0.81,-0.00762289,0.0946732,-0.0825291
0.04,0.81,-0.0122059,0.119199,-0.0832049
0.05,0.81,-0.017191,0.140189,-0.0835128
0.06,0.81,-0.0222439,0.157822,-0.0834576
0.07,0.81,-0.0270823,0.172353,-0.0830798
0.08,0.81,-0.0314879,0.184077,-0.082421
0.09,0.81,-0.0353007,0.193308,-0.0815276
0.1,0.81,-0.0384125,0.200354,-0.0804472
0.11,0.81,-0.0407594,0.205513,-0.0792266
0.12,0.81,-0.0423127,0.209058,-0.07791
0.13,0.81,-0.0430718,0.211235,-0.0765379
0.14,0.81,-0.0430563,0.212264,-0.0751465
0.15,0.81,-0.0423008,0.212337,-0.0737677
0.16,0.81,-0.0408495,0.211619,-0.0724288
0.17,0.81,-0.0387525,0.210252,-0.0711527
0.18,0.81,-0.0360633,0.208356,-0.0699581
0.19,0.81,-0.0328357,0.206032,-0.0688603
0.2,0.81,-0.0291233,0.203364,-0.0678711
0.21,0.81,-0.0249775,0.200422,-0.0669993
0.22,0.81,-0.0204472,0.197263,-0.0662515
0.23,0.81,-0.0155787,0.193934,-0.0656317
0.24,0.81,-0.0104148,0.190473,-0.0651423
0.25,0.81,-0.00499519,0.186911,-0.064784
0.26,0.81,0.00064337,0.18327,-0.0645563
0.27,0.81,0.00646722,0.179569,-0.0644575
0.28,0.81,0.0124454,0.175822,-0.0644848
0.29,0.81,0.0185496,0.172038,-0.064635
0.3,0.81,0.0247538,0.168224,-0.0649037
0.31,0.81,0.0310338,0.164384,-0.0652864
0.32,0.81,0.0373677,0.160519,-0.0657778
0.33,0.81,0.0437347,0.156628,-0.0663723
0.34,0.81,0.0501159,0.152709,-0.0670637
0.35,0.81,0.0564932,0.14876,-0.0678456
0.36,0.81,0.0628498,0.144774,-0.0687112
0.37,0.81,0.0691695,0.140748,-0.0696533
0.38,0.81,0.0754371,0.136673,-0.0706643
0.39,0.81,0.0816376,0.132542,-0.0717363
0.4,0.81,0.0877567,0.128349,-0.072861
0.41,0.81,0.0937803,0.124085,-0.0740297
0.42,0.81,0.0996944,0.11974,-0.0752333
0.43,0.81,0.105485,0.115305,-0.0764624
0.44,0.81,0.111139,0.110772,-0.0777068
0.45,0.81,0.116642,0.106129,-0.0789563
0.46,0.81,0.121979,0.101368,-0.0801999
0.47,0.81,0.127138,0.0964763,-0.0814262
0.48,0.81,0.132103,0.0914445,-0.0826233
0.49,0.81,0.136859,0.0862613,-0.0837787
0.5,0.81,0.141391,0.0809153,-0.0848794
0.51,0.81,0.145683,0.0753949,-0.085912
0.52,0.81,0.14972,0.0696885,-0.0868623
0.53,0.81,0.153483,0.0637838,-0.0877156
0.54,0.81,0.156957,0.0576683,-0.0884568
0.55,0.81,0.160123,0.0513294,-0.0890702
0.56,0.81,0.162962,0.0447537,-0.0895395
0.57,0.81,0.165456,0.0379278,-0.0898479
0.58,0.81,0.167583,0.0308376,-0.0899784
0.59,0.81,0.169325,0.0234685,-0.0899133
0.6,0.81,0.170658,0.0158053,-0.0896347
0.61,0.81,0.171561,0.00783221,-0.0891242
0.62,0.81,0.172012,-0.000467411,-0.0883635
0.63,0.81,0.171986,-0.00911106,-0.087334
0.64,0.81,0.171459,-0.0181172,-0.0860171
0.65,0.81,0.170406,-0.0275056,-0.0843944
0.66,0.81,0.168803,-0.0372971,-0.0824477
0.67,0.81,0.166622,-0.0475143,-0.0801594
0.68,0.81,0.163839,-0.0581813,-0.0775124
0.69,0.81,0.160428,-0.0693241,-0.0744906
0.7,0.81,0.156363,-0.080971,-0.0710789
0.71,0.81,0.151619,-0.0931524,-0.0672638
0.72,0.81,0.146174,-0.105901,-0.0630335
0.73,0.81,0.140008,-0.119252,-0.0583783
0.74,0.81,0.133102,-0.133241,-0.0532911
0.75,0.81,0.125446,-0.147908,-0.0477678
0.76,0.81,0.117033,-0.163291,-0.0418081
0.77,0.81,0.107869,-0.179426,-0.0354157
0.78,0.81,0.0979686,-0.196344,-0.0285994
0.79,0.81,0.0873658,-0.214066,-0.0213739
0.8,0.81,0.0761139,-0.232597,-0.0137605
0.81,0.81,0.0642927,-0.251913,-0.00578877
0.82,0.81,0.0520147,-0.271953,0.00250275
0.83,0.81,0.0394311,-0.292597,0.0110647
0.84,0.81,0.0267384,-0.313646,0.0198355
0.85,0.81,0.014183,-0.334798,0.0287399
0.86,0.81,0.00206346,-0.355613,0.0376871
0.87,0.81,-0.00927208,-0.375491,0.0465704
0.88,0.81,-0.0194355,-0.393635,0.055266
0.89,0.81,-0.0280178,-0.409035,0.0636343
0.9,0.81,-0.0346187,-0.420463,0.0715217
0.91,0.81,-0.0388893,-0.426486,0.0787647
0.92,0.81,-0.0405826,-0.425515,0.0851967
0.93,0.81,-0.0396113,-0.415881,0.090655
0.94,0.81,-0.0361011,-0.395943,0.0949916
0.95,0.81,-0.0304313,-0.364215,0.0980826
0.96,0.81,-0.0232587,-0.31949,0.099823
0.97,0.81,-0.0154848,-0.260938,0.100197
0.98,0.81,-0.00818158,-0.188144,0.099236
0.99,0.81,-0.00319236,-0.10107,0.0956502
1,0.81,0,0,0.0956502
0,0.82,0,0,-0.0826602
0.01,0.82,-0.00164557,0.0367745,-0.0826602
0.02,0.82,-0.00437513,0.0699348,-0.0849013
0.03,0.82,-0.00871009,0.0991087,-0.0860174
0.04,0.82,-0.0138439,0.124238,-0.0867009
0.05,0.82,-0.0193469,0.14544,-0.0869427
0.06,0.82,-0.0248312,0.162954,-0.0867571
0.07,0.82,-0.0299787,0.177103,-0.0861986
0.08,0.82,-0.0345523,0.188249,-0.0853221
0.09,0.82,-0.0383861,0.196765,-0.0841861
0.1,0.82,-0.0413757,0.203014,-0.0828489
0.11,0.82,-0.0434674,0.207334,-0.0813661
0.12,0.82,-0.044647,0.210031,-0.0797892
0.13,0.82,-0.0449295,0.211377,-0.0781641
0.14,0.82,-0.0443511,0.21161,-0.0765312
0.15,0.82,-0.042962,0.210933,-0.074925
0.16,0.82,-0.0408211,0.209518,-0.0733746
0.17,0.82,-0.0379917,0.207512,-0.0719037
0.18,0.82,-0.0345385,0.205036,-0.0705315
0.19,0.82,-0.0305255,0.20219,-0.069273
0.2,0.82,-0.0260143,0.199056,-0.0681394
0.21,0.82,-0.0210633,0.195701,-0.0671389
0.22,0.82,-0.0157271,0.192179,-0.066277
0.23,0.82,-0.0100564,0.188535,-0.0655568
0.24,0.82,-0.00409779,0.184801,-0.0649795
0.25,0.82,0.0021063,0.181006,-0.064545
0.26,0.82,0.00851704,0.177168,-0.0642516
0.27,0.82,0.0150992,0.173303,-0.0640965
0.28,0.82,0.0218206,0.169422,-0.0640763
0.29,0.82,0.0286523,0.165532,-0.0641865
0.3,0.82,0.0355677,0.161637,-0.0644222
0.31,0.82,0.0425426,0.157739,-0.064778
0.32,0.82,0.0495549,0.153838,-0.0652478
0.33,0.82,0.0565841,0.14993,-0.0658255
0.34,0.82,0.0636115,0.146014,-0.0665042
0.35,0.82,0.0706193,0.142084,-0.067277
0.36,0.82,0.0775911,0.138134,-0.0681364
0.37,0.82,0.0845112,0.134158,-0.0690749
0.38,0.82,0.0913648,0.130149,-0.0700845
0.39,0.82,0.0981374,0.1261,-0.0711567
0.4,0.82,0.104815,0.122001,-0.0722828
0.41,0.82,0.111384,0.117845,-0.073454
0.42,0.82,0.117831,0.113622,-0.0746606
0.43,0.82,0.124143,0.109324,-0.0758928
0.44,0.82,0.130306,0.10494,-0.0771403
0.45,0.82,0.136307,0.100461,-0.0783924
0.46,0.82,0.142131,0.0958764,-0.0796379
0.47,0.82,0.147765,0.0911768,-0.080865
0.48,0.82,0.153195,0.0863513,-0.0820616
0.49,0.82,0.158406,0.0813895,-0.0832148
0.5,0.82,0.163382,0.0762804,-0.0843114
0.51,0.82,0.168108,0.071013,-0.0853375
0.52,0.82,0.172568,0.065576,-0.0862786
0.53,0.82,0.176745,0.0599578,-0.0871199
0.54,0.82,0.18062,0.0541467,-0.0878457
0.55,0.82,0.184177,0.0481306,-0.08844
0.56,0.82,0.187397,0.0418969,-0.0888861
0.57,0.82,0.190258,0.0354329,-0.0891669
0.58,0.82,0.192742,0.0287252,-0.0892648
0.59,0.82,0.194826,0.02176,-0.0891616
0.6,0.82,0.196488,0.0145231,-0.0888389
0.61,0.82,0.197706,0.00699929,-0.088278
0.62,0.82,0.198455,-0.000827184,-0.0874597
0.63,0.82,0.198711,-0.00897304,-0.0863649
0.64,0.82,0.198447,-0.017456,-0.0849744
0.65,0.82,0.197638,-0.0262952,-0.0832689
0.66,0.82,0.196256,-0.0355108,-0.0812294
0.67,0.82,0.194272,-0.045125,-0.0788376
0.68,0.82,0.191659,-0.0551616,-0.0760752
0.69,0.82,0.188388,-0.0656469,-0.0729253
0.7,0.82,0.18443,-0.0766092,-0.0693716
0.71,0.82,0.179756,-0.08808,-0.0653994
0.72,0.82,0.174338,-0.100094,-0.0609956
0.73,0.82,0.168151,-0.112687,-0.056149
0.74,0.82,0.16117,-0.125902,-0.0508511
0.75,0.82,0.153376,-0.139781,-0.0450962
0.76,0.82,0.144754,-0.15437,-0.0388819
0.77,0.82,0.135299,-0.169716,-0.0322103
0.78,0.82,0.125014,-0.185863,-0.0250881
0.79,0.82,0.113918,-0.20285,-0.0175277
0.8,0.82,0.102049,-0.220705,-0.00954838
0.81,0.82,0.0894705,-0.239434,-0.00117717
0.82,0.82,0.0762774,-0.259011,0.00754953
0.83,0.82,0.0626037,-0.279358,0.0165845
0.84,0.82,0.0486309,-0.300327,0.0258681
0.85,0.82,0.0345949,-0.321668,0.0353261
0.86,0.82,0.0207915,-0.343001,0.0448681
0.87,0.82,0.00757716,-0.363774,0.0543862
0.88,0.82,-0.00463618,-0.383229,0.0637535
0.89,0.82,-0.0153971,-0.400372,0.0728247
0.9,0.82,-0.0242427,-0.413954,0.0814374
0.91,0.82,-0.0307414,-0.422472,0.089416
0.92,0.82,-0.0345496,-0.42421,0.0965775
0.93,0.82,-0.0354781,-0.417309,0.10274
0.94,0.82,-0.0335603,-0.399886,0.107734
0.95,0.82,-0.0291089,-0.370175,0.111412
0.96,0.82,-0.0227552,-0.326681,0.113646
0.97,0.82,-0.0154262,-0.268314,0.1144
0.98,0.82,-0.00826987,-0.194456,0.113689
0.99,0.82,-0.00325894,-0.104939,0.110188
1,0.82,0,0,0.110188
0,0.83,0,0,-0.0862073
0.01,0.83,-0.00191034,0.0389676,-0.0862073
0.02,0.83,-0.00504865,0.0738083,-0.0887519
0.03,0.83,-0.00997331,0.104108,-0.0899526
0.04,0.83,-0.0157197,0.129838,-0.0906223
0.05,0.83,-0.0217762,0.151179,-0.0907614
0.06,0.83,-0.0276946,0.168454,-0.0903981
0.07,0.83,-0.0331196,0.182074,-0.089606
0.08,0.83,-0.0377978,0.192485,-0.0884569
0.09,0.83,-0.0415626,0.200131,-0.0870246
0.1,0.83,-0.0443196,0.205435,-0.0853802
0.11,0.83,-0.0460314,0.208784,-0.0835894
0.12,0.83,-0.0467035,0.210519,-0.0817116
0.13,0.83,-0.0463719,0.210939,-0.0797984
0.14,0.83,-0.0450932,0.210296,-0.0778942
0.15,0.83,-0.0429363,0.208807,-0.0760359
0.16,0.83,-0.0399771,0.206649,-0.0742538
0.17,0.83,-0.0362935,0.203969,-0.0725722
0.18,0.83,-0.0319627,0.20089,-0.07101
0.19,0.83,-0.027059,0.197508,-0.0695814
0.2,0.83,-0.0216527,0.193901,-0.0682966
0.21,0.83,-0.015809,0.190134,-0.0671626
0.22,0.83,-0.00958807,0.186256,-0.0661835
0.23,0.83,-0.00304461,0.182305,-0.0653612
0.24,0.83,0.00377161,0.17831,-0.0646955
0.25,0.83,0.0108157,0.174296,-0.0641849
0.26,0.83,0.0180472,0.170277,-0.0638265
0.27,0.83,0.0254299,0.166265,-0.0636165
0.28,0.83,0.032931,0.162269,-0.0635501
0.29,0.83,0.0405211,0.158291,-0.063622
0.3,0.83,0.0481738,0.154334,-0.0638264
0.31,0.83,0.055865,0.150397,-0.0641569
0.32,0.83,0.063573,0.146477,-0.0646068
0.33,0.83,0.071278,0.142571,-0.0651691
0.34,0.83,0.0789615,0.138674,-0.0658364
0.35,0.83,0.0866067,0.13478,-0.0666011
0.36,0.83,0.0941978,0.130882,-0.0674553
0.37,0.83,0.10172,0.126974,-0.0683909
0.38,0.83,0.109158,0.123046,-0.0693993
0.39,0.83,0.1165,0.119092,-0.0704719
0.4,0.83,0.123731,0.115102,-0.0715995
0.41,0.83,0.130839,0.111068,-0.0727726
0.42,0.83,0.137811,0.106981,-0.0739816
0.43,0.83,0.144634,0.102831,-0.0752161
0.44,0.83,0.151295,0.0986083,-0.0764656
0.45,0.83,0.157781,0.0943043,-0.077719
0.46,0.83,0.164078,0.089909,-0.0789648
0.47,0.83,0.170174,0.0854122,-0.080191
0.48,0.83,0.176054,0.0808041,-0.0813851
0.49,0.83,0.181703,0.0760745,-0.082534
0.5,0.83,0.187107,0.0712129,-0.083624
0.51,0.83,0.19225,0.066209,-0.0846412
0.52,0.83,0.197116,0.0610521,-0.0855706
0.53,0.83,0.201688,0.0557313,-0.086397
0.54,0.83,0.205949,0.0502354,-0.0871045
0.55,0.83,0.209879,0.0445532,-0.0876766
0.56,0.83,0.213461,0.038673,-0.0880964
0.57,0.83,0.216673,0.0325828,-0.0883462
0.58,0.83,0.219496,0.02627,-0.088408
0.59,0.83,0.221906,0.019722,-0.0882633
0.6,0.83,0.223882,0.0129251,-0.0878931
0.61,0.83,0.225399,0.00586541,-0.0872781
0.62,0.83,0.226433,-0.00147204,-0.0863986
0.63,0.83,0.226958,-0.00910298,-0.0852348
0.64,0.83,0.226946,-0.0170442,-0.0837668
0.65,0.83,0.22637,-0.0253138,-0.0819746
0.66,0.83,0.2252,-0.0339313,-0.0798384
0.67,0.83,0.223408,-0.042918,-0.0773389
0.68,0.83,0.220961,-0.0522971,-0.0744569
0.69,0.83,0.217829,-0.0620944,-0.0711743
0.7,0.83,0.213979,-0.0723382,-0.0674738
0.71,0.83,0.209379,-0.0830602,-0.0633392
0.72,0.83,0.203997,-0.0942954,-0.0587561
0.73,0.83,0.197802,-0.106083,-0.0537118
0.74,0.83,0.190763,-0.118466,-0.0481959
0.75,0.83,0.182853,-0.131492,-0.0422009
0.76,0.83,0.174049,-0.145214,-0.0357226
0.77,0.83,0.164334,-0.159684,-0.0287606
0.78,0.83,0.1537,-0.174962,-0.0213193
0.79,0.83,0.142152,-0.1911,-0.0134086
0.8,0.83,0.129711,-0.208148,-0.00504493
0.81,0.83,0.116423,-0.22614,0.00374736
0.82,0.83,0.102361,-0.245085,0.0129348
0.83,0.83,0.0876394,-0.264949,0.0224731
0.84,0.83,0.0724201,-0.285636,0.0323049
0.85,0.83,0.0569221,-0.306956,0.0423582
0.86,0.83,0.041431,-0.328594,0.0525437
0.87,0.83,0.0263039,-0.350061,0.062753
0.88,0.83,0.0119684,-0.370659,0.0728568
0.89,0.83,-0.00108758,-0.389427,0.0827045
0.9,0.83,-0.0123409,-0.405117,0.0921247
0.91,0.83,-0.0212748,-0.416179,0.100929
0.92,0.83,-0.0274387,-0.420779,0.108916
0.93,0.83,-0.0305251,-0.416871,0.115883
0.94,0.83,-0.0304524,-0.402313,0.121635
0.95,0.83,-0.0274425,-0.375025,0.125997
0.96,0.83,-0.0220807,-0.333176,0.128812
0.97,0.83,-0.0153086,-0.275357,0.130019
0.98,0.83,-0.00835215,-0.200693,0.129614
0.99,0.83,-0.00333026,-0.108851,0.126226
1,0.83,0,0,0.126226
0,0.84,0,0,-0.0902728
0.01,0.84,-0.00222585,0.0415031,-0.0902728
0.02,0.84,-0.00584218,0.0782344,-0.0931623
0.03,0.84,-0.0114387,0.10974,-0.0944377
0.04,0.84,-0.0178573,0.136044,-0.0950594
0.05,0.84,-0.0244895,0.157417,-0.0950433
0.06,0.84,-0.0308204,0.174297,-0.0944385
0.07,0.84,-0.0364584,0.187206,-0.0933438
0.08,0.84,-0.0411395,0.196692,-0.0918531
0.09,0.84,-0.044704,0.203287,-0.0900586
0.1,0.84,-0.047076,0.207482,-0.0880465
0.11,0.84,-0.0482426,0.209717,-0.0858942
0.12,0.84,-0.048236,0.210371,-0.0836691
0.13,0.84,-0.0471188,0.209766,-0.0814288
0.14,0.84,-0.0449723,0.208174,-0.079221
0.15,0.84,-0.0418876,0.205816,-0.0770846
0.16,0.84,-0.0379595,0.202875,-0.0750504
0.17,0.84,-0.033282,0.199498,-0.0731423
0.18,0.84,-0.0279456,0.195801,-0.0713783
0.19,0.84,-0.0220353,0.191879,-0.0697711
0.2,0.84,-0.0156296,0.187805,-0.0683295
0.21,0.84,-0.00880026,0.183636,-0.0670586
0.22,0.84,-0.00161232,0.179415,-0.0659607
0.23,0.84,0.00587587,0.175175,-0.0650359
0.24,0.84,0.0136121,0.170941,-0.0642825
0.25,0.84,0.0215499,0.16673,-0.0636973
0.26,0.84,0.0296478,0.162553,-0.0632759
0.27,0.84,0.0378692,0.158419,-0.0630131
0.28,0.84,0.0461813,0.154331,-0.062903
0.29,0.84,0.0545552,0.150289,-0.0629391
0.3,0.84,0.0629649,0.146293,-0.0631146
0.31,0.84,0.0713871,0.14234,-0.0634222
0.32,0.84,0.079801,0.138425,-0.0638543
0.33,0.84,0.0881876,0.134542,-0.0644032
0.34,0.84,0.0965296,0.130685,-0.0650609
0.35,0.84,0.104811,0.126847,-0.065819
0.36,0.84,0.113017,0.123021,-0.0666692
0.37,0.84,0.121134,0.119198,-0.0676028
0.38,0.84,0.129148,0.115369,-0.0686109
0.39,0.84,0.137047,0.111527,-0.0696842
0.4,0.84,0.144818,0.107662,-0.0708132
0.41,0.84,0.152449,0.103765,-0.0719883
0.42,0.84,0.159929,0.0998276,-0.0731992
0.43,0.84,0.167244,0.09584,-0.0744353
0.44,0.84,0.174383,0.0917929,-0.0756859
0.45,0.84,0.181334,0.0876771,-0.0769395
0.46,0.84,0.188083,0.083483,-0.0781843
0.47,0.84,0.194617,0.0792012,-0.079408
0.48,0.84,0.200923,0.0748221,-0.0805979
0.49,0.84,0.206987,0.0703361,-0.0817405
0.5,0.84,0.212795,0.0657333,-0.082822
0.51,0.84,0.21833,0.0610039,-0.0838279
0.52,0.84,0.223577,0.0561379,-0.0847432
0.53,0.84,0.228519,0.0511253,-0.0855523
0.54,0.84,0.233138,0.0459556,-0.086239
0.55,0.84,0.237417,0.0406185,-0.0867863
0.56,0.84,0.241336,0.0351029,-0.0871771
0.57,0.84,0.244874,0.029398,-0.0873933
0.58,0.84,0.248011,0.0234923,-0.0874164
0.59,0.84,0.250725,0.0173738,-0.0872275
0.6,0.84,0.252991,0.0110301,-0.0868071
0.61,0.84,0.254786,0.00444836,-0.0861353
0.62,0.84,0.256084,-0.00238533,-0.0851919
0.63,0.84,0.256857,-0.00948555,-0.0839565
0.64,0.84,0.257079,-0.016868,-0.0824085
0.65,0.84,0.256721,-0.0245496,-0.0805271
0.66,0.84,0.25575,-0.0325487,-0.0782916
0.67,0.84,0.254137,-0.0408856,-0.0756819
0.68,0.84,0.251847,-0.0495827,-0.0726777
0.69,0.84,0.248848,-0.0586646,-0.0692598
0.7,0.84,0.245104,-0.0681592,-0.0654096
0.71,0.84,0.240579,-0.0780978,-0.0611095
0.72,0.84,0.235237,-0.0885154,-0.0563436
0.73,0.84,0.229043,-0.0994519,-0.0510975
0.74,0.84,0.22196,-0.110952,-0.0453589
0.75,0.84,0.213954,-0.123066,-0.0391181
0.76,0.84,0.204993,-0.135851,-0.0323687
0.77,0.84,0.195051,-0.149367,-0.0251077
0.78,0.84,0.184107,-0.16368,-0.0173367
0.79,0.84,0.172151,-0.178861,-0.00906252
0.8,0.84,0.159188,-0.194975,-0.000298443
0.81,0.84,0.145243,-0.212082,0.00893482
0.82,0.84,0.130369,-0.230226,0.0186074
0.83,0.84,0.114654,-0.249415,0.0286787
0.84,0.84,0.0982371,-0.269608,0.0390951
0.85,0.84,0.081313,-0.290677,0.0497874
0.86,0.84,0.0641493,-0.312381,0.0606688
0.87,0.84,0.047094,-0.334309,0.0716314
0.88,0.84,0.0305811,-0.355835,0.0825448
0.89,0.84,0.0151255,-0.376061,0.0932534
0.9,0.84,0.00130506,-0.393765,0.103577
0.91,0.84,-0.0102781,-0.407373,0.113314
0.92,0.84,-0.0190589,-0.414959,0.122244
0.93,0.84,-0.0245933,-0.414296,0.130139
0.94,0.84,-0.0266591,-0.402969,0.136774
0.95,0.84,-0.0253569,-0.378551,0.141942
0.96,0.84,-0.0211983,-0.338819,0.14545
0.97,0.84,-0.0151214,-0.281975,0.147205
0.98,0.84,-0.00843038,-0.206822,0.147174
0.99,0.84,-0.00340932,-0.112805,0.143936
1,0.84,0,0,0.143936
0,0.85,0,0,-0.0949959
0.01,0.85,-0.00260345,0.0444424,-0.0949959
0.02,0.85,-0.00677868,0.0832964,-0.0982738
0.03,0.85,-0.0131351,0.116077,-0.0996014
0.04,0.85,-0.0202774,0.142891,-0.100122
0.05,0.85,-0.0274838,0.164145,-0.0998764
0.06,0.85,-0.0341685,0.180423,-0.0989438
0.07,0.85,-0.0399081,0.192394,-0.0974569
0.08,0.85,-0.0444376,0.20073,-0.0955373
0.09,0.85,-0.0476162,0.206067,-0.0932998
0.1,0.85,-0.0493978,0.208973,-0.0908481
0.11,0.85,-0.0498042,0.209943,-0.0882719
0.12,0.85,-0.0489029,0.209395,-0.0856473
0.13,0.85,-0.0467895,0.207674,-0.0830369
0.14,0.85,-0.0435746,0.205064,-0.0804912
0.15,0.85,-0.0393745,0.201793,-0.0780498
0.16,0.85,-0.034305,0.198043,-0.0757431
0.17,0.85,-0.0284771,0.193955,-0.0735936
0.18,0.85,-0.0219946,0.189643,-0.0716174
0.19,0.85,-0.0149528,0.185191,-0.069825
0.2,0.85,-0.00743811,0.180666,-0.0682226
0.21,0.85,0.000472079,0.176117,-0.0668131
0.22,0.85,0.00870891,0.171579,-0.0655965
0.23,0.85,0.0172115,0.16708,-0.0645706
0.24,0.85,0.0259261,0.162636,-0.0637317
0.25,0.85,0.0348056,0.15826,-0.0630747
0.26,0.85,0.0438088,0.153958,-0.0625936
0.27,0.85,0.0528993,0.149732,-0.0622815
0.28,0.85,0.0620453,0.145583,-0.0621313
0.29,0.85,0.071219,0.141507,-0.0621351
0.3,0.85,0.0803957,0.137502,-0.062285
0.31,0.85,0.0895534,0.13356,-0.0625728
0.32,0.85,0.0986728,0.129677,-0.06299
0.33,0.85,0.107736,0.125843,-0.0635281
0.34,0.85,0.116728,0.122051,-0.0641783
0.35,0.85,0.125634,0.118293,-0.0649318
0.36,0.85,0.13444,0.11456,-0.0657796
0.37,0.85,0.143133,0.110843,-0.0667125
0.38,0.85,0.151702,0.107133,-0.0677211
0.39,0.85,0.160136,0.103422,-0.0687958
0.4,0.85,0.168422,0.0996998,-0.0699267
0.41,0.85,0.176551,0.0959574,-0.0711037
0.42,0.85,0.18451,0.0921859,-0.0723163
0.43,0.85,0.192288,0.0883761,-0.0735537
0.44,0.85,0.199875,0.0845188,-0.0748046
0.45,0.85,0.207258,0.080605,-0.0760575
0.46,0.85,0.214426,0.0766256,-0.0773001
0.47,0.85,0.221367,0.0725715,-0.0785201
0.48,0.85,0.228066,0.0684337,-0.0797042
0.49,0.85,0.23451,0.0642032,-0.080839
0.5,0.85,0.240686,0.0598706,-0.0819102
0.51,0.85,0.246579,0.055427,-0.0829032
0.52,0.85,0.252172,0.0508631,-0.0838025
0.53,0.85,0.257449,0.0461696,-0.0845923
0.54,0.85,0.262394,0.0413369,-0.0852561
0.55,0.85,0.266987,0.0363556,-0.0857768
0.56,0.85,0.271209,0.0312157,-0.0861366
0.57,0.85,0.27504,0.0259072,-0.0863172
0.58,0.85,0.278459,0.0204197,-0.0862998
0.59,0.85,0.281444,0.0147425,-0.0860648
0.6,0.85,0.28397,0.00886418,-0.0855925
0.61,0.85,0.286013,0.00277302,-0.0848625
0.62,0.85,0.287546,-0.00354351,-0.0838539
0.63,0.85,0.288543,-0.0100988,-0.0825457
0.64,0.85,0.288975,-0.0169072,-0.0809165
0.65,0.85,0.288811,-0.0239842,-0.078945
0.66,0.85,0.288019,-0.0313472,-0.0766096
0.67,0.85,0.286567,-0.0390147,-0.073889
0.68,0.85,0.284421,-0.047008,-0.0707622
0.69,0.85,0.281543,-0.0553506,-0.0672085
0.7,0.85,0.277897,-0.0640691,-0.0632082
0.71,0.85,0.273445,-0.0731937,-0.0587422
0.72,0.85,0.268146,-0.0827592,-0.0537928
0.73,0.85,0.26196,-0.092805,-0.0483438
0.74,0.85,0.254845,-0.103376,-0.0423808
0.75,0.85,0.246762,-0.114525,-0.0358919
0.76,0.85,0.237671,-0.12631,-0.0288678
0.77,0.85,0.227534,-0.138797,-0.0213027
0.78,0.85,0.21632,-0.152061,-0.013195
0.79,0.85,0.204005,-0.16618,-0.00454789
0.8,0.85,0.190575,-0.181239,0.0046294
0.81,0.85,0.176036,-0.197319,0.0143204
0.82,0.85,0.160415,-0.214494,0.0245
0.83,0.85,0.143777,-0.232816,0.0351322
0.84,0.85,0.126227,-0.252292,0.0461683
0.85,0.85,0.107933,-0.272866,0.0575439
0.86,0.85,0.0891353,-0.294372,0.0691758
0.87,0.85,0.0701612,-0.316491,0.0809587
0.88,0.85,0.0514385,-0.338687,0.0927623
0.89,0.85,0.0334974,-0.360148,0.104428
0.9,0.85,0.0169606,-0.379711,0.115768
0.91,0.85,0.00251109,-0.395813,0.126565
0.92,0.85,-0.0091661,-0.406462,0.136579
0.93,0.85,-0.0174741,-0.409271,0.145554
0.94,0.85,-0.0220205,-0.40155,0.15323
0.95,0.85,-0.0227472,-0.380491,0.159358
0.96,0.85,-0.0200536,-0.343416,0.163705
0.97,0.85,-0.014848,-0.288057,0.166131
0.98,0.85,-0.00850624,-0.212801,0.166567
0.99,0.85,-0.0035001,-0.1168,0.163528
1,0.85,0,0,0.163528
0,0.86,0,0,-0.100559
0.01,0.86,-0.00305787,0.0478595,-0.100559
0.02,0.86,-0.00788613,0.0890873,-0.104269
0.03,0.86,-0.015093,0.123186,-0.105606
0.04,0.86,-0.0229921,0.150396,-0.105944
0.05,0.86,-0.030732,0.171312,-0.105363
0.06,0.86,-0.0376558,0.186721,-0.103986
0.07,0.86,-0.0433191,0.197475,-0.10199
0.08,0.86,-0.0474717,0.204399,-0.0995316
0.09,0.86,-0.0500083,0.208245,-0.0967527
0.1,0.86,-0.050928,0.209669,-0.0937761
0.11,0.86,-0.0503,0.209221,-0.0907046
0.12,0.86,-0.0482366,0.207355,-0.0876222
0.13,0.86,-0.0448732,0.204437,-0.0845954
0.14,0.86,-0.0403544,0.200758,-0.081676
0.15,0.86,-0.0348242,0.196546,-0.0789029
0.16,0.86,-0.0284205,0.191977,-0.0763044
0.17,0.86,-0.0212714,0.187187,-0.0739004
0.18,0.86,-0.0134935,0.182277,-0.0717037
0.19,0.86,-0.00519139,0.177323,-0.0697216
0.2,0.86,0.00354215,0.17238,-0.067957
0.21,0.86,0.0126256,0.167489,-0.0664097
0.22,0.86,0.0219877,0.162675,-0.0650767
0.23,0.86,0.0315665,0.157958,-0.0639532
0.24,0.86,0.0413084,0.153347,-0.063033
0.25,0.86,0.051167,0.148847,-0.0623089
0.26,0.86,0.0611022,0.14446,-0.0617729
0.27,0.86,0.0710794,0.140182,-0.0614164
0.28,0.86,0.0810689,0.136011,-0.0612307
0.29,0.86,0.0910445,0.131939,-0.0612068
0.3,0.86,0.100984,0.127959,-0.0613353
0.31,0.86,0.110867,0.124063,-0.0616072
0.32,0.86,0.120677,0.120242,-0.062013
0.33,0.86,0.130398,0.116486,-0.0625434
0.34,0.86,0.140017,0.112788,-0.063189
0.35,0.86,0.14952,0.109136,-0.0639403
0.36,0.86,0.158896,0.105522,-0.0647877
0.37,0.86,0.168134,0.101935,-0.0657215
0.38,0.86,0.177224,0.0983665,-0.066732
0.39,0.86,0.186155,0.0948071,-0.067809
0.4,0.86,0.194918,0.0912473,-0.0689424
0.41,0.86,0.203504,0.0876779,-0.0701217
0.42,0.86,0.211901,0.08409,-0.0713361
0.43,0.86,0.220101,0.0804745,-0.0725744
0.44,0.86,0.228092,0.0768226,-0.0738253
0.45,0.86,0.235865,0.0731256,-0.0750767
0.46,0.86,0.243407,0.0693749,-0.0763165
0.47,0.86,0.250708,0.065562,-0.0775317
0.48,0.86,0.257755,0.0616782,-0.0787091
0.49,0.86,0.264535,0.0577153,-0.0798348
0.5,0.86,0.271034,0.0536648,-0.0808944
0.51,0.86,0.277238,0.0495183,-0.0818731
0.52,0.86,0.283132,0.0452674,-0.0827551
0.53,0.86,0.2887,0.0409036,-0.0835243
0.54,0.86,0.293924,0.0364185,-0.084164
0.55,0.86,0.298787,0.0318033,-0.0846568
0.56,0.86,0.303269,0.0270494,-0.0849845
0.57,0.86,0.307351,0.0221476,-0.0851285
0.58,0.86,0.31101,0.0170888,-0.0850697
0.59,0.86,0.314225,0.0118634,-0.0847882
0.6,0.86,0.316972,0.00646123,-0.0842635
0.61,0.86,0.319226,0.000871924,-0.083475
0.62,0.86,0.32096,-0.00491575,-0.0824013
0.63,0.86,0.322146,-0.0109137,-0.0810207
0.64,0.86,0.322756,-0.017135,-0.0793111
0.65,0.86,0.322758,-0.0235936,-0.0772505
0.66,0.86,0.322119,-0.0303051,-0.0748165
0.67,0.86,0.320806,-0.0372868,-0.0719868
0.68,0.86,0.318783,-0.0445582,-0.0687393
0.69,0.86,0.316012,-0.0521411,-0.0650522
0.7,0.86,0.312454,-0.0600608,-0.0609043
0.71,0.86,0.308067,-0.0683459,-0.056275
0.72,0.86,0.30281,-0.0770298,-0.0511448
0.73,0.86,0.296637,-0.0861509,-0.0454955
0.74,0.86,0.289503,-0.095754,-0.0393104
0.75,0.86,0.281361,-0.105891,-0.0325749
0.76,0.86,0.272165,-0.116622,-0.025277
0.77,0.86,0.261868,-0.128015,-0.0174074
0.78,0.86,0.250428,-0.14015,-0.00896069
0.79,0.86,0.237807,-0.153115,6.40999e-05
0.8,0.86,0.223973,-0.167004,0.0096625
0.81,0.86,0.208912,-0.181921,0.0198233
0.82,0.86,0.192626,-0.197965,0.0305271
0.83,0.86,0.175148,-0.215225,0.0417443
0.84,0.86,0.156552,-0.233762,0.0534324
0.85,0.86,0.13697,-0.253583,0.0655337
0.86,0.86,0.116604,-0.274606,0.077971
0.87,0.86,0.0957505,-0.296609,0.090644
0.88,0.86,0.0748169,-0.319168,0.103425
0.89,0.86,0.0543322,-0.34158,0.116154
0.9,0.86,0.0349488,-0.362776,0.128637
0.91,0.86,0.0174209,-0.381244,0.140645
0.92,0.86,0.00255293,-0.394972,0.151915
0.93,0.86,-0.00889086,-0.401441,0.162159
0.94,0.86,-0.0163172,-0.397696,0.171074
0.95,0.86,-0.0194634,-0.380523,0.178364
0.96,0.86,-0.0185655,-0.346722,0.183739
0.97,0.86,-0.0144604,-0.293454,0.187002
0.98,0.86,-0.00858015,-0.218573,0.188032
0.99,0.86,-0.0036077,-0.120837,0.185258
1,0.86,0,0,0.185258
0,0.87,0,0,-0.107207
0.01,0.87,-0.00360851,0.0518433,-0.107207
0.02,0.87,-0.00919841,0.095708,-0.111384
0.03,0.87,-0.0173413,0.131121,-0.112654
0.04,0.87,-0.0259946,0.158534,-0.112686
0.05,0.87,-0.034164,0.178812,-0.11162
0.06,0.87,-0.0411296,0.193009,-0.109641
0.07,0.87,-0.046446,0.202208,-0.106984
0.08,0.87,-0.0499022,0.207417,-0.103849
0.09,0.87,-0.0514516,0.209521,-0.100409
0.1,0.87,-0.0511579,0.209263,-0.0968078
0.11,0.87,-0.0491525,0.20725,-0.0931602
0.12,0.87,-0.0456029,0.203966,-0.0895563
0.13,0.87,-0.0406911,0.19979,-0.0860646
0.14,0.87,-0.0345991,0.195014,-0.0827358
0.15,0.87,-0.0275003,0.189858,-0.0796057
0.16,0.87,-0.0195545,0.184489,-0.0766987
0.17,0.87,-0.0109056,0.179027,-0.0740301
0.18,0.87,-0.00168137,0.173562,-0.0716079
0.19,0.87,0.00800658,0.168155,-0.069435
0.2,0.87,0.0180614,0.162849,-0.06751
0.21,0.87,0.0283997,0.157671,-0.0658287
0.22,0.87,0.03895,0.152638,-0.0643845
0.23,0.87,0.0496517,0.147759,-0.0631695
0.24,0.87,0.0604529,0.143036,-0.0621745
0.25,0.87,0.0713098,0.138466,-0.06139
0.26,0.87,0.0821852,0.134045,-0.0608057
0.27,0.87,0.0930476,0.129765,-0.0604113
0.28,0.87,0.10387,0.125618,-0.0601963
0.29,0.87,0.11463,0.121592,-0.0601503
0.3,0.87,0.125308,0.117679,-0.0602628
0.31,0.87,0.135888,0.113867,-0.0605236
0.32,0.87,0.146354,0.110145,-0.0609224
0.33,0.87,0.156694,0.106503,-0.0614489
0.34,0.87,0.166897,0.102929,-0.0620932
0.35,0.87,0.176952,0.0994136,-0.0628451
0.36,0.87,0.18685,0.0959455,-0.0636946
0.37,0.87,0.196583,0.092515,-0.0646313
0.38,0.87,0.206141,0.0891121,-0.0656452
0.39,0.87,0.215517,0.0857272,-0.0667259
0.4,0.87,0.224702,0.0823511,-0.0678627
0.41,0.87,0.233689,0.0789745,-0.0690448
0.42,0.87,0.242468,0.0755887,-0.0702613
0.43,0.87,0.251031,0.072185,-0.0715008
0.44,0.87,0.259368,0.0687548,-0.0727515
0.45,0.87,0.267471,0.06529,-0.0740013
0.46,0.87,0.275329,0.0617824,-0.0752376
0.47,0.87,0.282932,0.0582241,-0.0764476
0.48,0.87,0.290267,0.0546073,-0.0776175
0.49,0.87,0.297323,0.0509242,-0.0787335
0.5,0.87,0.304087,0.0471673,-0.0797809
0.51,0.87,0.310545,0.0433289,-0.0807445
0.52,0.87,0.316683,0.0394015,-0.0816086
0.53,0.87,0.322484,0.0353777,-0.0823568
0.54,0.87,0.327932,0.0312499,-0.0829719
0.55,0.87,0.33301,0.0270105,-0.0834364
0.56,0.87,0.337699,0.0226518,-0.083732
0.57,0.87,0.341978,0.018166,-0.0838396
0.58,0.87,0.345827,0.0135449,-0.0837398
0.59,0.87,0.349224,0.0087804,-0.0834123
0.6,0.87,0.352144,0.00386363,-0.0828365
0.61,0.87,0.354563,-0.00121449,-0.081991
0.62,0.87,0.356454,-0.00646371,-0.0808539
0.63,0.87,0.357789,-0.0118945,-0.0794032
0.64,0.87,0.358539,-0.0175182,-0.0776161
0.65,0.87,0.358671,-0.0233472,-0.0754697
0.66,0.87,0.358154,-0.0293954,-0.0729408
0.67,0.87,0.356952,-0.0356784,-0.0700064
0.68,0.87,0.355029,-0.0422136,-0.0666431
0.69,0.87,0.352345,-0.0490211,-0.0628279
0.7,0.87,0.34886,-0.0561241,-0.0585383
0.71,0.87,0.344531,-0.0635493,-0.0537519
0.72,0.87,0.339312,-0.0713282,-0.0484475
0.73,0.87,0.333156,-0.0794974,-0.0426047
0.74,0.87,0.326014,-0.0880999,-0.0362043
0.75,0.87,0.317833,-0.0971865,-0.0292289
0.76,0.87,0.308561,-0.106817,-0.0216632
0.77,0.87,0.298143,-0.117061,-0.0134942
0.78,0.87,0.286526,-0.127999,-0.00471218
0.79,0.87,0.273658,-0.139724,0.00468872
0.8,0.87,0.259492,-0.152343,0.0147096
0.81,0.87,0.243992,-0.16597,0.0253456
0.82,0.87,0.227135,-0.180729,0.0365843
0.83,0.87,0.208922,-0.19674,0.048404
0.84,0.87,0.189391,-0.214112,0.0607707
0.85,0.87,0.168629,-0.232915,0.0736355
0.86,0.87,0.146796,-0.25315,0.0869303
0.87,0.87,0.124143,-0.2747,0.100563
0.88,0.87,0.101039,-0.297265,0.114412
0.89,0.87,0.0779918,-0.320276,0.12832
0.9,0.87,0.0556636,-0.342796,0.142091
0.91,0.87,0.034862,-0.363413,0.155484
0.92,0.87,0.0165028,-0.380148,0.168213
0.93,0.87,0.00152559,-0.390399,0.179957
0.94,0.87,-0.00924488,-0.390977,0.190364
0.95,0.87,-0.0152879,-0.378247,0.199077
0.96,0.87,-0.016609,-0.348423,0.205733
0.97,0.87,-0.0139107,-0.297972,0.210059
0.98,0.87,-0.00864908,-0.224064,0.21186
0.99,0.87,-0.00373848,-0.124917,0.20945
1,0.87,0,0,0.20945
0,0.88,0,0,-0.115271
0.01,0.88,-0.00428106,0.0565014,-0.115271
0.02,0.88,-0.0107554,0.103263,-0.11993
0.03,0.88,-0.0198999,0.139909,-0.121004
0.04,0.88,-0.0292407,0.167222,-0.120541
0.05,0.88,-0.0376358,0.18645,-0.118777
0.06,0.88,-0.0443251,0.199001,-0.115982
0.07,0.88,-0.0488969,0.206245,-0.112467
0.08,0.88,-0.051215,0.209402,-0.108485
0.09,0.88,-0.0513221,0.209498,-0.104241
0.1,0.88,-0.0493701,0.207367,-0.0998999
0.11,0.88,-0.0455687,0.203663,-0.0955867
0.12,0.88,-0.0401509,0.198891,-0.0913941
0.13,0.88,-0.0333504,0.193431,-0.0873889
0.14,0.88,-0.0253886,0.187565,-0.083617
0.15,0.88,-0.0164673,0.1815,-0.0801084
0.16,0.88,-0.00676632,0.175381,-0.0768805
0.17,0.88,0.00355758,0.169313,-0.0739419
0.18,0.88,0.0143692,0.163364,-0.0712942
0.19,0.88,0.0255535,0.157579,-0.068934
0.2,0.88,0.0370129,0.151987,-0.0668547
0.21,0.88,0.0486656,0.1466,-0.0650471
0.22,0.88,0.0604432,0.141423,-0.0635005
0.23,0.88,0.0722886,0.136455,-0.0622031
0.24,0.88,0.0841546,0.131688,-0.0611428
0.25,0.88,0.0960019,0.127115,-0.0603069
0.26,0.88,0.107798,0.122722,-0.0596831
0.27,0.88,0.119517,0.118497,-0.059259
0.28,0.88,0.131135,0.114428,-0.0590224
0.29,0.88,0.142635,0.110501,-0.0589613
0.3,0.88,0.154002,0.106701,-0.0590642
0.31,0.88,0.165222,0.103017,-0.0593196
0.32,0.88,0.176285,0.0994354,-0.0597164
0.33,0.88,0.187181,0.0959435,-0.0602437
0.34,0.88,0.197902,0.0925297,-0.0608906
0.35,0.88,0.208441,0.0891824,-0.0616465
0.36,0.88,0.218792,0.0858907,-0.0625008
0.37,0.88,0.228947,0.082644,-0.063443
0.38,0.88,0.2389,0.0794324,-0.0644623
0.39,0.88,0.248647,0.076246,-0.0655482
0.4,0.88,0.258179,0.0730757,-0.0666896
0.41,0.88,0.267491,0.0699126,-0.0678757
0.42,0.88,0.276576,0.066748,-0.069095
0.43,0.88,0.285427,0.0635737,-0.0703361
0.44,0.88,0.294035,0.0603818,-0.0715869
0.45,0.88,0.302393,0.0571645,-0.0728352
0.46,0.88,0.310492,0.0539144,-0.0740682
0.47,0.88,0.318322,0.0506242,-0.0752728
0.48,0.88,0.325872,0.0472868,-0.0764354
0.49,0.88,0.333131,0.0438952,-0.0775416
0.5,0.88,0.340087,0.0404428,-0.0785767
0.51,0.88,0.346728,0.0369229,-0.0795255
0.52,0.88,0.353038,0.0333288,-0.0803718
0.53,0.88,0.359004,0.0296541,-0.0810992
0.54,0.88,0.364609,0.0258923,-0.0816904
0.55,0.88,0.369835,0.0220369,-0.0821275
0.56,0.88,0.374666,0.0180814,-0.082392
0.57,0.88,0.37908,0.014019,-0.0824648
0.58,0.88,0.383058,0.0098431,-0.0823259
0.59,0.88,0.386578,0.0055466,-0.0819548
0.6,0.88,0.389615,0.0011222,-0.0813305
0.61,0.88,0.392145,-0.0034378,-0.0804313
0.62,0.88,0.394142,-0.00814162,-0.0792348
0.63,0.88,0.395578,-0.0129981,-0.0777184
0.64,0.88,0.396424,-0.0180169,-0.0758589
0.65,0.88,0.396646,-0.0232088,-0.0736325
0.66,0.88,0.396214,-0.0285857,-0.0710154
0.67,0.88,0.395091,-0.0341612,-0.0679835
0.68,0.88,0.39324,-0.0399507,-0.0645125
0.69,0.88,0.390621,-0.0459721,-0.0605782
0.7,0.88,0.387193,-0.0522463,-0.0561564
0.71,0.88,0.382911,-0.0587976,-0.0512234
0.72,0.88,0.377728,-0.0656548,-0.0457558
0.73,0.88,0.371594,-0.0728521,-0.0397311
0.74,0.88,0.364455,-0.0804301,-0.0331275
0.75,0.88,0.356258,-0.0884372,-0.0259245
0.76,0.88,0.346942,-0.0969308,-0.0181032
0.77,0.88,0.336446,-0.10598,-0.00964656
0.78,0.88,0.324707,-0.115664,-0.000540124
0.79,0.88,0.311662,-0.12608,0.00922758
0.8,0.88,0.297248,-0.137338,0.0196641
0.81,0.88,0.281407,-0.149562,0.0307719
0.82,0.88,0.264091,-0.162893,0.0425471
0.83,0.88,0.24527,-0.177479,0.0549776
0.84,0.88,0.224941,-0.193467,0.0680404
0.85,0.88,0.203145,-0.210986,0.0816981
0.86,0.88,0.179987,-0.230116,0.0958953
0.87,0.88,0.155661,-0.250847,0.110552
0.88,0.88,0.130479,-0.273012,0.125559
0.89,0.88,0.104906,-0.2962,0.140767
0.9,0.88,0.0795844,-0.319641,0.155981
0.91,0.88,0.0553489,-0.342078,0.170956
0.92,0.88,0.0332068,-0.361631,0.185386
0.93,0.88,0.0142709,-0.37569,0.198913
0.94,0.88,-0.000377549,-0.38088,0.211131
0.95,0.88,-0.00990136,-0.373162,0.221607
0.96,0.88,-0.013989,-0.348104,0.229886
0.97,0.88,-0.0131161,-0.301342,0.235591
0.98,0.88,-0.0087018,-0.229165,0.238415
0.99,0.88,-0.0038997,-0.129041,0.236524
1,0.88,0,0,0.236524
0,0.89,0,0,-0.125209
0.01,0.89,-0.00510935,0.0619632,-0.125209
0.02,0.89,-0.0126006,0.111848,-0.130319
0.03,0.89,-0.0227631,0.14952,-0.130978
0.04,0.89,-0.032613,0.176273,-0.129735
0.05,0.89,-0.0408756,0.193898,-0.126969
0.06,0.89,-0.0467976,0.204266,-0.123071
0.07,0.89,-0.0500563,0.209094,-0.118446
0.08,0.89,-0.0506403,0.209838,-0.113405
0.09,0.89,-0.0487201,0.207672,-0.108189
0.1,0.89,-0.0445619,0.203506,-0.102979
0.11,0.89,-0.0384699,0.198028,-0.097905
0.12,0.89,-0.03075,0.191745,-0.0930562
0.13,0.89,-0.0216898,0.185026,-0.0884921
0.14,0.89,-0.0115483,0.178129,-0.0842491
0.15,0.89,-0.000552065,0.171235,-0.080347
0.16,0.89,0.0111047,0.164463,-0.076793
0.17,0.89,0.0232579,0.157891,-0.0735861
0.18,0.89,0.0357706,0.151566,-0.0707194
0.19,0.89,0.0485295,0.145511,-0.0681817
0.2,0.89,0.0614416,0.139736,-0.0659598
0.21,0.89,0.074431,0.13424,-0.0640387
0.22,0.89,0.0874361,0.129015,-0.0624026
0.23,0.89,0.100407,0.124048,-0.0610358
0.24,0.89,0.113304,0.119322,-0.0599225
0.25,0.89,0.126096,0.114822,-0.0590473
0.26,0.89,0.138756,0.11053,-0.058395
0.27,0.89,0.151264,0.106428,-0.0579514
0.28,0.89,0.163606,0.102499,-0.0577024
0.29,0.89,0.175767,0.0987256,-0.0576348
0.3,0.89,0.187738,0.0950925,-0.0577355
0.31,0.89,0.199511,0.0915842,-0.0579923
0.32,0.89,0.211079,0.0881865,-0.0583931
0.33,0.89,0.222438,0.0848856,-0.0589262
0.34,0.89,0.233583,0.0816688,-0.0595803
0.35,0.89,0.24451,0.0785241,-0.0603441
0.36,0.89,0.255215,0.0754401,-0.0612067
0.37,0.89,0.265695,0.0724062,-0.0621571
0.38,0.89,0.275947,0.0694123,-0.0631843
0.39,0.89,0.285965,0.0664487,-0.0642774
0.4,0.89,0.295747,0.0635067,-0.0654252
0.41,0.89,0.305288,0.0605775,-0.0666165
0.42,0.89,0.314582,0.0576531,-0.0678398
0.43,0.89,0.323625,0.0547258,-0.0690834
0.44,0.89,0.332409,0.0517881,-0.0703352
0.45,0.89,0.340929,0.0488332,-0.0715827
0.46,0.89,0.349175,0.0458541,-0.072813
0.47,0.89,0.35714,0.0428444,-0.074013
0.48,0.89,0.364815,0.0397979,-0.0751687
0.49,0.89,0.372189,0.0367085,-0.0762659
0.5,0.89,0.37925,0.0335704,-0.0772897
0.51,0.89,0.385988,0.0303779,-0.0782246
0.52,0.89,0.392387,0.0271253,-0.0790544
0.53,0.89,0.398436,0.0238074,-0.0797626
0.54,0.89,0.404117,0.0204185,-0.0803317
0.55,0.89,0.409414,0.0169535,-0.0807436
0.56,0.89,0.414311,0.013407,-0.0809797
0.57,0.89,0.418788,0.00977359,-0.0810206
0.58,0.89,0.422824,0.00604775,-0.0808461
0.59,0.89,0.426398,0.00222386,-0.0804356
0.6,0.89,0.429488,-0.00170397,-0.0797676
0.61,0.89,0.432069,-0.00574193,-0.0788201
0.62,0.89,0.434115,-0.00989668,-0.0775704
0.63,0.89,0.435598,-0.0141754,-0.0759953
0.64,0.89,0.436489,-0.018586,-0.0740711
0.65,0.89,0.436756,-0.0231374,-0.0717734
0.66,0.89,0.436368,-0.0278395,-0.0690777
0.67,0.89,0.435288,-0.0327038,-0.065959
0.68,0.89,0.43348,-0.0377434,-0.0623919
0.69,0.89,0.430902,-0.042974,-0.0583511
0.7,0.89,0.427514,-0.0484136,-0.053811
0.71,0.89,0.423269,-0.0540838,-0.0487462
0.72,0.89,0.41812,-0.0600106,-0.0431315
0.73,0.89,0.412014,-0.0662248,-0.0369418
0.74,0.89,0.404897,-0.0727637,-0.0301528
0.75,0.89,0.396709,-0.0796721,-0.0227409
0.76,0.89,0.387387,-0.0870043,-0.0146832
0.77,0.89,0.376865,-0.0948254,-0.0059585
0.78,0.89,0.365069,-0.103214,0.00345306
0.79,0.89,0.351927,-0.112264,0.013569
0.8,0.89,0.337361,-0.122087,0.0244042
0.81,0.89,0.321294,-0.132812,0.0359695
0.82,0.89,0.303654,-0.14459,0.0482711
0.83,0.89,0.284377,-0.157588,0.0613083
0.84,0.89,0.263421,-0.171985,0.0750714
0.85,0.89,0.240776,-0.187959,0.0895383
0.86,0.89,0.216484,-0.205662,0.10467
0.87,0.89,0.19067,-0.225188,0.120406
0.88,0.89,0.163572,-0.246505,0.136652
0.89,0.89,0.135582,-0.269376,0.153277
0.9,0.89,0.107292,-0.293232,0.170099
0.91,0.89,0.0795235,-0.317028,0.186872
0.92,0.89,0.0533413,-0.339063,0.20328
0.93,0.89,0.0300114,-0.356809,0.21893
0.94,0.89,0.010884,-0.366799,0.233358
0.95,0.89,-0.00282993,-0.364637,0.246042
0.96,0.89,-0.0103961,-0.345212,0.256408
0.97,0.89,-0.0119311,-0.303185,0.263934
0.98,0.89,-0.00870886,-0.233709,0.268156
0.99,0.89,-0.00409793,-0.133204,0.267032
1,0.89,0,0,0.267032
0,0.9,0,0,-0.137675
0.01,0.9,-0.00613613,0.0683833,-0.137675
0.02,0.9,-0.0147724,0.121531,-0.143101
0.03,0.9,-0.0258649,0.159818,-0.142977
0.04,0.9,-0.0358557,0.185336,-0.14052
0.05,0.9,-0.0433921,0.200633,-0.136322
0.06,0.9,-0.0478131,0.208174,-0.130937
0.07,0.9,-0.0489684,0.21008,-0.124881
0.08,0.9,-0.0470367,0.208059,-0.118528
0.09,0.9,-0.0423607,0.203414,-0.112149
0.1,0.9,-0.0353468,0.197112,-0.105931
0.11,0.9,-0.026405,0.189848,-0.1
0.12,0.9,-0.0159167,0.182108,-0.0944327
0.13,0.9,-0.00421939,0.174227,-0.0892732
0.14,0.9,0.0083979,0.166426,-0.0845415
0.15,0.9,0.0216929,0.158846,-0.0802418
0.16,0.9,0.0354661,0.15157,-0.0763671
0.17,0.9,0.0495553,0.144646,-0.0729037
0.18,0.9,0.0638301,0.138092,-0.0698334
0.19,0.9,0.0781865,0.131908,-0.0671359
0.2,0.9,0.0925424,0.126085,-0.06479
0.21,0.9,0.106833,0.120605,-0.0627739
0.22,0.9,0.12101,0.115447,-0.0610666
0.23,0.9,0.135033,0.110586,-0.0596477
0.24,0.9,0.148874,0.106,-0.0584976
0.25,0.9,0.162511,0.101663,-0.0575977
0.26,0.9,0.175928,0.0975532,-0.0569306
0.27,0.9,0.189113,0.0936476,-0.0564797
0.28,0.9,0.202057,0.0899258,-0.0562294
0.29,0.9,0.214757,0.0863684,-0.056165
0.3,0.9,0.227207,0.0829571,-0.0562724
0.31,0.9,0.239405,0.0796754,-0.0565382
0.32,0.9,0.251351,0.0765077,-0.0569497
0.33,0.9,0.263044,0.0734396,-0.0574946
0.34,0.9,0.274484,0.0704579,-0.058161
0.35,0.9,0.28567,0.0675503,-0.0589372
0.36,0.9,0.296602,0.0647054,-0.0598119
0.37,0.9,0.30728,0.0619128,-0.0607738
0.38,0.9,0.317703,0.0591625,-0.0618118
0.39,0.9,0.327869,0.0564454,-0.0629145
0.4,0.9,0.337778,0.0537531,-0.0640709
0.41,0.9,0.347426,0.0510774,-0.0652693
0.42,0.9,0.35681,0.048411,-0.0664983
0.43,0.9,0.365927,0.0457467,-0.0677459
0.44,0.9,0.374772,0.043078,-0.069
0.45,0.9,0.383339,0.0403986,-0.0702481
0.46,0.9,0.391621,0.0377026,-0.0714772
0.47,0.9,0.399613,0.0349844,-0.0726739
0.48,0.9,0.407305,0.0322385,-0.0738244
0.49,0.9,0.414688,0.02946,-0.0749143
0.5,0.9,0.421752,0.026644,-0.0759286
0.51,0.9,0.428486,0.0237857,-0.0768518
0.52,0.9,0.434878,0.0208808,-0.0776676
0.53,0.9,0.440914,0.0179248,-0.0783594
0.54,0.9,0.446579,0.0149135,-0.0789096
0.55,0.9,0.451859,0.0118427,-0.0793001
0.56,0.9,0.456736,0.00870833,-0.0795121
0.57,0.9,0.461192,0.00550626,-0.0795259
0.58,0.9,0.465207,0.00223235,-0.0793214
0.59,0.9,0.468761,-0.00111768,-0.0788776
0.6,0.9,0.471832,-0.00454825,-0.0781728
0.61,0.9,0.474395,-0.00806405,-0.0771848
0.62,0.9,0.476426,-0.0116701,-0.0758906
0.63,0.9,0.477897,-0.0153719,-0.0742665
0.64,0.9,0.47878,-0.0191756,-0.0722882
0.65,0.9,0.479045,-0.0230881,-0.0699311
0.66,0.9,0.478658,-0.0271173,-0.0671698
0.67,0.9,0.477584,-0.0312726,-0.0639784
0.68,0.9,0.475788,-0.0355646,-0.0603308
0.69,0.9,0.473229,-0.0400063,-0.0562003
0.7,0.9,0.469865,-0.044613,-0.0515602
0.71,0.9,0.465651,-0.0494033,-0.0463834
0.72,0.9,0.460537,-0.0543995,-0.0406427
0.73,0.9,0.454472,-0.0596289,-0.0343108
0.74,0.9,0.447397,-0.0651246,-0.0273607
0.75,0.9,0.439253,-0.0709271,-0.0197654
0.76,0.9,0.429973,-0.0770857,-0.0114984
0.77,0.9,0.419484,-0.0836608,-0.00253361
0.78,0.9,0.407709,-0.0907261,0.00715427
0.79,0.9,0.394565,-0.0983711,0.0175894
0.8,0.9,0.379961,-0.106704,0.0287945
0.81,0.9,0.363804,-0.115854,0.0407899
0.82,0.9,0.345998,-0.125975,0.053593
0.83,0.9,0.32645,-0.137245,0.0672166
0.84,0.9,0.305074,-0.149864,0.0816669
0.85,0.9,0.28181,-0.164046,0.0969406
0.86,0.9,0.256634,-0.180007,0.11302
0.87,0.9,0.229588,-0.19793,0.129869
0.88,0.9,0.200818,-0.217919,0.14742
0.89,0.9,0.170618,-0.239913,0.165569
0.9,0.9,0.139486,-0.263574,0.184156
0.91,0.9,0.108183,-0.288118,0.202953
0.92,0.9,0.0777767,-0.312109,0.221646
0.93,0.9,0.0496421,-0.333223,0.239819
0.94,0.9,0.025385,-0.34803,0.256951
0.95,0.9,0.00663432,-0.35188,0.272418
0.96,0.9,-0.00533409,-0.339003,0.285502
0.97,0.9,-0.0100969,-0.302953,0.295484
0.98,0.9,-0.00860121,-0.237431,0.301663
0.99,0.9,-0.00433378,-0.137385,0.301731
1,0.9,0,0,0.301731
0,0.91,0,0,-0.153618
0.01,0.91,-0.0074092,0.0759391,-0.153618
0.02,0.91,-0.0172776,0.132299,-0.159007
0.03,0.91,-0.0290038,0.170476,-0.157491
0.04,0.91,-0.0384524,0.193797,-0.153162
0.05,0.91,-0.0443183,0.205849,-0.146928
0.06,0.91,-0.0461757,0.209829,-0.139548
0.07,0.91,-0.0441629,0.208306,-0.131664
0.08,0.91,-0.0387275,0.203221,-0.123704
0.09,0.91,-0.030428,0.195974,-0.115952
0.1,0.91,-0.0198293,0.187544,-0.108586
0.11,0.91,-0.00744901,0.178593,-0.101711
0.12,0.91,0.00626513,0.169556,-0.0953776
0.13,0.91,0.0209396,0.160709,-0.0896027
0.14,0.91,0.0362708,0.152215,-0.084382
0.15,0.91,0.0520165,0.144166,-0.079697
0.16,0.91,0.0679865,0.1366,-0.075522
0.17,0.91,0.0840336,0.129527,-0.0718268
0.18,0.91,0.100045,0.122934,-0.06858
0.19,0.91,0.115935,0.116799,-0.0657502
0.2,0.91,0.131642,0.111089,-0.0633071
0.21,0.91,0.147118,0.105773,-0.0612218
0.22,0.91,0.162331,0.100816,-0.0594671
0.23,0.91,0.177259,0.0961834,-0.058018
0.24,0.91,0.191886,0.0918445,-0.056851
0.25,0.91,0.206203,0.0877689,-0.0559446
0.26,0.91,0.220207,0.0839287,-0.0552787
0.27,0.91,0.233895,0.0802985,-0.054835
0.28,0.91,0.247268,0.0768548,-0.0545961
0.29,0.91,0.26033,0.0735764,-0.054546
0.3,0.91,0.273085,0.0704438,-0.0546699
0.31,0.91,0.285535,0.0674396,-0.0549534
0.32,0.91,0.297686,0.0645475,-0.0553831
0.33,0.91,0.309543,0.0617532,-0.0559464
0.34,0.91,0.32111,0.0590434,-0.0566308
0.35,0.91,0.33239,0.056406,-0.0574244
0.36,0.91,0.343386,0.05383,-0.0583155
0.37,0.91,0.354103,0.0513052,-0.0592928
0.38,0.91,0.364542,0.0488225,-0.0603448
0.39,0.91,0.374703,0.0463734,-0.0614602
0.4,0.91,0.384588,0.04395,-0.0626277
0.41,0.91,0.394197,0.041545,-0.0638357
0.42,0.91,0.403527,0.0391519,-0.0650726
0.43,0.91,0.412578,0.0367644,-0.0663264
0.44,0.91,0.421345,0.0343767,-0.067585
0.45,0.91,0.429825,0.0319835,-0.0688358
0.46,0.91,0.438014,0.0295799,-0.0700659
0.47,0.91,0.445903,0.0271612,-0.0712618
0.48,0.91,0.453488,0.024723,-0.0724096
0.49,0.91,0.46076,0.0222613,-0.073495
0.5,0.91,0.467709,0.0197722,-0.074503
0.51,0.91,0.474326,0.0172522,-0.075418
0.52,0.91,0.480599,0.0146978,-0.0762238
0.53,0.91,0.486516,0.0121059,-0.0769036
0.54,0.91,0.492063,0.00947327,-0.0774399
0.55,0.91,0.497225,0.00679706,-0.0778144
0.56,0.91,0.501987,0.00407437,-0.0780083
0.57,0.91,0.506331,0.00130239,-0.078002
0.58,0.91,0.510239,-0.00152172,-0.0777751
0.59,0.91,0.513691,-0.0044008,-0.0773065
0.6,0.91,0.516665,-0.00733784,-0.0765744
0.61,0.91,0.519139,-0.010336,-0.0755563
0.62,0.91,0.521088,-0.0133986,-0.0742289
0.63,0.91,0.522486,-0.0165296,-0.0725683
0.64,0.91,0.523305,-0.0197332,-0.0705499
0.65,0.91,0.523517,-0.0230145,-0.0681484
0.66,0.91,0.523089,-0.0263791,-0.0653379
0.67,0.91,0.521987,-0.0298342,-0.0620919
0.68,0.91,0.520175,-0.0333881,-0.0583833
0.69,0.91,0.517614,-0.0370509,-0.0541845
0.7,0.91,0.514264,-0.0408349,-0.0494673
0.71,0.91,0.510078,-0.0447555,-0.0442033
0.72,0.91,0.505008,-0.0488311,-0.0383634
0.73,0.91,0.499002,-0.0530849,-0.0319182
0.74,0.91,0.492003,-0.0575452,-0.0248379
0.75,0.91,0.483947,-0.0622474,-0.0170923
0.76,0.91,0.474767,-0.0672348,-0.00865111
0.77,0.91,0.464388,-0.0725615,0.000516532
0.78,0.91,0.452727,-0.0782941,0.0104415
0.79,0.91,0.439693,-0.084515,0.0211549
0.8,0.91,0.425187,-0.0913253,0.0326878
0.81,0.91,0.4091,-0.0988487,0.0450706
0.82,0.91,0.391316,-0.107235,0.0583332
0.83,0.91,0.371714,-0.116663,0.0725032
0.84,0.91,0.350171,-0.127344,0.0876054
0.85,0.91,0.326572,-0.139516,0.103658
0.86,0.91,0.300826,-0.153437,0.120671
0.87,0.91,0.272888,-0.169368,0.138638
0.88,0.91,0.242793,-0.187529,0.157529
0.89,0.91,0.210711,-0.208036,0.177279
0.9,0.91,0.177003,-0.230788,0.19777
0.91,0.91,0.14231,-0.255307,0.218811
0.92,0.91,0.107626,-0.280508,0.240112
0.93,0.91,0.0743589,-0.304403,0.261258
0.94,0.91,0.044316,-0.323777,0.281685
0.95,0.91,0.0195525,-0.333909,0.300672
0.96,0.91,0.00199942,-0.328476,0.317329
0.97,0.91,-0.00714825,-0.299838,0.33068
0.98,0.91,-0.00822413,-0.239898,0.339669
0.99,0.91,-0.00458702,-0.141529,0.341672
1,0.91,0,0,0.341672
0,0.92,0,0,-0.174462
0.01,0.92,-0.00896104,0.0848148,-0.174462
0.02,0.92,-0.0200222,0.14396,-0.17901
0.03,0.92,-0.0316869,0.180835,-0.175089
0.04,0.92,-0.0393994,0.200638,-0.167901
0.05,0.92,-0.0421468,0.208342,-0.15879
0.06,0.92,-0.0399558,0.207999,-0.148763
0.07,0.92,-0.033401,0.202617,-0.138574
0.08,0.92,-0.0232778,0.194312,-0.128679
0.09,0.92,-0.0103905,0.184507,-0.119343
0.1,0.92,0.00453913,0.174127,-0.110706
0.11,0.92,0.0209052,0.163749,-0.102824
0.12,0.92,0.0382196,0.153717,-0.0957043
0.13,0.92,0.0561012,0.14422,-0.089322
0.14,0.92,0.0742586,0.135348,-0.0836374
0.15,0.92,0.0924732,0.127129,-0.0786025
0.16,0.92,0.110585,0.119553,-0.0741672
0.17,0.92,0.128478,0.112588,-0.070282
0.18,0.92,0.146071,0.10619,-0.0668998
0.19,0.92,0.163309,0.100311,-0.0639767
0.2,0.92,0.180156,0.0949026,-0.0614727
0.21,0.92,0.196592,0.0899159,-0.0593513
0.22,0.92,0.212606,0.0853064,-0.0575792
0.23,0.92,0.228195,0.0810324,-0.0561267
0.24,0.92,0.243362,0.0770559,-0.0549667
0.25,0.92,0.258113,0.0733427,-0.0540748
0.26,0.92,0.272458,0.069862,-0.0534288
0.27,0.92,0.286406,0.066586,-0.0530084
0.28,0.92,0.299969,0.0634901,-0.0527951
0.29,0.92,0.313159,0.0605522,-0.0527719
0.3,0.92,0.325987,0.0577525,-0.052923
0.31,0.92,0.338464,0.0550736,-0.0532336
0.32,0.92,0.3506,0.0524996,-0.0536898
0.33,0.92,0.362406,0.0500165,-0.0542785
0.34,0.92,0.37389,0.0476116,-0.0549871
0.35,0.92,0.38506,0.0452734,-0.0558035
0.36,0.92,0.395923,0.0429919,-0.0567159
0.37,0.92,0.406485,0.0407577,-0.0577128
0.38,0.92,0.416751,0.0385625,-0.0587827
0.39,0.92,0.426724,0.0363987,-0.0599143
0.4,0.92,0.436408,0.0342594,-0.0610961
0.41,0.92,0.445804,0.0321384,-0.0623168
0.42,0.92,0.454913,0.0300299,-0.0635646
0.43,0.92,0.463734,0.0279289,-0.0648276
0.44,0.92,0.472266,0.0258305,-0.0660938
0.45,0.92,0.480505,0.0237304,-0.0673504
0.46,0.92,0.48845,0.0216246,-0.0685847
0.47,0.92,0.496093,0.0195097,-0.0697833
0.48,0.92,0.503431,0.0173822,-0.0709322
0.49,0.92,0.510455,0.0152392,-0.0720173
0.5,0.92,0.517159,0.013078,-0.0730235
0.51,0.92,0.523532,0.0108961,-0.0739353
0.52,0.92,0.529564,0.00869111,-0.0747365
0.53,0.92,0.535245,0.00646108,-0.0754105
0.54,0.92,0.540561,0.00420408,-0.0759396
0.55,0.92,0.545499,0.00191836,-0.0763056
0.56,0.92,0.550044,-0.000397712,-0.0764898
0.57,0.92,0.554179,-0.00274567,-0.0764724
0.58,0.92,0.557888,-0.00512702,-0.0762331
0.59,0.92,0.561151,-0.00754323,-0.0757506
0.6,0.92,0.563948,-0.00999583,-0.0750032
0.61,0.92,0.566258,-0.0124865,-0.0739682
0.62,0.92,0.568057,-0.015017,-0.072622
0.63,0.92,0.569321,-0.0175895,-0.0709407
0.64,0.92,0.570022,-0.0202065,-0.0688992
0.65,0.92,0.570134,-0.022871,-0.0664719
0.66,0.92,0.569625,-0.0255868,-0.0636324
0.67,0.92,0.568463,-0.0283586,-0.0603536
0.68,0.92,0.566614,-0.0311922,-0.0566077
0.69,0.92,0.564039,-0.034095,-0.0523662
0.7,0.92,0.560699,-0.0370762,-0.0475999
0.71,0.92,0.556549,-0.0401476,-0.0422787
0.72,0.92,0.551542,-0.0433238,-0.0363721
0.73,0.92,0.545628,-0.0466234,-0.0298485
0.74,0.92,0.538748,-0.0500696,-0.0226757
0.75,0.92,0.53084,-0.0536917,-0.0148205
0.76,0.92,0.521837,-0.0575265,-0.00624878
0.77,0.92,0.511661,-0.0616202,0.00307483
0.78,0.92,0.500227,-0.0660308,0.0131868
0.79,0.92,0.487439,-0.0708308,0.024125
0.8,0.92,0.473192,-0.0761108,0.035929
0.81,0.92,0.457365,-0.0819837,0.0486397
0.82,0.92,0.439826,-0.0885893,0.0622998
0.83,0.92,0.420429,-0.0960989,0.0769534
0.84,0.92,0.399017,-0.10472,0.092645
0.85,0.92,0.375427,-0.114699,0.109418
0.86,0.92,0.349502,-0.12632,0.127314
0.87,0.92,0.321105,-0.139894,0.146364
0.88,0.92,0.290154,-0.155737,0.166585
0.89,0.92,0.256668,-0.174115,0.187967
0.9,0.92,0.220832,-0.195163,0.210454
0.91,0.92,0.183099,-0.218727,0.233922
0.92,0.92,0.144296,-0.24414,0.25814
0.93,0.92,0.105746,-0.269892,0.282735
0.94,0.92,0.0693444,-0.2932,0.307143
0.95,0.92,0.0375135,-0.309544,0.330565
0.96,0.92,0.0129086,-0.312287,0.35194
0.97,0.92,-0.00224222,-0.292647,0.369968
0.98,0.92,-0.00723783,-0.240381,0.383084
0.99,0.92,-0.00477631,-0.145494,0.388361
1,0.92,0,0,0.388361
0,0.93,0,0,-0.202393
0.01,0.93,-0.0107385,0.0951421,-0.202393
0.02,0.93,-0.0226354,0.155948,-0.204377
0.03,0.93,-0.0328044,0.189654,-0.196388
0.04,0.93,-0.0367888,0.204226,-0.184872
0.05,0.93,-0.0342883,0.206377,-0.171741
0.06,0.93,-0.0260761,0.201053,-0.158256
0.07,0.93,-0.0133194,0.191607,-0.145225
0.08,0.93,0.00278894,0.180195,-0.133064
0.09,0.93,0.02121,0.168147,-0.121962
0.1,0.93,0.0411067,0.156242,-0.111972
0.11,0.93,0.0618363,0.144908,-0.103069
0.12,0.93,0.0829226,0.134358,-0.0951887
0.13,0.93,0.104023,0.124669,-0.0882482
0.14,0.93,0.124897,0.115843,-0.0821607
0.15,0.93,0.145383,0.107839,-0.076841
0.16,0.93,0.165375,0.100596,-0.0722102
0.17,0.93,0.184809,0.0940413,-0.0681965
0.18,0.93,0.20365,0.0881037,-0.0647356
0.19,0.93,0.221884,0.0827135,-0.0617709
0.2,0.93,0.239513,0.0778064,-0.0592521
0.21,0.93,0.256545,0.0733237,-0.0571354
0.22,0.93,0.272999,0.069213,-0.0553819
0.23,0.93,0.288893,0.0654276,-0.0539574
0.24,0.93,0.304251,0.0619264,-0.0528317
0.25,0.93,0.319096,0.0586732,-0.051978
0.26,0.93,0.333451,0.055636,-0.0513724
0.27,0.93,0.347338,0.052787,-0.0509931
0.28,0.93,0.36078,0.0501018,-0.0508208
0.29,0.93,0.373797,0.0475588,-0.0508378
0.3,0.93,0.386409,0.0451391,-0.0510276
0.31,0.93,0.398632,0.0428261,-0.0513752
0.32,0.93,0.410483,0.0406051,-0.0518666
0.33,0.93,0.421977,0.0384633,-0.0524883
0.34,0.93,0.433127,0.0363892,-0.0532278
0.35,0.93,0.443944,0.0343726,-0.0540729
0.36,0.93,0.454438,0.0324046,-0.0550119
0.37,0.93,0.464619,0.030477,-0.0560331
0.38,0.93,0.474494,0.0285829,-0.0571253
0.39,0.93,0.484068,0.0267156,-0.0582772
0.4,0.93,0.493346,0.0248697,-0.0594774
0.41,0.93,0.502332,0.02304,-0.0607145
0.42,0.93,0.511028,0.0212219,-0.061977
0.43,0.93,0.519436,0.0194115,-0.0632532
0.44,0.93,0.527554,0.0176051,-0.0645308
0.45,0.93,0.535381,0.0157994,-0.0657975
0.46,0.93,0.542916,0.0139918,-0.0670406
0.47,0.93,0.550153,0.0121796,-0.0682466
0.48,0.93,0.55709,0.0103607,-0.0694019
0.49,0.93,0.563719,0.00853324,-0.0704923
0.5,0.93,0.570035,0.00669557,-0.0715029
0.51,0.93,0.576028,0.00484634,-0.0724183
0.52,0.93,0.581689,0.00298439,-0.0732224
0.53,0.93,0.587009,0.00110881,-0.0738985
0.54,0.93,0.591976,-0.00078114,-0.0744292
0.55,0.93,0.596577,-0.00268601,-0.0747965
0.56,0.93,0.600798,-0.00460622,-0.0749814
0.57,0.93,0.604625,-0.00654207,-0.0749644
0.58,0.93,0.608041,-0.00849374,-0.0747251
0.59,0.93,0.611029,-0.0104614,-0.0742425
0.6,0.93,0.61357,-0.0124451,-0.0734945
0.61,0.93,0.615643,-0.0144452,-0.0724586
0.62,0.93,0.617227,-0.0164619,-0.0711111
0.63,0.93,0.618299,-0.0184956,-0.0694278
0.64,0.93,0.618835,-0.0205471,-0.0673836
0.65,0.93,0.618806,-0.0226176,-0.0649526
0.66,0.93,0.618185,-0.0247088,-0.062108
0.67,0.93,0.616942,-0.0268232,-0.0588222
0.68,0.93,0.615042,-0.028964,-0.0550669
0.69,0.93,0.612452,-0.0311359,-0.0508127
0.7,0.93,0.609131,-0.033345,-0.0460296
0.71,0.93,0.605039,-0.0355995,-0.0406864
0.72,0.93,0.600131,-0.03791,-0.0347509
0.73,0.93,0.594355,-0.0402903,-0.0281899
0.74,0.93,0.587658,-0.0427583,-0.020969
0.75,0.93,0.579979,-0.045337,-0.0130521
0.76,0.93,0.57125,-0.0480555,-0.00440177
0.77,0.93,0.561394,-0.0509516,0.00502148
0.78,0.93,0.550327,-0.0540729,0.0152594
0.79,0.93,0.53795,-0.0574802,0.0263563
0.8,0.93,0.524154,-0.0612508,0.0383598
0.81,0.93,0.508811,-0.0654824,0.0513212
0.82,0.93,0.491778,-0.0702985,0.065296
0.83,0.93,0.472891,-0.075854,0.0803445
0.84,0.93,0.451966,-0.0823419,0.0965325
0.85,0.93,0.428797,-0.0899994,0.11393
0.86,0.93,0.403166,-0.0991127,0.132613
0.87,0.93,0.374852,-0.110017,0.152657
0.88,0.93,0.343651,-0.123086,0.174136
0.89,0.93,0.309419,-0.138706,0.197109
0.9,0.93,0.272132,-0.157207,0.221608
0.91,0.93,0.231988,-0.178754,0.247609
0.92,0.93,0.18954,-0.203131,0.274993
0.93,0.93,0.145873,-0.22942,0.303491
0.94,0.93,0.102781,-0.255508,0.332614
0.95,0.93,0.0628824,-0.277434,0.36156
0.96,0.93,0.0295129,-0.288679,0.389144
0.97,0.93,0.00615668,-0.279604,0.413714
0.98,0.93,-0.00490241,-0.237635,0.43298
0.99,0.93,-0.00465433,-0.148948,0.443979
1,0.93,0,0,0.443979
0,0.94,0,0,-0.24078
0.01,0.94,-0.0123911,0.106858,-0.24078
0.02,0.94,-0.0240373,0.166954,-0.236616
0.03,0.94,-0.0299579,0.19474,-0.22188
0.04,0.94,-0.0270517,0.202059,-0.203925
0.05,0.94,-0.016356,0.197579,-0.18529
0.06,0.94,0.000289095,0.186988,-0.167409
0.07,0.94,0.0210289,0.173725,-0.150991
0.08,0.94,0.0443119,0.159765,-0.136289
0.09,0.94,0.0689581,0.146179,-0.123319
0.1,0.94,0.0941207,0.133495,-0.111981
0.11,0.94,0.119218,0.121931,-0.102121
0.12,0.94,0.143868,0.11153,-0.0935738
0.13,0.94,0.167832,0.102246,-0.0861812
0.14,0.94,0.190971,0.0939891,-0.0797974
0.15,0.94,0.213215,0.0866529,-0.0742944
0.16,0.94,0.23454,0.0801289,-0.069561
0.17,0.94,0.254953,0.0743144,-0.065502
0.18,0.94,0.27448,0.0691157,-0.0620359
0.19,0.94,0.293157,0.0644494,-0.0590933
0.2,0.94,0.311025,0.0602423,-0.0566152
0.21,0.94,0.328132,0.0564305,-0.0545508
0.22,0.94,0.344521,0.0529591,-0.0528567
0.23,0.94,0.360238,0.0497805,-0.0514952
0.24,0.94,0.375325,0.0468537,-0.0504338
0.25,0.94,0.389822,0.0441437,-0.0496438
0.26,0.94,0.403767,0.04162,-0.0491003
0.27,0.94,0.417192,0.0392567,-0.0487808
0.28,0.94,0.43013,0.0370311,-0.0486654
0.29,0.94,0.442609,0.0349239,-0.0487361
0.3,0.94,0.454655,0.0329181,-0.0489765
0.31,0.94,0.466291,0.0309993,-0.0493713
0.32,0.94,0.477539,0.0291546,-0.0499065
0.33,0.94,0.488416,0.027373,-0.050569
0.34,0.94,0.49894,0.025645,-0.0513462
0.35,0.94,0.509124,0.023962,-0.0522261
0.36,0.94,0.518983,0.0223167,-0.0531971
0.37,0.94,0.528525,0.0207026,-0.0542478
0.38,0.94,0.537762,0.0191141,-0.0553671
0.39,0.94,0.5467,0.0175464,-0.0565438
0.4,0.94,0.555345,0.0159949,-0.0577669
0.41,0.94,0.563704,0.0144561,-0.059025
0.42,0.94,0.571778,0.0129267,-0.0603069
0.43,0.94,0.57957,0.0114038,-0.0616009
0.44,0.94,0.587081,0.00988506,-0.062895
0.45,0.94,0.59431,0.00836847,-0.0641772
0.46,0.94,0.601257,0.00685235,-0.0654346
0.47,0.94,0.607919,0.00533535,-0.0666542
0.48,0.94,0.614291,0.00381642,-0.0678225
0.49,0.94,0.620369,0.00229479,-0.0689253
0.5,0.94,0.626147,0.00076994,-0.0699481
0.51,0.94,0.631618,-0.000758381,-0.0708755
0.52,0.94,0.636774,-0.0022902,-0.0716916
0.53,0.94,0.641606,-0.00382534,-0.0723799
0.54,0.94,0.646103,-0.00536338,-0.0729232
0.55,0.94,0.650254,-0.00690377,-0.0733034
0.56,0.94,0.654046,-0.00844573,-0.0735019
0.57,0.94,0.657466,-0.00998837,-0.0734993
0.58,0.94,0.660499,-0.0115307,-0.0732751
0.59,0.94,0.663129,-0.0130715,-0.0728086
0.6,0.94,0.665339,-0.0146097,-0.0720777
0.61,0.94,0.66711,-0.0161441,-0.0710598
0.62,0.94,0.668423,-0.0176734,-0.0697315
0.63,0.94,0.669255,-0.0191966,-0.0680684
0.64,0.94,0.669585,-0.0207129,-0.0660454
0.65,0.94,0.669388,-0.0222216,-0.0636362
0.66,0.94,0.668637,-0.0237223,-0.0608141
0.67,0.94,0.667304,-0.0252155,-0.0575511
0.68,0.94,0.665359,-0.026702,-0.0538184
0.69,0.94,0.662768,-0.0281839,-0.0495862
0.7,0.94,0.659496,-0.029664,-0.0448236
0.71,0.94,0.655504,-0.0311472,-0.0394986
0.72,0.94,0.650749,-0.0326399,-0.0335778
0.73,0.94,0.645185,-0.0341513,-0.0270266
0.74,0.94,0.63876,-0.0356937,-0.0198087
0.75,0.94,0.631415,-0.0372834,-0.0118858
0.76,0.94,0.623086,-0.0389421,-0.00321755
0.77,0.94,0.613699,-0.040698,0.00623909
0.78,0.94,0.60317,-0.0425877,0.0165304
0.79,0.94,0.591404,-0.0446589,0.0277064
0.8,0.94,0.57829,-0.046973,0.0398219
0.81,0.94,0.563699,-0.0496096,0.0529375
0.82,0.94,0.547482,-0.0526707,0.0671206
0.83,0.94,0.529463,-0.0562874,0.0824472
0.84,0.94,0.50944,-0.0606269,0.0990032
0.85,0.94,0.487178,-0.0659013,0.116886
0.86,0.94,0.462409,-0.0723763,0.136206
0.87,0.94,0.434838,-0.080379,0.157088
0.88,0.94,0.404148,-0.0903013,0.179668
0.89,0.94,0.370034,-0.102592,0.20409
0.9,0.94,0.332246,-0.117724,0.230494
0.91,0.94,0.290677,-0.136121,0.258998
0.92,0.94,0.245505,-0.158003,0.289654
0.93,0.94,0.197394,-0.183099,0.32239
0.94,0.94,0.147774,-0.210165,0.356914
0.95,0.94,0.099136,-0.236219,0.392566
0.96,0.94,0.0552349,-0.255491,0.428198
0.97,0.94,0.0208432,-0.258167,0.461869
0.98,0.94,0.000379759,-0.229577,0.490351
0.99,0.94,-0.0035422,-0.151169,0.511605
1,0.94,0,0,0.511605
0,0.95,0,0,-0.29509
0.01,0.95,-0.0126609,0.119241,-0.29509
0.02,0.95,-0.0214013,0.17423,-0.277393
0.03,0.95,-0.0181172,0.192419,-0.251621
0.04,0.95,-0.00364407,0.19055,-0.224316
0.05,0.95,0.0189169,0.178984,-0.198391
0.06,0.95,0.0464996,0.163638,-0.175167
0.07,0.95,0.076674,0.147571,-0.154936
0.08,0.95,0.107754,0.132264,-0.137579
0.09,0.95,0.138644,0.118343,-0.122802
0.1,0.95,0.168679,0.105989,-0.110261
0.11,0.95,0.197486,0.09517,-0.0996238
0.12,0.95,0.224883,0.0857537,-0.0905973
0.13,0.95,0.250811,0.0775758,-0.0829294
0.14,0.95,0.275283,0.0704691,-0.0764096
0.15,0.95,0.298355,0.064278,-0.070864
0.16,0.95,0.320108,0.0588643,-0.0661498
0.17,0.95,0.340629,0.054108,-0.0621493
0.18,0.95,0.360012,0.0499068,-0.0587661
0.19,0.95,0.378346,0.046174,-0.0559201
0.2,0.95,0.395716,0.0428365,-0.0535451
0.21,0.95,0.412202,0.0398327,-0.0515856
0.22,0.95,0.427876,0.037111,-0.0499948
0.23,0.95,0.442805,0.0346278,-0.0487333
0.24,0.95,0.457048,0.0323466,-0.0477672
0.25,0.95,0.470659,0.0302362,-0.0470671
0.26,0.95,0.483686,0.0282707,-0.0466077
0.27,0.95,0.496172,0.0264279,-0.0463666
0.28,0.95,0.508157,0.0246889,-0.0463239
0.29,0.95,0.519674,0.0230378,-0.0464618
0.3,0.95,0.530754,0.0214608,-0.0467642
0.31,0.95,0.541424,0.0199464,-0.0472162
0.32,0.95,0.551709,0.0184845,-0.047804
0.33,0.95,0.561629,0.0170666,-0.048515
0.34,0.95,0.571202,0.0156853,-0.0493367
0.35,0.95,0.580446,0.0143344,-0.0502577
0.36,0.95,0.589374,0.0130084,-0.0512666
0.37,0.95,0.597999,0.0117027,-0.0523523
0.38,0.95,0.606331,0.0104134,-0.053504
0.39,0.95,0.614377,0.00913727,-0.0547109
0.4,0.95,0.622147,0.00787139,-0.0559621
0.41,0.95,0.629644,0.00661347,-0.0572466
0.42,0.95,0.636874,0.00536162,-0.0585534
0.43,0.95,0.643838,0.00411434,-0.0598711
0.44,0.95,0.65054,0.00287047,-0.061188
0.45,0.95,0.656978,0.00162919,-0.062492
0.46,0.95,0.663153,0.000390008,-0.0637709
0.47,0.95,0.669062,-0.000847317,-0.0650117
0.48,0.95,0.674703,-0.00208273,-0.0662012
0.49,0.95,0.680071,-0.00331592,-0.0673254
0.5,0.95,0.685162,-0.00454633,-0.0683699
0.51,0.95,0.68997,-0.00577316,-0.0693197
0.52,0.95,0.694486,-0.00699539,-0.070159
0.53,0.95,0.698704,-0.00821177,-0.0708717
0.54,0.95,0.702615,-0.00942087,-0.0714405
0.55,0.95,0.706207,-0.010621,-0.0718478
0.56,0.95,0.709471,-0.0118104,-0.0720751
0.57,0.95,0.712394,-0.012987,-0.0721031
0.58,0.95,0.714962,-0.0141487,-0.0719117
0.59,0.95,0.717163,-0.0152931,-0.0714801
0.6,0.95,0.718979,-0.016418,-0.0707866
0.61,0.95,0.720395,-0.0175207,-0.0698086
0.62,0.95,0.721394,-0.0185989,-0.0685228
0.63,0.95,0.721954,-0.01965,-0.066905
0.64,0.95,0.722058,-0.0206716,-0.0649299
0.65,0.95,0.721681,-0.0216614,-0.0625715
0.66,0.95,0.720802,-0.0226172,-0.0598027
0.67,0.95,0.719394,-0.0235375,-0.0565956
0.68,0.95,0.717429,-0.0244208,-0.0529212
0.69,0.95,0.714879,-0.0252666,-0.0487492
0.7,0.95,0.71171,-0.026075,-0.0440483
0.71,0.95,0.707888,-0.0268473,-0.038786
0.72,0.95,0.703373,-0.0275861,-0.032928
0.73,0.95,0.698124,-0.0282961,-0.0264387
0.74,0.95,0.692091,-0.028984,-0.0192805
0.75,0.95,0.685222,-0.0296598,-0.0114134
0.76,0.95,0.677456,-0.0303371,-0.00279493
0.77,0.95,0.668725,-0.0310349,0.00662073
0.78,0.95,0.658949,-0.0317785,0.0168833
0.79,0.95,0.648038,-0.0326014,0.0280473
0.8,0.95,0.635885,-0.0335483,0.0401733
0.81,0.95,0.622364,-0.0346781,0.0533295
0.82,0.95,0.607327,-0.0360681,0.0675932
0.83,0.95,0.590598,-0.0378198,0.0830538
0.84,0.95,0.571966,-0.040066,0.0998149
0.85,0.95,0.551179,-0.0429797,0.117998
0.86,0.95,0.52794,-0.0467851,0.137749
0.87,0.95,0.501899,-0.0517701,0.159236
0.88,0.95,0.472651,-0.0582986,0.182662
0.89,0.95,0.439748,-0.0668197,0.208262
0.9,0.95,0.402724,-0.0778659,0.236305
0.91,0.95,0.361153,-0.0920242,0.267081
0.92,0.95,0.314761,-0.109851,0.300882
0.93,0.95,0.263628,-0.13168,0.337941
0.94,0.95,0.208505,-0.157223,0.378341
0.95,0.95,0.151268,-0.184839,0.421816
0.96,0.95,0.0955062,-0.210292,0.467598
0.97,0.95,0.0468533,-0.224776,0.513769
0.98,0.95,0.0120394,-0.212629,0.556094
0.99,0.95,0.000355175,-0.15042,0.596035
1,0.95,0,0,0.596035
0,0.96,0,0,-0.374274
0.01,0.96,-0.00758066,0.129369,-0.374274
0.02,0.96,-0.00756167,0.171788,-0.32893
0.03,0.96,0.0130501,0.176447,-0.285484
0.04,0.96,0.0450972,0.164698,-0.244931
0.05,0.96,0.0831187,0.147208,-0.209688
0.06,0.96,0.123249,0.129086,-0.180316
0.07,0.96,0.163034,0.112372,-0.156104
0.08,0.96,0.201164,0.0977249,-0.136238
0.09,0.96,0.237012,0.0852007,-0.119934
0.1,0.96,0.270357,0.0746107,-0.106509
0.11,0.96,0.301204,0.0656902,-0.0954041
0.12,0.96,0.329678,0.0581724,-0.0861754
0.13,0.96,0.355957,0.0518167,-0.0784717
0.14,0.96,0.38024,0.046417,-0.0720178
0.15,0.96,0.402723,0.0418017,-0.0665977
0.16,0.96,0.423593,0.0378297,-0.0620411
0.17,0.96,0.443019,0.0343854,-0.058213
0.18,0.96,0.461155,0.031375,-0.0550058
0.19,0.96,0.478134,0.0287217,-0.0523327
0.2,0.96,0.494078,0.026363,-0.0501234
0.21,0.96,0.509092,0.0242476,-0.0483203
0.22,0.96,0.523267,0.0223337,-0.0468756
0.23,0.96,0.536685,0.0205864,-0.0457495
0.24,0.96,0.549417,0.0189774,-0.0449081
0.25,0.96,0.561523,0.0174828,-0.0443229
0.26,0.96,0.57306,0.0160831,-0.0439688
0.27,0.96,0.584074,0.0147619,-0.0438243
0.28,0.96,0.594607,0.0135054,-0.0438701
0.29,0.96,0.604696,0.0123022,-0.0440893
0.3,0.96,0.614374,0.0111427,-0.0444662
0.31,0.96,0.623668,0.0100188,-0.0449867
0.32,0.96,0.632603,0.0089239,-0.0456378
0.33,0.96,0.641201,0.00785223,-0.0464072
0.34,0.96,0.64948,0.00679911,-0.0472831
0.35,0.96,0.657458,0.0057606,-0.0482545
0.36,0.96,0.665148,0.00473348,-0.0493104
0.37,0.96,0.672563,0.0037151,-0.0504403
0.38,0.96,0.679712,0.00270333,-0.0516338
0.39,0.96,0.686604,0.00169653,-0.0528803
0.4,0.96,0.693247,0.000693443,-0.0541693
0.41,0.96,0.699646,-0.000306807,-0.0554903
0.42,0.96,0.705805,-0.00130475,-0.0568324
0.43,0.96,0.711728,-0.00230063,-0.0581846
0.44,0.96,0.717416,-0.00329435,-0.0595355
0.45,0.96,0.722869,-0.00428559,-0.0608734
0.46,0.96,0.728089,-0.00527375,-0.0621862
0.47,0.96,0.733073,-0.00625796,-0.0634612
0.48,0.96,0.737819,-0.00723715,-0.0646854
0.49,0.96,0.742324,-0.00820998,-0.0658451
0.5,0.96,0.746584,-0.0091749,-0.0669263
0.51,0.96,0.750593,-0.0101301,-0.0679141
0.52,0.96,0.754346,-0.0110737,-0.068793
0.53,0.96,0.757835,-0.0120034,-0.0695471
0.54,0.96,0.761054,-0.0129167,-0.0701594
0.55,0.96,0.763993,-0.0138112,-0.0706124
0.56,0.96,0.766642,-0.0146839,-0.070888
0.57,0.96,0.768993,-0.0155319,-0.0709669
0.58,0.96,0.771032,-0.016352,-0.0708295
0.59,0.96,0.772748,-0.0171408,-0.0704549
0.6,0.96,0.774127,-0.0178949,-0.0698219
0.61,0.96,0.775156,-0.0186106,-0.0689078
0.62,0.96,0.775819,-0.0192843,-0.0676897
0.63,0.96,0.7761,-0.0199121,-0.0661432
0.64,0.96,0.775981,-0.0204902,-0.0642434
0.65,0.96,0.775442,-0.0210148,-0.0619643
0.66,0.96,0.774464,-0.0214822,-0.0592789
0.67,0.96,0.773025,-0.0218888,-0.0561591
0.68,0.96,0.7711,-0.0222312,-0.0525758
0.69,0.96,0.768664,-0.0225064,-0.0484988
0.7,0.96,0.765689,-0.022712,-0.0438964
0.71,0.96,0.762144,-0.0228461,-0.0387358
0.72,0.96,0.757994,-0.0229076,-0.0329823
0.73,0.96,0.753203,-0.0228969,-0.0265996
0.74,0.96,0.747728,-0.0228155,-0.0195493
0.75,0.96,0.741522,-0.0226673,-0.0117904
0.76,0.96,0.734531,-0.0224585,-0.00327904
0.77,0.96,0.726694,-0.0221987,0.00603231
0.78,0.96,0.717939,-0.0219021,0.0161956
0.79,0.96,0.708183,-0.0215884,0.0272684
0.8,0.96,0.697329,-0.0212853,0.0393152
0.81,0.96,0.685261,-0.0210301,0.0524093
0.82,0.96,0.671839,-0.0208739,0.0666351
0.83,0.96,0.656895,-0.0208855,0.0820915
0.84,0.96,0.640225,-0.0211574,0.0988957
0.85,0.96,0.621579,-0.0218139,0.117189
0.86,0.96,0.600651,-0.0230213,0.137142
0.87,0.96,0.577067,-0.0250012,0.158966
0.88,0.96,0.550371,-0.0280474,0.182922
0.89,0.96,0.520019,-0.0325442,0.209331
0.9,0.96,0.485373,-0.0389862,0.238595
0.91,0.96,0.44572,-0.0479883,0.271199
0.92,0.96,0.400336,-0.0602724,0.307723
0.93,0.96,0.348618,-0.0765875,0.34882
0.94,0.96,0.290365,-0.0974853,0.395159
0.95,0.96,0.226259,-0.122788,0.447229
0.96,0.96,0.158772,-0.15048,0.505261
0.97,0.96,0.0931863,-0.174367,0.568108
0.98,0.96,0.0374784,-0.180358,0.630693
0.99,0.96,0.0117428,-0.142395,0.703819
1,0.96,0,0,0.703819
0,0.97,0,0,-0.482151
0.01,0.97,0.0143476,0.133164,-0.482151
0.02,0.97,0.0348327,0.151642,-0.384083
0.03,0.97,0.0841474,0.139881,-0.316264
0.04,0.97,0.139097,0.120467,-0.259693
0.05,0.97,0.193626,0.100876,-0.214309
0.06,0.97,0.244862,0.0838354,-0.179157
0.07,0.97,0.291509,0.0697763,-0.15174
0.08,0.97,0.333406,0.0584037,-0.130213
0.09,0.97,0.37084,0.0492594,-0.113168
0.1,0.97,0.404264,0.0418974,-0.0995337
0.11,0.97,0.43417,0.0359395,-0.0885181
0.12,0.97,0.461026,0.031082,-0.0795373
0.13,0.97,0.48525,0.0270869,-0.0721579
0.14,0.97,0.507206,0.0237692,-0.0660565
0.15,0.97,0.527206,0.0209858,-0.0609893
0.16,0.97,0.545513,0.018625,-0.0567709
0.17,0.97,0.562351,0.0166,-0.0532587
0.18,0.97,0.577908,0.0148425,-0.0503417
0.19,0.97,0.592344,0.0132986,-0.0479325
0.2,0.97,0.605794,0.0119256,-0.0459614
0.21,0.97,0.618374,0.0106893,-0.0443721
0.22,0.97,0.63018,0.00956239,-0.0431189
0.23,0.97,0.641296,0.0085227,-0.0421638
0.24,0.97,0.651795,0.00755238,-0.041475
0.25,0.97,0.661737,0.00663691,-0.0410256
0.26,0.97,0.671176,0.00576447,-0.0407925
0.27,0.97,0.680157,0.00492543,-0.0407557
0.28,0.97,0.68872,0.00411191,-0.0408975
0.29,0.97,0.6969,0.00331752,-0.0412019
0.3,0.97,0.704727,0.00253702,-0.0416549
0.31,0.97,0.712225,0.0017662,-0.0422432
0.32,0.97,0.719419,0.00100167,-0.0429548
0.33,0.97,0.726328,0.000240722,-0.0437783
0.34,0.97,0.732968,-0.000518739,-0.0447027
0.35,0.97,0.739354,-0.00127831,-0.0457177
0.36,0.97,0.745499,-0.00203913,-0.0468131
0.37,0.97,0.751414,-0.00280197,-0.047979
0.38,0.97,0.757108,-0.00356724,-0.0492054
0.39,0.97,0.762587,-0.00433506,-0.0504824
0.4,0.97,0.76786,-0.00510525,-0.0518001
0.41,0.97,0.772929,-0.00587738,-0.0531484
0.42,0.97,0.7778,-0.00665077,-0.0545168
0.43,0.97,0.782475,-0.00742451,-0.0558949
0.44,0.97,0.786956,-0.00819747,-0.0572716
0.45,0.97,0.791243,-0.0089683,-0.0586358
0.46,0.97,0.795336,-0.00973546,-0.0599758
0.47,0.97,0.799234,-0.0104972,-0.0612793
0.48,0.97,0.802936,-0.0112515,-0.0625337
0.49,0.97,0.806439,-0.0119962,-0.063726
0.5,0.97,0.80974,-0.012729,-0.0648423
0.51,0.97,0.812833,-0.0134473,-0.0658683
0.52,0.97,0.815716,-0.0141482,-0.066789
0.53,0.97,0.818381,-0.0148289,-0.0675887
0.54,0.97,0.820822,-0.0154861,-0.0682512
0.55,0.97,0.823034,-0.0161165,-0.0687594
0.56,0.97,0.825007,-0.0167164,-0.0690954
0.57,0.97,0.826734,-0.0172821,-0.0692408
0.58,0.97,0.828204,-0.0178096,-0.0691761
0.59,0.97,0.82941,-0.0182947,-0.0688811
0.6,0.97,0.830338,-0.0187331,-0.0683349
0.61,0.97,0.830978,-0.0191202,-0.0675156
0.62,0.97,0.831318,-0.0194515,-0.0664005
0.63,0.97,0.831344,-0.019722,-0.0649658
0.64,0.97,0.831042,-0.0199269,-0.0631871
0.65,0.97,0.830396,-0.0200611,-0.0610389
0.66,0.97,0.82939,-0.0201195,-0.0584944
0.67,0.97,0.828005,-0.0200971,-0.0555263
0.68,0.97,0.826223,-0.0199888,-0.0521058
0.69,0.97,0.824022,-0.0197897,-0.0482031
0.7,0.97,0.821379,-0.0194949,-0.0437868
0.71,0.97,0.818269,-0.0191,-0.0388245
0.72,0.97,0.814663,-0.0186008,-0.0332819
0.73,0.97,0.810531,-0.0179937,-0.0271228
0.74,0.97,0.805838,-0.0172761,-0.020309
0.75,0.97,0.800544,-0.0164462,-0.0127998
0.76,0.97,0.794604,-0.0155035,-0.00455116
0.77,0.97,0.787966,-0.0144495,0.0044845
0.78,0.97,0.780571,-0.013288,0.0143595
0.79,0.97,0.772347,-0.0120264,0.0251318
0.8,0.97,0.763212,-0.0106759,0.036867
0.81,0.97,0.753064,-0.00925412,0.0496398
0.82,0.97,0.741782,-0.0077864,0.0635371
0.83,0.97,0.729218,-0.00630904,0.0786612
0.84,0.97,0.715189,-0.00487326,0.0951353
0.85,0.97,0.699467,-0.00355076,0.11311
0.86,0.97,0.681768,-0.00244153,0.13277
0.87,0.97,0.66173,-0.00168458,0.154351
0.88,0.97,0.638901,-0.00147275,0.178152
0.89,0.97,0.612707,-0.00207268,0.204559
0.9,0.97,0.582426,-0.00385104,0.234076
0.91,0.97,0.547168,-0.00730676,0.267361
0.92,0.97,0.505859,-0.0131052,0.305276
0.93,0.97,0.457276,-0.0221002,0.34893
0.94,0.97,0.400176,-0.0353014,0.399723
0.95,0.97,0.333601,-0.0536843,0.459238
0.96,0.97,0.257801,-0.0776008,0.529495
0.97,0.97,0.175491,-0.104966,0.611224
0.98,0.97,0.0920585,-0.127539,0.699243
0.99,0.97,0.0424811,-0.123055,0.82931
1,0.97,0,0,0.82931
0,0.98,0,0,-0.657169
0.01,0.98,0.0856286,0.109995,-0.657169
0.02,0.98,0.144052,0.0994295,-0.442805
0.03,0.98,0.231468,0.0765339,-0.337752
0.04,0.98,0.307939,0.057666,-0.264109
0.05,0.98,0.372534,0.0432925,-0.20951
0.06,0.98,0.427067,0.0327466,-0.170337
0.07,0.98,0.472925,0.0250603,-0.141465
0.08,0.98,0.51169,0.0194083,-0.119715
0.09,0.98,0.544733,0.0151975,-0.10304
0.1,0.98,0.573157,0.0120142,-0.0900328
0.11,0.98,0.597837,0.00957021,-0.0797275
0.12,0.98,0.619464,0.00766383,-0.0714547
0.13,0.98,0.638584,0.00615231,-0.0647408
0.14,0.98,0.655627,0.00493312,-0.0592459
0.15,0.98,0.670936,0.0039316,-0.0547221
0.16,0.98,0.684785,0.00309262,-0.0509858
0.17,0.98,0.697396,0.00237494,-0.047899
0.18,0.98,0.70895,0.00174737,-0.0453564
0.19,0.98,0.719594,0.00118606,-0.0432763
0.2,0.98,0.729449,0.00067265,-0.0415946
0.21,0.98,0.738616,0.000192899,-0.04026
0.22,0.98,0.747179,-0.000264292,-0.0392311
0.23,0.98,0.75521,-0.000707594,-0.038474
0.24,0.98,0.762766,-0.00114379,-0.0379603
0.25,0.98,0.7699,-0.00157816,-0.0376661
0.26,0.98,0.776653,-0.00201481,-0.0375709
0.27,0.98,0.783062,-0.00245692,-0.0376569
0.28,0.98,0.78916,-0.00290685,-0.0379083
0.29,0.98,0.794973,-0.00336638,-0.038311
0.3,0.98,0.800523,-0.00383675,-0.0388524
0.31,0.98,0.805832,-0.00431877,-0.0395205
0.32,0.98,0.810917,-0.0048129,-0.0403046
0.33,0.98,0.815792,-0.00531928,-0.0411941
0.34,0.98,0.82047,-0.00583777,-0.0421791
0.35,0.98,0.824963,-0.006368,-0.0432502
0.36,0.98,0.82928,-0.00690939,-0.0443978
0.37,0.98,0.833429,-0.00746116,-0.0456126
0.38,0.98,0.837416,-0.00802236,-0.0468855
0.39,0.98,0.841247,-0.00859185,-0.0482071
0.4,0.98,0.844927,-0.00916834,-0.0495679
0.41,0.98,0.848459,-0.00975038,-0.0509584
0.42,0.98,0.851847,-0.0103363,-0.0523687
0.43,0.98,0.855091,-0.0109245,-0.0537886
0.44,0.98,0.858193,-0.0115128,-0.0552078
0.45,0.98,0.861155,-0.0120993,-0.0566154
0.46,0.98,0.863974,-0.0126817,-0.058
0.47,0.98,0.866651,-0.0132576,-0.05935
0.48,0.98,0.869185,-0.0138244,-0.0606531
0.49,0.98,0.871573,-0.0143792,-0.0618966
0.5,0.98,0.873812,-0.0149193,-0.063067
0.51,0.98,0.8759,-0.0154414,-0.0641504
0.52,0.98,0.877833,-0.0159422,-0.0651323
0.53,0.98,0.879607,-0.0164183,-0.0659974
0.54,0.98,0.881217,-0.0168659,-0.0667297
0.55,0.98,0.882659,-0.0172811,-0.0673126
0.56,0.98,0.883925,-0.0176599,-0.0677287
0.57,0.98,0.885011,-0.0179979,-0.0679597
0.58,0.98,0.88591,-0.0182907,-0.0679868
0.59,0.98,0.886613,-0.0185335,-0.0677901
0.6,0.98,0.887114,-0.0187215,-0.067349
0.61,0.98,0.887404,-0.0188496,-0.0666422
0.62,0.98,0.887474,-0.0189124,-0.0656473
0.63,0.98,0.887314,-0.0189045,-0.0643411
0.64,0.98,0.886913,-0.0188202,-0.0626996
0.65,0.98,0.886261,-0.0186537,-0.0606976
0.66,0.98,0.885345,-0.0183991,-0.0583091
0.67,0.98,0.884152,-0.0180502,-0.0555072
0.68,0.98,0.882667,-0.0176008,-0.0522636
0.69,0.98,0.880876,-0.0170446,-0.0485492
0.7,0.98,0.878762,-0.0163752,-0.0443334
0.71,0.98,0.876305,-0.0155861,-0.0395843
0.72,0.98,0.873484,-0.014671,-0.0342685
0.73,0.98,0.870278,-0.0136235,-0.0283508
0.74,0.98,0.866659,-0.0124376,-0.0217939
0.75,0.98,0.862598,-0.0111072,-0.0145583
0.76,0.98,0.858062,-0.00962702,-0.00660131
0.77,0.98,0.853011,-0.00799195,0.0021231
0.78,0.98,0.847399,-0.00619787,0.0116655
0.79,0.98,0.841174,-0.00424175,0.0220818
0.8,0.98,0.834271,-0.00212213,0.0334352
0.81,0.98,0.826612,0.000160272,0.0457977
0.82,0.98,0.818104,0.00260161,0.0592531
0.83,0.98,0.80863,0.00519366,0.0739006
0.84,0.98,0.798047,0.007922,0.0898598
0.85,0.98,0.78617,0.0107633,0.107278
0.86,0.98,0.772769,0.0136814,0.12634
0.87,0.98,0.757542,0.0166217,0.147283
0.88,0.98,0.740101,0.0195027,0.170417
0.89,0.98,0.719934,0.0222032,0.196153
0.9,0.98,0.696367,0.0245441,0.225053
0.91,0.98,0.668506,0.02626,0.257889
0.92,0.98,0.635166,0.0269588,0.29575
0.93,0.98,0.59479,0.0260628,0.340176
0.94,0.98,0.545368,0.0227312,0.393375
0.95,0.98,0.484378,0.01577,0.458412
0.96,0.98,0.409235,0.00359366,0.54017
0.97,0.98,0.317476,-0.0155023,0.643255
0.98,0.98,0.20502,-0.0425528,0.768382
0.99,0.98,0.122393,-0.0697776,1.01235
1,0.98,0,0,1.01235
0,0.99,0,0,-1.02058
0.01,0.99,0.313941,-0.0686675,-1.02058
0.02,0.99,0.413308,-0.0620434,-0.601196
0.03,0.99,0.514517,-0.0507452,-0.411816
0.04,0.99,0.587426,-0.0413229,-0.303513
0.05,0.99,0.640245,-0.0340684,-0.231083
0.06,0.99,0.680539,-0.0287151,-0.182711
0.07,0.99,0.712024,-0.0247182,-0.14912
0.08,0.99,0.737199,-0.0216668,-0.124889
0.09,0.99,0.757769,-0.0192877,-0.106891
0.1,0.99,0.774894,-0.0173974,-0.0931741
0.11,0.99,0.789386,-0.0158716,-0.0824912
0.12,0.99,0.80183,-0.0146254,-0.0740224
0.13,0.99,0.812652,-0.0135998,-0.0672143
0.14,0.99,0.822173,-0.0127526,-0.0616843
0.15,0.99,0.830632,-0.0120537,-0.057162
0.16,0.99,0.838218,-0.0114809,-0.0534519
0.17,0.99,0.845076,-0.0110176,-0.0504102
0.18,0.99,0.851321,-0.0106511,-0.047929
0.19,0.99,0.857046,-0.0103716,-0.045926
0.2,0.99,0.862324,-0.0101712,-0.0443371
0.21,0.99,0.867216,-0.0100436,-0.0431116
0.22,0.99,0.871772,-0.00998336,-0.0422087
0.23,0.99,0.876035,-0.00998603,-0.0415952
0.24,0.99,0.880037,-0.0100476,-0.0412432
0.25,0.99,0.883808,-0.0101646,-0.0411292
0.26,0.99,0.887372,-0.0103337,-0.041233
0.27,0.99,0.89075,-0.0105519,-0.0415367
0.28,0.99,0.893959,-0.0108165,-0.0420245
0.29,0.99,0.897015,-0.0111247,-0.0426823
0.3,0.99,0.89993,-0.011474,-0.0434967
0.31,0.99,0.902714,-0.0118616,-0.0444557
0.32,0.99,0.905379,-0.0122852,-0.0455477
0.33,0.99,0.90793,-0.0127422,-0.0467615
0.34,0.99,0.910376,-0.01323,-0.0480865
0.35,0.99,0.912722,-0.0137461,-0.0495123
0.36,0.99,0.914973,-0.0142878,-0.0510283
0.37,0.99,0.917134,-0.0148525,-0.0526244
0.38,0.99,0.919207,-0.0154374,-0.05429
0.39,0.99,0.921196,-0.0160396,-0.0560147
0.4,0.99,0.923103,-0.0166563,-0.0577877
0.41,0.99,0.92493,-0.0172843,-0.059598
0.42,0.99,0.926678,-0.0179204,-0.0614341
0.43,0.99,0.928347,-0.0185614,-0.0632844
0.44,0.99,0.92994,-0.0192037,-0.0651368
0.45,0.99,0.931454,-0.0198436,-0.0669785
0.46,0.99,0.932891,-0.0204774,-0.0687964
0.47,0.99,0.93425,-0.021101,-0.0705767
0.48,0.99,0.93553,-0.0217102,-0.0723049
0.49,0.99,0.936728,-0.0223006,-0.0739662
0.5,0.99,0.937845,-0.0228675,-0.0755446
0.51,0.99,0.938879,-0.023406,-0.0770238
0.52,0.99,0.939826,-0.023911,-0.0783864
0.53,0.99,0.940684,-0.0243772,-0.0796143
0.54,0.99,0.941452,-0.0247988,-0.0806886
0.55,0.99,0.942126,-0.0251699,-0.0815896
0.56,0.99,0.942703,-0.0254844,-0.0822964
0.57,0.99,0.943179,-0.0257358,-0.0827874
0.58,0.99,0.943551,-0.0259173,-0.0830401
0.59,0.99,0.943814,-0.0260219,-0.0830308
0.6,0.99,0.943964,-0.0260421,-0.0827349
0.61,0.99,0.943996,-0.0259702,-0.0821268
0.62,0.99,0.943906,-0.0257984,-0.0811798
0.63,0.99,0.943687,-0.0255181,-0.079866
0.64,0.99,0.943335,-0.0251207,-0.0781566
0.65,0.99,0.942841,-0.0245974,-0.0760216
0.66,0.99,0.942201,-0.0239386,-0.0734296
0.67,0.99,0.941405,-0.0231347,-0.0703482
0.68,0.99,0.940447,-0.0221757,-0.0667437
0.69,0.99,0.939317,-0.0210512,-0.0625808
0.7,0.99,0.938006,-0.0197503,-0.057823
0.71,0.99,0.936503,-0.0182619,-0.052432
0.72,0.99,0.934796,-0.0165743,-0.0463679
0.73,0.99,0.932871,-0.0146754,-0.0395885
0.74,0.99,0.930714,-0.0125527,-0.0320497
0.75,0.99,0.928307,-0.010193,-0.0237043
0.76,0.99,0.925631,-0.00758258,-0.0145024
0.77,0.99,0.922663,-0.00470696,-0.00438996
0.78,0.99,0.919376,-0.00155093,0.00669167
0.79,0.99,0.915738,0.00190167,0.0188068
0.8,0.99,0.911711,0.00566808,0.0320272
0.81,0.99,0.907249,0.00976678,0.0464337
0.82,0.99,0.902296,0.0142178,0.0621192
0.83,0.99,0.896782,0.0190428,0.0791921
0.84,0.99,0.890618,0.0242657,0.0977817
0.85,0.99,0.883694,0.0299129,0.118045
0.86,0.99,0.875863,0.0360138,0.140179
0.87,0.99,0.866938,0.0426015,0.164432
0.88,0.99,0.856667,0.0497136,0.191132
0.89,0.99,0.844712,0.0573931,0.220717
0.9,0.99,0.830609,0.0656899,0.253795
0.91,0.99,0.813714,0.0746629,0.291232
0.92,0.99,0.793115,0.0843824,0.334301
0.93,0.99,0.767498,0.0949351,0.384941
0.94,0.99,0.734945,0.106432,0.44619
0.95,0.99,0.692563,0.11901,0.522925
0.96,0.99,0.636238,0.132841,0.623802
0.97,0.99,0.558876,0.147498,0.760952
0.98,0.99,0.445191,0.159665,0.956707
0.99,0.99,0.341092,0.154476,1.37942
1,0.99,0,0,1.37942
0,1,0,0,0
0.01,1,1,0,0
0.02,1,1,0,0
0.03,1,1,0,0
0.04,1,1,0,0
0.05,1,1,0,0
0.06,1,1,0,0
0.07,1,1,0,0
0.08,1,1,0,0
0.09,1,1,0,0
0.1,1,1,0,0
0.11,1,1,0,0
0.12,1,1,0,0
0.13,1,1,0,0
0.14,1,1,0,0
0.15,1,1,0,0
0.16,1,1,0,0
0.17,1,1,0,0
0.18,1,1,0,0
0.19,1,1,0,0
0.2,1,1,0,0
0.21,1,1,0,0
0.22,1,1,0,0
0.23,1,1,0,0
0.24,1,1,0,0
0.25,1,1,0,0
0.26,1,1,0,0
0.27,1,1,0,0
0.28,1,1,0,0
0.29,1,1,0,0
0.3,1,1,0,0
0.31,1,1,0,0
0.32,1,1,0,0
0.33,1,1,0,0
0.34,1,1,0,0
0.35,1,1,0,0
0.36,1,1,0,0
0.37,1,1,0,0
0.38,1,1,0,0
0.39,1,1,0,0
0.4,1,1,0,0
0.41,1,1,0,0
0.42,1,1,0,0
0.43,1,1,0,0
0.44,1,1,0,0
0.45,1,1,0,0
0.46,1,1,0,0
0.47,1,1,0,0
0.48,1,1,0,0
0.49,1,1,0,0
0.5,1,1,0,0
0.51,1,1,0,0
0.52,1,1,0,0
0.53,1,1,0,0
0.54,1,1,0,0
0.55,1,1,0,0
0.56,1,1,0,0
0.57,1,1,0,0
0.58,1,1,0,0
0.59,1,1,0,0
0.6,1,1,0,0
0.61,1,1,0,0
0.62,1,1,0,0
0.63,1,1,0,0
0.64,1,1,0,0
0.65,1,1,0,0
0.66,1,1,0,0
0.67,1,1,0,0
0.68,1,1,0,0
0.69,1,1,0,0
0.7,1,1,0,0
0.71,1,1,0,0
0.72,1,1,0,0
0.73,1,1,0,0
0.74,1,1,0,0
0.75,1,1,0,0
0.76,1,1,0,0
0.77,1,1,0,0
0.78,1,1,0,0
0.79,1,1,0,0
0.8,1,1,0,0
0.81,1,1,0,0
0.82,1,1,0,0
0.83,1,1,0,0
0.84,1,1,0,0
0.85,1,1,0,0
0.86,1,1,0,0
0.87,1,1,0,0
0.88,1,1,0,0
0.89,1,1,0,0
0.9,1,1,0,0
0.91,1,1,0,0
0.92,1,1,0,0
0.93,1,1,0,0
0.94,1,1,0,0
0.95,1,1,0,0
0.96,1,1,0,0
0.97,1,1,0,0
0.98,1,1,0,0
0.99,1,1,0,0
1,1,0,0,0
